CustomerID,SignupDate,Plan,MonthlyPrice,ContractType,Region,AcquisitionChannel,SupportTier,TenureMonths,AvgLoginsPerMonth,SupportTickets,SatisfactionScore,Churned,ChurnDate,CustomerLifetimeValue
CUST10000,2021-06-25,Basic,9.99,Monthly,South,Email Campaign,Self-Service,1,4.5,1,6.2,1,2021-07-25,9.99
CUST10001,2024-01-05,Standard,19.99,Monthly,West,Referral,Priority Support,12,10.3,0,6.3,0,,239.88
CUST10002,2021-07-21,Standard,19.99,Monthly,Central,Organic Search,Standard Support,41,8.5,0,10.0,0,,819.59
CUST10003,2023-01-16,Premium,39.99,Monthly,West,Paid Ads,Self-Service,2,15.3,1,4.7,1,2023-03-17,79.98
CUST10004,2024-02-22,Basic,9.99,Annual,Central,Organic Search,Self-Service,10,13.6,1,4.9,0,,109.89
CUST10005,2022-09-29,Standard,19.99,Monthly,Central,Organic Search,Standard Support,27,17.4,1,10.0,0,,539.73
CUST10006,2024-12-08,Basic,9.99,Annual,South,Paid Ads,Self-Service,1,4.5,1,5.2,0,,10.99
CUST10007,2021-07-10,Standard,19.99,Annual,East,Paid Ads,Priority Support,42,5.3,1,6.9,0,,923.54
CUST10008,2022-02-26,Standard,19.99,Monthly,North,Referral,Self-Service,16,8.8,4,8.4,1,2023-06-21,319.84
CUST10009,2024-09-01,Basic,9.99,Annual,East,Organic Search,Standard Support,4,0.0,0,7.8,0,,43.96
CUST10010,2023-05-24,Standard,19.99,Monthly,Central,Organic Search,Standard Support,19,16.9,1,6.8,0,,379.81
CUST10011,2022-09-05,Standard,19.99,Annual,South,Paid Ads,Standard Support,28,12.3,3,6.5,0,,615.69
CUST10012,2023-07-07,Basic,9.99,Annual,South,Organic Search,Standard Support,18,5.2,0,6.7,0,,197.8
CUST10013,2022-11-22,Premium,39.99,Monthly,North,Organic Search,Self-Service,25,14.6,1,5.7,0,,999.75
CUST10014,2022-08-31,Standard,19.99,Monthly,East,Organic Search,Standard Support,28,12.8,1,10.0,0,,559.72
CUST10015,2021-02-14,Basic,9.99,Monthly,East,Organic Search,Priority Support,47,0.2,0,9.1,0,,469.53
CUST10016,2024-03-27,Standard,19.99,Annual,South,Organic Search,Self-Service,9,8.9,0,7.9,0,,197.9
CUST10017,2024-05-15,Premium,39.99,Annual,West,Referral,Self-Service,7,12.4,1,5.3,0,,307.92
CUST10018,2021-09-25,Basic,9.99,Annual,North,Referral,Standard Support,39,9.0,0,6.5,0,,428.57
CUST10019,2023-06-04,Basic,9.99,Monthly,East,Email Campaign,Standard Support,19,10.9,0,7.9,0,,189.81
CUST10020,2023-01-01,Standard,19.99,Annual,East,Paid Ads,Self-Service,24,2.4,0,7.5,0,,527.74
CUST10021,2024-03-30,Basic,9.99,Monthly,Central,Organic Search,Standard Support,9,12.3,0,8.8,0,,89.91
CUST10022,2022-03-01,Standard,19.99,Monthly,East,Organic Search,Self-Service,34,13.1,1,6.9,0,,679.66
CUST10023,2023-08-18,Standard,19.99,Annual,West,Organic Search,Self-Service,16,14.7,3,7.0,0,,351.82
CUST10024,2024-10-24,Standard,19.99,Monthly,Central,Paid Ads,Priority Support,2,9.5,0,6.7,0,,39.98
CUST10025,2024-01-17,Basic,9.99,Monthly,West,Email Campaign,Self-Service,11,12.5,1,6.0,0,,109.89
CUST10026,2021-05-25,Standard,19.99,Monthly,North,Paid Ads,Self-Service,43,9.3,2,7.2,0,,859.57
CUST10027,2023-10-12,Standard,19.99,Monthly,North,Social Media,Self-Service,7,12.0,5,6.0,1,2024-05-09,139.93
CUST10028,2024-07-06,Premium,39.99,Monthly,South,Social Media,Self-Service,5,19.2,2,7.4,0,,199.95
CUST10029,2022-07-09,Basic,9.99,Monthly,East,Organic Search,Self-Service,26,4.3,1,8.6,1,2024-08-27,259.74
CUST10030,2023-02-01,Standard,19.99,Annual,Central,Paid Ads,Standard Support,23,17.4,0,7.5,0,,505.75
CUST10031,2023-07-16,Standard,19.99,Monthly,North,Paid Ads,Self-Service,17,13.8,0,5.5,0,,339.83
CUST10032,2021-08-24,Basic,9.99,Annual,South,Referral,Priority Support,40,5.8,0,5.4,0,,439.56
CUST10033,2024-10-09,Premium,39.99,Monthly,Central,Email Campaign,Priority Support,2,17.2,0,6.8,0,,79.98
CUST10034,2023-03-31,Standard,19.99,Annual,South,Paid Ads,Self-Service,12,8.0,3,6.2,1,2024-03-25,263.87
CUST10035,2021-10-23,Basic,9.99,Monthly,West,Paid Ads,Self-Service,38,6.2,0,7.1,0,,379.62
CUST10036,2021-11-30,Premium,39.99,Monthly,North,Paid Ads,Priority Support,37,15.0,1,7.9,0,,1479.63
CUST10037,2023-06-16,Basic,9.99,Monthly,South,Social Media,Standard Support,18,0.1,0,6.5,0,,179.82
CUST10038,2023-02-07,Basic,9.99,Monthly,West,Social Media,Self-Service,23,7.7,3,7.0,0,,229.77
CUST10039,2023-01-04,Standard,19.99,Monthly,East,Email Campaign,Priority Support,24,6.5,0,7.2,0,,479.76
CUST10040,2024-02-19,Basic,9.99,Annual,South,Email Campaign,Standard Support,10,2.5,1,7.1,0,,109.89
CUST10041,2022-12-24,Standard,19.99,Monthly,East,Referral,Priority Support,22,12.0,0,9.4,1,2024-10-14,439.78
CUST10042,2022-08-25,Basic,9.99,Monthly,East,Email Campaign,Self-Service,28,7.8,2,7.4,0,,279.72
CUST10043,2023-01-23,Basic,9.99,Monthly,South,Email Campaign,Self-Service,23,6.9,1,6.4,0,,229.77
CUST10044,2023-05-16,Standard,19.99,Monthly,North,Referral,Standard Support,19,11.8,0,7.6,0,,379.81
CUST10045,2023-02-01,Basic,9.99,Annual,West,Social Media,Self-Service,23,11.0,2,9.8,0,,252.75
CUST10046,2023-10-29,Standard,19.99,Monthly,Central,Paid Ads,Self-Service,7,14.5,1,5.1,1,2024-05-26,139.93
CUST10047,2024-09-24,Standard,19.99,Monthly,Central,Organic Search,Standard Support,3,8.8,0,9.0,0,,59.97
CUST10048,2023-05-31,Standard,19.99,Monthly,West,Email Campaign,Standard Support,2,10.4,2,7.1,1,2023-07-30,39.98
CUST10049,2021-06-13,Premium,39.99,Annual,Central,Organic Search,Self-Service,43,13.9,0,5.4,0,,1891.53
CUST10050,2023-12-05,Basic,9.99,Annual,East,Organic Search,Self-Service,13,9.5,1,7.9,0,,142.86
CUST10051,2024-07-03,Standard,19.99,Monthly,North,Social Media,Self-Service,6,12.1,1,7.0,1,2024-12-30,119.94
CUST10052,2021-03-22,Basic,9.99,Monthly,East,Organic Search,Standard Support,46,2.5,0,4.8,0,,459.54
CUST10053,2021-04-13,Basic,9.99,Annual,North,Social Media,Priority Support,45,0.0,1,10.0,0,,494.51
CUST10054,2021-04-16,Standard,19.99,Monthly,North,Referral,Standard Support,45,11.0,2,7.7,0,,899.55
CUST10055,2022-07-03,Standard,19.99,Monthly,West,Paid Ads,Self-Service,15,9.3,0,7.9,1,2023-09-26,299.85
CUST10056,2021-11-19,Standard,19.99,Monthly,South,Social Media,Self-Service,37,8.6,2,6.8,0,,739.63
CUST10057,2024-09-08,Basic,9.99,Monthly,East,Social Media,Self-Service,1,0.0,2,7.9,1,2024-10-08,9.99
CUST10058,2022-01-15,Premium,39.99,Monthly,South,Paid Ads,Standard Support,36,13.9,2,9.4,0,,1439.64
CUST10059,2022-08-23,Standard,19.99,Monthly,North,Organic Search,Standard Support,28,9.2,1,10.0,0,,559.72
CUST10060,2021-11-02,Basic,9.99,Monthly,South,Paid Ads,Standard Support,28,0.0,1,7.0,1,2024-02-20,279.72
CUST10061,2023-10-25,Premium,39.99,Monthly,East,Social Media,Self-Service,9,18.9,2,6.9,1,2024-07-21,359.91
CUST10062,2021-08-10,Standard,19.99,Monthly,East,Organic Search,Self-Service,41,9.0,2,10.0,0,,819.59
CUST10063,2024-10-11,Standard,19.99,Monthly,North,Social Media,Self-Service,1,9.4,2,6.8,1,2024-11-10,19.99
CUST10064,2021-01-31,Premium,39.99,Annual,West,Paid Ads,Self-Service,47,11.4,2,,0,,2067.48
CUST10065,2021-09-14,Basic,9.99,Monthly,East,Paid Ads,Standard Support,40,9.5,1,8.9,0,,399.6
CUST10066,2024-08-22,Standard,19.99,Annual,North,Paid Ads,Self-Service,4,8.1,2,5.6,0,,87.96
CUST10067,2024-07-28,Basic,9.99,Annual,East,Referral,Self-Service,4,1.8,2,7.0,1,2024-11-25,43.96
CUST10068,2021-06-05,Basic,9.99,Monthly,East,Email Campaign,Self-Service,9,9.9,2,4.3,1,2022-03-02,89.91
CUST10069,2022-12-08,Basic,9.99,Monthly,North,Organic Search,Self-Service,25,8.5,1,4.8,0,,249.75
CUST10070,2021-07-01,Standard,19.99,Monthly,West,Social Media,Standard Support,32,4.4,0,6.4,1,2024-02-16,639.68
CUST10071,2023-04-09,Standard,19.99,Annual,Central,Email Campaign,Self-Service,21,8.1,2,6.6,0,,461.77
CUST10072,2022-09-10,Standard,19.99,Monthly,South,Email Campaign,Priority Support,28,8.5,1,9.2,0,,559.72
CUST10073,2021-06-16,Basic,9.99,Monthly,West,Social Media,Self-Service,43,8.0,2,4.0,0,,429.57
CUST10074,2021-09-19,Basic,9.99,Monthly,North,Paid Ads,Priority Support,7,1.8,0,10.0,1,2022-04-17,69.93
CUST10075,2023-02-04,Basic,9.99,Monthly,Central,Social Media,Self-Service,23,5.5,0,8.0,0,,229.77
CUST10076,2021-05-01,Basic,9.99,Monthly,West,Organic Search,Self-Service,44,9.4,1,7.5,0,,439.56
CUST10077,2021-09-10,Basic,9.99,Monthly,Central,Email Campaign,Self-Service,16,7.8,1,5.0,1,2023-01-03,159.84
CUST10078,2023-05-11,Basic,9.99,Annual,West,Organic Search,Standard Support,20,6.2,0,6.2,0,,219.78
CUST10079,2024-05-11,Basic,9.99,Monthly,West,Referral,Standard Support,6,9.4,0,7.0,1,2024-11-07,59.94
CUST10080,2022-05-05,Premium,39.99,Monthly,East,Organic Search,Self-Service,32,17.0,1,4.6,0,,1279.68
CUST10081,2021-06-09,Premium,39.99,Annual,North,Paid Ads,Self-Service,43,19.8,0,7.3,0,,1891.53
CUST10082,2021-08-05,Standard,19.99,Monthly,South,Organic Search,Self-Service,5,6.4,3,10.0,1,2022-01-02,99.95
CUST10083,2021-01-28,Basic,9.99,Monthly,East,Email Campaign,Self-Service,47,0.0,4,6.8,0,,469.53
CUST10084,2021-10-16,Premium,39.99,Monthly,West,Paid Ads,Standard Support,39,18.8,1,10.0,0,,1559.61
CUST10085,2023-12-26,Basic,9.99,Monthly,East,Email Campaign,Self-Service,12,4.0,3,6.9,0,,119.88
CUST10086,2021-03-15,Premium,39.99,Monthly,Central,Referral,Priority Support,46,26.4,0,6.9,0,,1839.54
CUST10087,2022-06-06,Basic,9.99,Annual,Central,Organic Search,Self-Service,31,3.7,1,7.2,0,,340.66
CUST10088,2021-04-09,Standard,19.99,Monthly,Central,Social Media,Self-Service,29,11.0,1,8.4,1,2023-08-27,579.71
CUST10089,2021-03-20,Basic,9.99,Monthly,South,Referral,Self-Service,43,2.8,2,5.8,1,2024-09-30,429.57
CUST10090,2023-03-30,Standard,19.99,Monthly,South,Email Campaign,Self-Service,7,16.1,4,8.1,1,2023-10-26,139.93
CUST10091,2021-10-09,Premium,39.99,Monthly,North,Organic Search,Standard Support,39,14.6,0,6.6,0,,1559.61
CUST10092,2021-07-22,Standard,19.99,Annual,North,Organic Search,Self-Service,41,12.9,2,6.9,0,,901.55
CUST10093,2021-12-27,Basic,9.99,Monthly,East,Organic Search,Self-Service,36,10.7,0,7.1,0,,359.64
CUST10094,2022-10-13,Basic,9.99,Monthly,South,Organic Search,Self-Service,27,4.4,0,4.4,0,,269.73
CUST10095,2022-05-21,Standard,19.99,Monthly,South,Organic Search,Self-Service,31,13.9,3,6.7,0,,619.69
CUST10096,2021-04-27,Basic,9.99,Annual,East,Social Media,Standard Support,44,5.3,0,7.1,0,,483.52
CUST10097,2024-08-15,Basic,9.99,Monthly,North,Referral,Self-Service,4,10.3,3,5.5,1,2024-12-13,39.96
CUST10098,2024-12-20,Standard,19.99,Monthly,East,Organic Search,Priority Support,1,12.2,0,6.8,0,,19.99
CUST10099,2023-02-05,Premium,39.99,Annual,North,Organic Search,Self-Service,21,12.6,2,7.8,1,2024-10-27,923.77
CUST10100,2024-12-25,Basic,9.99,Monthly,North,Referral,Priority Support,1,3.1,0,7.3,1,2024-12-31,9.99
CUST10101,2021-08-19,Basic,9.99,Monthly,West,Organic Search,Self-Service,41,6.5,2,8.5,0,,409.59
CUST10102,2021-08-20,Premium,39.99,Monthly,East,Referral,Standard Support,40,19.0,1,10.0,0,,1599.6
CUST10103,2024-09-23,Standard,19.99,Monthly,West,Social Media,Standard Support,3,14.8,1,5.1,0,,59.97
CUST10104,2021-12-20,Basic,9.99,Monthly,South,Paid Ads,Self-Service,11,1.0,1,5.3,1,2022-11-15,109.89
CUST10105,2023-08-05,Basic,9.99,Monthly,East,Paid Ads,Priority Support,17,9.1,0,9.0,0,,169.83
CUST10106,2023-11-22,Standard,19.99,Monthly,South,Paid Ads,Priority Support,13,17.1,1,6.6,0,,259.87
CUST10107,2023-05-10,Basic,9.99,Monthly,North,Social Media,Self-Service,20,5.7,1,4.6,0,,199.8
CUST10108,2021-04-18,Standard,19.99,Monthly,North,Social Media,Priority Support,45,8.8,0,6.0,0,,899.55
CUST10109,2024-08-07,Basic,9.99,Monthly,North,Organic Search,Standard Support,4,5.4,0,7.2,0,,39.96
CUST10110,2022-03-16,Basic,9.99,Monthly,Central,Referral,Standard Support,34,9.1,3,10.0,0,,339.66
CUST10111,2024-03-19,Basic,9.99,Monthly,East,Social Media,Self-Service,7,9.2,2,5.5,1,2024-10-15,69.93
CUST10112,2021-05-04,Premium,39.99,Monthly,South,Referral,Self-Service,44,17.6,1,5.3,0,,1759.56
CUST10113,2024-04-11,Standard,19.99,Monthly,West,Email Campaign,Priority Support,8,16.0,0,7.4,0,,159.92
CUST10114,2023-10-25,Basic,9.99,Monthly,South,Organic Search,Self-Service,14,0.9,2,7.3,0,,139.86
CUST10115,2023-07-16,Standard,19.99,Monthly,Central,Social Media,Self-Service,13,10.9,1,5.3,1,2024-08-09,259.87
CUST10116,2023-06-20,Premium,39.99,Annual,North,Referral,Self-Service,18,18.0,5,5.2,0,,791.8
CUST10117,2022-03-24,Basic,9.99,Annual,South,Email Campaign,Standard Support,26,5.6,1,7.6,1,2024-05-12,285.71
CUST10118,2022-08-03,Standard,19.99,Monthly,West,Organic Search,Self-Service,29,8.0,1,3.6,0,,579.71
CUST10119,2023-04-16,Standard,19.99,Monthly,East,Organic Search,Self-Service,20,13.0,2,8.3,0,,399.8
CUST10120,2022-11-03,Standard,19.99,Annual,North,Referral,Priority Support,26,11.4,0,7.8,0,,571.71
CUST10121,2023-04-09,Basic,9.99,Annual,East,Paid Ads,Standard Support,21,2.2,3,6.8,0,,230.77
CUST10122,2022-11-29,Basic,9.99,Annual,North,Organic Search,Standard Support,25,8.0,0,8.3,0,,274.73
CUST10123,2024-08-20,Basic,9.99,Monthly,South,Paid Ads,Standard Support,4,6.6,1,4.6,0,,39.96
CUST10124,2022-07-28,Premium,39.99,Monthly,South,Organic Search,Standard Support,29,25.7,2,7.0,0,,1159.71
CUST10125,2023-11-11,Basic,9.99,Annual,Central,Organic Search,Self-Service,13,5.8,0,5.6,0,,142.86
CUST10126,2024-09-01,Standard,19.99,Monthly,North,Organic Search,Priority Support,4,11.0,1,7.1,0,,79.96
CUST10127,2024-03-23,Standard,19.99,Monthly,Central,Social Media,Self-Service,9,13.3,2,5.9,0,,179.91
CUST10128,2022-08-29,Basic,9.99,Monthly,North,Social Media,Priority Support,28,1.1,0,5.0,0,,279.72
CUST10129,2023-09-10,Basic,9.99,Annual,South,Referral,Self-Service,15,7.8,0,6.7,0,,164.84
CUST10130,2022-05-22,Basic,9.99,Monthly,Central,Organic Search,Priority Support,31,9.0,0,6.8,0,,309.69
CUST10131,2021-11-18,Standard,19.99,Monthly,Central,Paid Ads,Self-Service,37,9.6,2,6.3,0,,739.63
CUST10132,2022-01-27,Standard,19.99,Annual,South,Paid Ads,Self-Service,35,15.2,2,8.7,0,,769.62
CUST10133,2024-08-14,Basic,9.99,Monthly,East,Social Media,Self-Service,4,4.9,0,7.0,0,,39.96
CUST10134,2021-03-26,Basic,9.99,Monthly,East,Social Media,Self-Service,15,10.6,0,3.1,1,2022-06-19,149.85
CUST10135,2021-11-14,Basic,9.99,Monthly,South,Email Campaign,Priority Support,38,10.0,0,7.6,0,,379.62
CUST10136,2023-05-15,Premium,39.99,Annual,West,Organic Search,Self-Service,19,8.4,1,7.9,0,,835.79
CUST10137,2023-02-02,Basic,9.99,Monthly,North,Organic Search,Self-Service,23,9.4,0,5.5,0,,229.77
CUST10138,2024-11-05,Standard,19.99,Monthly,North,Social Media,Self-Service,1,11.1,1,6.4,1,2024-12-05,19.99
CUST10139,2022-10-04,Standard,19.99,Monthly,North,Paid Ads,Self-Service,27,8.5,2,7.3,0,,539.73
CUST10140,2024-11-17,Premium,39.99,Monthly,Central,Organic Search,Priority Support,1,17.3,0,3.8,0,,39.99
CUST10141,2021-05-28,Standard,19.99,Annual,East,Organic Search,Standard Support,43,11.1,0,8.2,0,,945.53
CUST10142,2024-02-27,Standard,19.99,Annual,West,Social Media,Standard Support,10,12.1,1,8.2,0,,219.89
CUST10143,2023-12-10,Premium,39.99,Monthly,West,Paid Ads,Standard Support,12,20.3,0,7.2,0,,479.88
CUST10144,2022-12-25,Standard,19.99,Annual,West,Paid Ads,Priority Support,24,8.7,0,6.7,0,,527.74
CUST10145,2023-01-23,Basic,9.99,Annual,North,Email Campaign,Self-Service,23,5.3,3,9.6,0,,252.75
CUST10146,2021-08-07,Basic,9.99,Monthly,South,Email Campaign,Standard Support,41,3.5,2,6.2,0,,409.59
CUST10147,2023-04-02,Basic,9.99,Annual,South,Paid Ads,Standard Support,21,9.2,1,6.0,0,,230.77
CUST10148,2023-11-14,Basic,9.99,Monthly,SOUTH,Paid Ads,Standard Support,13,8.0,1,7.8,0,,129.87
CUST10149,2022-11-17,Standard,19.99,Annual,Central,Email Campaign,Standard Support,25,7.3,0,6.9,0,,549.73
CUST10150,2022-03-11,Standard,19.99,Monthly,East,Organic Search,Standard Support,4,7.3,0,5.7,1,2022-07-09,79.96
CUST10151,2024-12-23,Basic,9.99,Annual,South,Paid Ads,Priority Support,1,8.4,1,9.8,0,,10.99
CUST10152,2023-12-21,Standard,19.99,Monthly,South,Organic Search,Self-Service,4,14.4,1,7.4,1,2024-04-19,79.96
CUST10153,2021-03-30,Standard,19.99,Monthly,NORTH,Email Campaign,Standard Support,45,10.9,0,6.9,0,,899.55
CUST10154,2023-08-02,Premium,39.99,Monthly,North,Paid Ads,Self-Service,17,18.6,3,7.5,0,,679.83
CUST10155,2022-04-15,Basic,9.99,Monthly,North,Paid Ads,Standard Support,33,3.0,0,8.9,0,,329.67
CUST10156,2024-12-14,Basic,9.99,Annual,North,Email Campaign,Self-Service,1,11.5,0,3.4,0,,10.99
CUST10157,2022-09-18,Premium,39.99,Monthly,East,Paid Ads,Priority Support,27,8.4,0,9.2,0,,1079.73
CUST10158,2023-10-19,Standard,19.99,Annual,East,Paid Ads,Self-Service,14,13.7,2,5.4,0,,307.85
CUST10159,2023-07-19,Standard,19.99,Monthly,West,Organic Search,Self-Service,17,6.7,0,6.9,0,,339.83
CUST10160,2021-07-31,Premium,39.99,Monthly,West,Organic Search,Priority Support,41,15.9,1,9.8,0,,1639.59
CUST10161,2023-02-20,Standard,19.99,Annual,NORTH,Email Campaign,Priority Support,22,16.4,1,7.9,0,,483.76
CUST10162,2024-10-19,Standard,19.99,Monthly,East,Organic Search,Standard Support,2,9.8,0,9.3,0,,39.98
CUST10163,2024-04-29,Basic,9.99,Monthly,North,Email Campaign,Self-Service,8,5.4,1,10.0,0,,79.92
CUST10164,2024-06-12,Standard,19.99,Annual,South,Organic Search,Standard Support,6,8.4,0,6.1,0,,131.93
CUST10165,2022-06-21,Standard,19.99,Monthly,Central,Paid Ads,Self-Service,30,8.0,0,7.7,0,,599.7
CUST10166,2024-06-08,Standard,19.99,Annual,Central,Organic Search,Standard Support,6,7.8,0,7.2,0,,131.93
CUST10167,2024-07-03,Basic,9.99,Monthly,West,Referral,Self-Service,2,8.3,2,6.8,1,2024-09-01,19.98
CUST10168,2021-06-02,Basic,9.99,Monthly,East,Paid Ads,Self-Service,22,11.4,1,5.7,1,2023-03-24,219.78
CUST10169,2021-03-08,Basic,9.99,Monthly,West,Referral,Standard Support,46,12.5,0,7.7,0,,459.54
CUST10170,2021-12-09,Standard,19.99,Monthly,South,Social Media,Self-Service,19,12.2,2,6.2,1,2023-07-02,379.81
CUST10171,2023-05-23,Premium,39.99,Monthly,East,Organic Search,Self-Service,14,21.2,2,4.3,1,2024-07-16,559.86
CUST10172,2023-08-31,Basic,9.99,Annual,East,Social Media,Standard Support,16,7.3,0,6.0,0,,175.82
CUST10173,2021-11-24,Basic,9.99,Monthly,West,Organic Search,Self-Service,37,0.4,0,7.4,0,,369.63
CUST10174,2022-09-24,Basic,9.99,Monthly,Central,Social Media,Priority Support,27,0.0,0,8.1,0,,269.73
CUST10175,2021-09-07,Standard,19.99,Annual,East,Paid Ads,Self-Service,40,3.9,1,7.5,0,,879.56
CUST10176,2024-09-09,Standard,19.99,Monthly,North,Paid Ads,Self-Service,3,8.9,1,7.8,1,2024-12-08,59.97
CUST10177,2024-01-08,Basic,9.99,Annual,South,Referral,Priority Support,11,5.7,0,10.0,0,,120.88
CUST10178,2022-05-04,Basic,9.99,Annual,West,Organic Search,Self-Service,19,2.1,1,9.4,1,2023-11-25,208.79
CUST10179,2023-10-21,Basic,9.99,Monthly,Central,Social Media,Standard Support,14,7.1,1,4.6,0,,139.86
CUST10180,2024-07-28,Standard,19.99,Monthly,South,Social Media,Self-Service,5,3.9,2,7.0,0,,99.95
CUST10181,2021-05-09,Premium,39.99,Monthly,North,Paid Ads,Standard Support,44,16.8,2,8.0,0,,1759.56
CUST10182,2021-03-21,Standard,19.99,Monthly,West,Referral,Standard Support,33,5.0,0,7.3,1,2023-12-06,659.67
CUST10183,2024-11-22,Basic,9.99,Monthly,West,Paid Ads,Self-Service,1,2.7,2,5.4,1,2024-12-22,9.99
CUST10184,2021-02-25,Standard,19.99,Monthly,West,Organic Search,Self-Service,18,6.5,3,5.7,1,2022-08-19,359.82
CUST10185,2021-05-16,Standard,19.99,Monthly,Central,Social Media,Self-Service,44,17.1,0,6.4,0,,879.56
CUST10186,2022-06-07,Standard,19.99,Monthly,Central,Social Media,Self-Service,31,9.7,1,5.8,0,,619.69
CUST10187,2023-04-10,Premium,39.99,Monthly,Central,Referral,Self-Service,21,23.0,3,5.3,0,,839.79
CUST10188,2023-12-04,Standard,19.99,Annual,Central,Social Media,Self-Service,13,15.4,1,6.2,0,,285.86
CUST10189,2022-02-01,Premium,39.99,Monthly,West,Social Media,Standard Support,35,18.7,1,8.3,0,,1399.65
CUST10190,2022-02-16,Basic,9.99,Monthly,East,Paid Ads,Self-Service,14,10.1,2,6.2,1,2023-04-12,139.86
CUST10191,2024-03-03,Basic,9.99,Monthly,Central,Referral,Self-Service,10,8.6,2,5.4,0,,99.9
CUST10192,2024-04-29,Standard,19.99,Monthly,North,Email Campaign,Self-Service,1,7.6,1,8.0,1,2024-05-29,19.99
CUST10193,2022-11-23,Basic,9.99,Monthly,North,Paid Ads,Priority Support,25,0.8,1,9.4,0,,249.75
CUST10194,2023-05-13,Basic,9.99,Monthly,West,Social Media,Standard Support,11,2.8,1,6.6,1,2024-04-07,109.89
CUST10195,2022-09-05,Standard,19.99,Monthly,South,Organic Search,Priority Support,28,12.1,1,9.6,0,,559.72
CUST10196,2023-02-17,Standard,19.99,Monthly,North,Paid Ads,Standard Support,9,13.2,0,8.3,1,2023-11-14,179.91
CUST10197,2022-11-07,Standard,19.99,Monthly,Central,Referral,Priority Support,26,8.7,0,6.6,0,,519.74
CUST10198,2022-04-23,Premium,39.99,Monthly,North,Organic Search,Self-Service,32,15.1,0,6.1,0,,1279.68
CUST10199,2021-08-13,Basic,9.99,Monthly,West,Email Campaign,Self-Service,41,9.1,2,5.9,0,,409.59
CUST10200,2022-05-05,Basic,9.99,Annual,East,Organic Search,Self-Service,32,7.3,2,7.5,0,,351.65
CUST10201,2023-04-07,Premium,39.99,Monthly,East,Social Media,Standard Support,1,17.8,1,6.5,1,2023-05-07,39.99
CUST10202,2022-05-28,Basic,9.99,Monthly,Central,Organic Search,Self-Service,31,4.8,2,8.0,0,,309.69
CUST10203,2022-09-29,Basic,9.99,Monthly,South,Paid Ads,Self-Service,16,6.0,5,4.1,1,2024-01-22,159.84
CUST10204,2023-04-03,Standard,19.99,Monthly,West,Organic Search,Standard Support,21,9.2,3,9.9,0,,419.79
CUST10205,2024-12-24,Standard,19.99,Monthly,West,Organic Search,Standard Support,1,16.3,0,10.0,1,2024-12-31,19.99
CUST10206,2021-08-16,Basic,9.99,Monthly,West,Organic Search,Standard Support,41,14.7,0,7.4,0,,409.59
CUST10207,2021-08-23,Standard,19.99,Monthly,West,Organic Search,Standard Support,40,14.0,1,6.6,0,,799.6
CUST10208,2021-07-01,Basic,9.99,Monthly,North,Paid Ads,Self-Service,42,10.6,1,6.6,0,,419.58
CUST10209,2023-06-23,Standard,19.99,Monthly,East,Social Media,Standard Support,18,3.8,0,8.1,0,,359.82
CUST10210,2022-06-24,Standard,19.99,Monthly,Central,Paid Ads,Priority Support,30,6.9,0,6.3,0,,599.7
CUST10211,2023-05-28,Basic,9.99,Monthly,Central,Referral,Self-Service,19,1.8,2,6.3,0,,189.81
CUST10212,2022-03-07,Basic,9.99,Monthly,East,Organic Search,Self-Service,34,2.0,3,5.9,0,,339.66
CUST10213,2022-09-27,Standard,19.99,Monthly,North,Organic Search,Self-Service,27,6.0,1,7.3,0,,539.73
CUST10214,2023-12-08,Basic,9.99,Monthly,East,Paid Ads,Self-Service,12,9.7,1,3.8,1,2024-12-02,119.88
CUST10215,2024-12-29,Premium,39.99,Monthly,North,Social Media,Self-Service,1,21.8,2,5.9,0,,39.99
CUST10216,2021-11-27,Premium,39.99,Monthly,North,Paid Ads,Self-Service,37,19.7,2,7.4,0,,1479.63
CUST10217,2021-01-13,Standard,19.99,Monthly,West,Social Media,Self-Service,48,0.0,3,6.7,0,,959.52
CUST10218,2021-04-08,Premium,39.99,Annual,East,Paid Ads,Self-Service,1,16.6,1,8.7,1,2021-05-08,43.99
CUST10219,2022-08-11,Standard,19.99,Annual,South,Social Media,Priority Support,29,12.2,0,9.5,0,,637.68
CUST10220,2024-09-08,Basic,9.99,Monthly,South,Paid Ads,Self-Service,3,2.6,2,5.7,0,,29.97
CUST10221,2022-04-25,Standard,19.99,Monthly,Central,Social Media,Self-Service,32,7.2,0,5.8,0,,639.68
CUST10222,2024-12-19,Basic,9.99,Annual,West,Email Campaign,Self-Service,1,7.4,0,8.1,0,,10.99
CUST10223,2024-06-20,Basic,9.99,Monthly,Central,Referral,Self-Service,6,3.2,1,5.6,0,,59.94
CUST10224,2023-05-21,Basic,9.99,Monthly,West,Social Media,Self-Service,19,7.5,2,7.1,0,,189.81
CUST10225,2024-05-24,Premium,39.99,Monthly,West,Referral,Standard Support,7,15.4,2,8.0,0,,279.93
CUST10226,2024-04-20,Standard,19.99,Monthly,West,Social Media,Standard Support,8,10.1,0,4.5,0,,159.92
CUST10227,2024-05-24,Basic,9.99,Annual,North,Referral,Self-Service,7,5.6,0,7.4,0,,76.92
CUST10228,2023-01-05,Premium,39.99,Annual,West,Paid Ads,Self-Service,24,20.1,2,8.4,0,,1055.74
CUST10229,2021-12-04,Standard,19.99,Annual,South,Referral,Standard Support,37,5.3,0,8.3,0,,813.59
CUST10230,2024-10-30,Standard,19.99,Monthly,West,Referral,Standard Support,2,9.5,3,6.6,0,,39.98
CUST10231,2021-04-09,Standard,19.99,Annual,North,Organic Search,Self-Service,45,8.3,0,6.3,0,,989.5
CUST10232,2023-02-09,Basic,9.99,Monthly,West,Referral,Self-Service,23,5.0,0,7.7,0,,229.77
CUST10233,2021-02-25,Standard,19.99,Annual,West,Paid Ads,Standard Support,46,11.1,2,5.5,0,,1011.49
CUST10234,2023-01-21,Basic,9.99,Monthly,South,Referral,Self-Service,5,9.1,3,6.5,1,2023-06-20,49.95
CUST10235,2022-03-28,Basic,9.99,Monthly,North,Paid Ads,Self-Service,21,10.3,3,7.4,1,2023-12-18,209.79
CUST10236,2023-09-28,Premium,39.99,Monthly,East,Email Campaign,Self-Service,15,19.9,0,6.4,0,,599.85
CUST10237,2023-06-11,Standard,19.99,Monthly,Central,Organic Search,Priority Support,18,11.0,0,5.9,0,,359.82
CUST10238,2022-11-14,Premium,39.99,Annual,Central,Paid Ads,Standard Support,21,12.0,0,9.6,1,2024-08-05,923.77
CUST10239,2022-01-31,Basic,9.99,Monthly,West,Paid Ads,Priority Support,35,0.2,1,7.3,0,,349.65
CUST10240,2021-06-23,Basic,9.99,Monthly,Central,Paid Ads,Standard Support,42,0.8,1,7.0,0,,419.58
CUST10241,2023-09-21,Basic,9.99,Annual,West,Paid Ads,Self-Service,15,8.6,0,7.0,0,,164.84
CUST10242,2022-01-30,Standard,19.99,Annual,South,Referral,Standard Support,1,16.7,2,6.2,1,2022-03-01,21.99
CUST10243,2023-02-25,Basic,9.99,Annual,South,Paid Ads,Priority Support,22,5.0,0,7.1,0,,241.76
CUST10244,2024-02-20,Standard,19.99,Monthly,South,Referral,Priority Support,10,9.2,2,8.9,0,,199.9
CUST10245,2023-06-29,Standard,19.99,Monthly,West,Paid Ads,Standard Support,15,17.0,1,6.8,1,2024-09-21,299.85
CUST10246,2021-01-04,Basic,9.99,Annual,Central,Social Media,Standard Support,48,2.9,0,5.5,0,,527.47
CUST10247,2022-07-15,Premium,39.99,Annual,West,Email Campaign,Self-Service,30,17.5,2,8.2,0,,1319.67
CUST10248,2022-07-30,Premium,39.99,Annual,East,Social Media,Standard Support,29,22.8,0,6.6,0,,1275.68
CUST10249,2024-12-23,Basic,9.99,Annual,North,Paid Ads,Self-Service,1,4.6,1,4.6,0,,10.99
CUST10250,2022-08-08,Basic,9.99,Monthly,North,Social Media,Self-Service,16,7.9,4,6.0,1,2023-12-01,159.84
CUST10251,2023-05-31,Standard,19.99,Annual,East,Social Media,Self-Service,14,6.1,1,6.2,1,2024-07-24,307.85
CUST10252,2024-06-25,Standard,19.99,Annual,North,Organic Search,Self-Service,6,11.8,3,8.2,0,,131.93
CUST10253,2021-06-28,Standard,19.99,Monthly,Central,Paid Ads,Self-Service,42,15.3,1,7.0,0,,839.58
CUST10254,2021-09-14,Standard,19.99,Annual,Central,Paid Ads,Self-Service,11,8.5,3,4.0,1,2022-08-10,241.88
CUST10255,2023-01-04,Standard,19.99,Monthly,Central,Referral,Standard Support,24,8.2,1,7.1,0,,479.76
CUST10256,2022-08-08,Standard,19.99,Monthly,West,Email Campaign,Self-Service,29,14.3,6,8.7,0,,579.71
CUST10257,2024-11-18,Standard,19.99,Monthly,West,Referral,Self-Service,1,3.6,0,6.5,1,2024-12-18,19.99
CUST10258,2024-02-20,Standard,19.99,Monthly,West,Email Campaign,Standard Support,10,12.6,0,8.6,0,,199.9
CUST10259,2023-03-23,Premium,39.99,Monthly,West,Organic Search,Self-Service,21,17.8,0,8.0,0,,839.79
CUST10260,2021-02-17,Basic,9.99,Monthly,North,Organic Search,Standard Support,20,6.4,1,9.8,1,2022-10-10,199.8
CUST10261,2024-12-10,Standard,19.99,Monthly,South,Social Media,Self-Service,1,13.3,1,6.0,0,,19.99
CUST10262,2024-06-04,Basic,9.99,Monthly,Central,Social Media,Self-Service,7,11.4,2,5.1,0,,69.93
CUST10263,2022-09-22,Standard,19.99,Monthly,South,Email Campaign,Standard Support,27,11.9,1,6.4,0,,539.73
CUST10264,2021-11-14,Basic,9.99,Annual,East,Social Media,Self-Service,38,14.5,2,7.2,0,,417.58
CUST10265,2023-02-15,Basic,9.99,Annual,West,Social Media,Standard Support,22,7.9,1,6.1,0,,241.76
CUST10266,2023-03-21,Premium,39.99,Monthly,North,Email Campaign,Priority Support,21,18.8,0,9.7,0,,839.79
CUST10267,2024-09-26,Basic,9.99,Annual,North,Organic Search,Standard Support,2,3.7,0,8.8,1,2024-11-25,21.98
CUST10268,2021-06-17,Standard,19.99,Monthly,East,Paid Ads,Self-Service,32,9.6,2,5.5,1,2024-02-02,639.68
CUST10269,2022-03-31,Standard,19.99,Monthly,West,Organic Search,Standard Support,23,13.4,0,8.3,1,2024-02-19,459.77
CUST10270,2024-10-08,Basic,9.99,Monthly,West,Paid Ads,Self-Service,1,2.2,1,6.9,1,2024-11-07,9.99
CUST10271,2021-02-06,Premium,39.99,Annual,South,Email Campaign,Self-Service,47,10.7,1,6.7,0,,2067.48
CUST10272,2021-02-10,Basic,9.99,Monthly,East,Social Media,Self-Service,47,0.1,0,7.1,0,,469.53
CUST10273,2022-07-02,Premium,39.99,Monthly,South,Referral,Priority Support,30,13.8,1,4.2,0,,1199.7
CUST10274,2023-02-24,Standard,19.99,Monthly,South,Paid Ads,Standard Support,22,4.6,2,7.4,0,,439.78
CUST10275,2023-07-21,Basic,9.99,Monthly,West,Organic Search,Self-Service,17,11.7,2,7.9,0,,169.83
CUST10276,2023-02-09,Premium,39.99,Monthly,North,Paid Ads,Self-Service,23,20.7,0,6.6,0,,919.77
CUST10277,2021-08-16,Basic,9.99,Monthly,East,Paid Ads,Standard Support,41,9.0,2,7.8,0,,409.59
CUST10278,2023-12-16,Standard,19.99,Monthly,West,Social Media,Self-Service,11,9.8,3,7.0,1,2024-11-10,219.89
CUST10279,2024-04-13,Premium,39.99,Annual,West,Organic Search,Standard Support,8,16.0,0,6.5,0,,351.91
CUST10280,2023-12-22,Premium,39.99,Monthly,North,Email Campaign,Standard Support,12,15.3,0,9.1,0,,479.88
CUST10281,2022-07-28,Basic,9.99,Monthly,West,Organic Search,Priority Support,29,6.5,0,6.4,0,,289.71
CUST10282,2023-06-17,Standard,19.99,Monthly,South,Social Media,Priority Support,18,20.4,2,4.8,0,,359.82
CUST10283,2021-11-11,Standard,19.99,Monthly,Central,Organic Search,Priority Support,38,12.3,0,6.2,0,,759.62
CUST10284,2022-05-25,Premium,39.99,Annual,South,Referral,Self-Service,25,15.5,1,7.1,1,2024-06-13,1099.73
CUST10285,2024-07-21,Premium,39.99,Monthly,South,Paid Ads,Self-Service,5,15.3,1,6.1,1,2024-12-18,199.95
CUST10286,2022-10-17,Basic,9.99,Monthly,Central,Social Media,Self-Service,26,5.4,2,6.4,0,,259.74
CUST10287,2022-04-26,Premium,39.99,Monthly,Central,Referral,Standard Support,4,10.8,2,5.4,1,2022-08-24,159.96
CUST10288,2024-08-07,Standard,19.99,Annual,West,Organic Search,Standard Support,4,11.3,1,6.3,0,,87.96
CUST10289,2023-10-02,Standard,19.99,Monthly,North,Referral,Priority Support,15,14.9,1,9.9,0,,299.85
CUST10290,2022-02-22,Basic,9.99,Monthly,Central,Paid Ads,Self-Service,11,2.9,2,5.6,1,2023-01-18,109.89
CUST10291,2023-12-18,Premium,39.99,Monthly,North,Paid Ads,Standard Support,12,21.5,0,8.4,0,,479.88
CUST10292,2024-07-04,Standard,19.99,Monthly,East,Email Campaign,Self-Service,6,5.0,1,9.7,0,,119.94
CUST10293,2024-10-05,Basic,9.99,Monthly,East,Referral,Self-Service,2,8.0,1,7.3,0,,19.98
CUST10294,2022-03-21,Standard,19.99,Monthly,Central,Social Media,Self-Service,33,2.2,1,6.1,0,,659.67
CUST10295,2021-09-21,Premium,39.99,Monthly,West,Paid Ads,Self-Service,39,21.9,1,6.7,0,,1559.61
CUST10296,2024-08-18,Basic,9.99,Monthly,North,Organic Search,Self-Service,4,4.1,0,8.3,1,2024-12-16,39.96
CUST10297,2023-11-10,Basic,9.99,Annual,East,Referral,Self-Service,12,12.2,1,6.3,1,2024-11-04,131.87
CUST10298,2023-10-04,Premium,39.99,Monthly,West,Paid Ads,Self-Service,15,12.6,0,5.7,0,,599.85
CUST10299,2021-07-15,Basic,9.99,Monthly,North,Paid Ads,Self-Service,12,3.2,0,3.9,1,2022-07-10,119.88
CUST10300,2021-09-28,Basic,9.99,Monthly,South,Social Media,Priority Support,39,4.6,2,8.5,0,,389.61
CUST10301,2021-12-11,Standard,19.99,Annual,Central,Organic Search,Self-Service,37,7.0,1,5.5,0,,813.59
CUST10302,2022-06-19,Premium,39.99,Monthly,Central,Organic Search,Standard Support,30,23.0,1,7.4,0,,1199.7
CUST10303,2021-07-08,Standard,19.99,Monthly,Central,Referral,Standard Support,42,11.5,0,5.5,0,,839.58
CUST10304,2023-03-24,Basic,9.99,Annual,Central,Email Campaign,Self-Service,21,6.9,2,6.9,0,,230.77
CUST10305,2023-05-31,Standard,19.99,Annual,South,Organic Search,Self-Service,19,2.4,1,7.7,0,,417.79
CUST10306,2023-03-28,Basic,9.99,Annual,Central,Social Media,Self-Service,6,6.5,1,5.1,1,2023-09-24,65.93
CUST10307,2021-04-08,Basic,9.99,Monthly,South,Organic Search,Priority Support,45,3.1,0,7.5,0,,449.55
CUST10308,2023-11-29,Basic,9.99,Annual,East,Email Campaign,Self-Service,13,5.9,2,5.4,0,,142.86
CUST10309,2022-01-20,Standard,19.99,Annual,South,Organic Search,Standard Support,35,12.5,1,7.7,0,,769.62
CUST10310,2021-02-14,Standard,19.99,Monthly,South,Referral,Self-Service,47,6.7,2,9.0,0,,939.53
CUST10311,2023-04-09,Basic,9.99,Monthly,South,Organic Search,Standard Support,21,9.8,0,6.0,0,,209.79
CUST10312,2022-08-28,Basic,9.99,Monthly,West,Paid Ads,Self-Service,9,3.7,1,7.9,1,2023-05-25,89.91
CUST10313,2024-06-09,Premium,39.99,Monthly,South,Organic Search,Self-Service,6,10.8,4,6.4,1,2024-12-06,239.94
CUST10314,2024-03-10,Standard,19.99,Monthly,North,Organic Search,Self-Service,9,13.4,2,5.9,0,,179.91
CUST10315,2021-01-06,Premium,39.99,Annual,Central,Paid Ads,Standard Support,48,17.5,3,6.6,0,,2111.47
CUST10316,2021-09-13,Premium,39.99,Monthly,West,Email Campaign,Self-Service,30,22.5,2,5.6,1,2024-03-01,1199.7
CUST10317,2022-01-27,Standard,19.99,Monthly,North,Referral,Standard Support,35,17.5,0,7.4,0,,699.65
CUST10318,2021-05-27,Premium,39.99,Monthly,West,Referral,Standard Support,43,17.9,0,7.7,0,,1719.57
CUST10319,2021-03-19,Premium,39.99,Monthly,West,Paid Ads,Self-Service,46,20.2,3,8.2,0,,1839.54
CUST10320,2021-04-07,Premium,39.99,Annual,South,Organic Search,Standard Support,45,16.2,1,6.8,0,,1979.51
CUST10321,2023-01-26,Basic,9.99,Monthly,South,Paid Ads,Self-Service,4,3.9,2,7.1,1,2023-05-26,39.96
CUST10322,2021-04-25,Basic,9.99,Monthly,West,Paid Ads,Standard Support,44,3.0,1,7.3,0,,439.56
CUST10323,2023-05-18,Basic,9.99,Monthly,East,Referral,Self-Service,19,3.3,2,6.1,0,,189.81
CUST10324,2021-05-22,Basic,9.99,Annual,East,Paid Ads,Priority Support,43,4.0,0,10.0,0,,472.53
CUST10325,2022-05-02,Basic,9.99,Annual,West,Paid Ads,Priority Support,32,6.0,1,10.0,0,,351.65
CUST10326,2022-09-02,Basic,9.99,Monthly,Central,Social Media,Self-Service,10,4.1,1,7.6,1,2023-06-29,99.9
CUST10327,2023-11-27,Basic,9.99,Annual,South,Email Campaign,Self-Service,13,9.1,0,6.2,0,,142.86
CUST10328,2023-05-02,Basic,9.99,Annual,North,Paid Ads,Priority Support,20,3.1,1,4.9,0,,219.78
CUST10329,2024-03-17,Basic,9.99,Monthly,Central,Referral,Standard Support,9,9.2,1,7.8,0,,89.91
CUST10330,2024-09-15,Premium,39.99,Annual,South,Paid Ads,Priority Support,3,18.1,0,9.2,0,,131.97
CUST10331,2022-07-08,Basic,9.99,Annual,Central,Social Media,Priority Support,12,0.0,0,6.4,1,2023-07-03,131.87
CUST10332,2023-12-19,Standard,19.99,Annual,North,Social Media,Self-Service,12,3.9,3,5.0,0,,263.87
CUST10333,2024-03-03,Basic,9.99,Monthly,West,Email Campaign,Standard Support,10,6.7,0,6.8,0,,99.9
CUST10334,2024-11-26,Basic,9.99,Annual,Central,Organic Search,Self-Service,1,7.2,1,4.7,0,,10.99
CUST10335,2023-09-14,Basic,9.99,Monthly,East,Social Media,Standard Support,15,15.4,1,8.4,0,,149.85
CUST10336,2024-04-09,Premium,39.99,Annual,South,Referral,Standard Support,8,12.4,0,7.1,0,,351.91
CUST10337,2021-01-28,Standard,19.99,Annual,South,Organic Search,Self-Service,13,10.8,1,4.0,1,2022-02-22,285.86
CUST10338,2021-12-14,Premium,39.99,Annual,West,Social Media,Self-Service,37,14.8,2,8.4,0,,1627.59
CUST10339,2021-03-20,Basic,9.99,Monthly,South,Paid Ads,Priority Support,46,6.3,1,9.0,0,,459.54
CUST10340,2021-05-04,Basic,9.99,Monthly,South,Social Media,Self-Service,44,13.1,2,,0,,439.56
CUST10341,2021-04-30,Premium,39.99,Annual,South,Organic Search,Self-Service,44,14.3,0,8.9,0,,1935.52
CUST10342,2022-01-04,Standard,19.99,Monthly,West,Email Campaign,Self-Service,36,13.8,1,7.5,0,,719.64
CUST10343,2024-10-20,Basic,9.99,Annual,East,Organic Search,Self-Service,2,2.7,0,4.2,1,2024-12-19,21.98
CUST10344,2021-04-27,Basic,9.99,Monthly,North,Organic Search,Self-Service,44,0.0,3,3.8,0,,439.56
CUST10345,2021-08-19,Basic,9.99,Monthly,South,Organic Search,Standard Support,41,8.7,0,8.4,0,,409.59
CUST10346,2023-01-06,Standard,19.99,Annual,South,Social Media,Standard Support,24,4.4,1,5.7,0,,527.74
CUST10347,2022-08-21,Basic,9.99,Annual,South,Referral,Priority Support,28,6.3,0,7.4,0,,307.69
CUST10348,2021-06-17,Premium,39.99,Monthly,South,Organic Search,Self-Service,43,13.8,0,9.1,0,,1719.57
CUST10349,2023-01-31,Standard,19.99,Monthly,West,Referral,Self-Service,14,6.3,1,5.3,1,2024-03-26,279.86
CUST10350,2022-07-23,Basic,9.99,Annual,North,Paid Ads,Self-Service,22,11.5,3,6.0,1,2024-05-13,241.76
CUST10351,2022-09-13,Standard,19.99,Monthly,East,Organic Search,Self-Service,28,7.5,1,7.4,0,,559.72
CUST10352,2021-05-01,Basic,9.99,Annual,South,Email Campaign,Standard Support,44,15.8,0,8.0,0,,483.52
CUST10353,2021-05-23,Standard,19.99,Monthly,West,Referral,Self-Service,43,7.4,4,6.1,0,,859.57
CUST10354,2022-11-15,Premium,39.99,Monthly,Central,Referral,Standard Support,25,21.5,2,9.0,0,,999.75
CUST10355,2024-12-28,Standard,19.99,Monthly,East,Email Campaign,Priority Support,1,11.6,0,5.5,0,,19.99
CUST10356,2024-04-15,Basic,9.99,Monthly,South,Social Media,Self-Service,1,9.0,2,7.1,1,2024-05-15,9.99
CUST10357,2024-05-25,Premium,39.99,Monthly,South,Referral,Self-Service,7,15.2,0,7.3,0,,279.93
CUST10358,2023-03-06,Standard,19.99,Monthly,West,Organic Search,Standard Support,22,5.3,1,6.0,0,,439.78
CUST10359,2023-10-19,Basic,9.99,Monthly,North,Email Campaign,Self-Service,14,0.0,0,10.0,0,,139.86
CUST10360,2022-01-07,Standard,19.99,Monthly,West,Organic Search,Standard Support,36,18.1,1,9.3,0,,719.64
CUST10361,2023-05-09,Standard,19.99,Annual,North,Social Media,Self-Service,20,10.9,1,8.1,0,,439.78
CUST10362,2024-01-05,Basic,9.99,Monthly,West,Organic Search,Standard Support,12,4.2,2,8.4,0,,119.88
CUST10363,2023-07-11,Basic,9.99,Monthly,North,Paid Ads,Self-Service,8,2.8,2,6.3,1,2024-03-07,79.92
CUST10364,2023-11-07,Basic,9.99,Monthly,North,Referral,Self-Service,2,2.8,1,6.2,1,2024-01-06,19.98
CUST10365,2021-12-26,Basic,9.99,Monthly,West,Social Media,Self-Service,20,10.5,0,5.9,1,2023-08-18,199.8
CUST10366,2023-01-22,Basic,9.99,Monthly,West,Organic Search,Priority Support,6,0.0,1,5.3,1,2023-07-21,59.94
CUST10367,2021-07-23,Premium,39.99,Monthly,South,Organic Search,Priority Support,29,15.2,0,10.0,1,2023-12-10,1159.71
CUST10368,2023-07-31,Standard,19.99,Annual,West,Organic Search,Standard Support,17,17.6,2,7.1,0,,373.81
CUST10369,2024-06-25,Basic,9.99,Annual,North,Organic Search,Standard Support,1,1.3,0,7.2,1,2024-07-25,10.99
CUST10370,2023-03-26,Standard,19.99,Monthly,West,Paid Ads,Self-Service,21,9.1,2,9.7,0,,419.79
CUST10371,2021-02-15,Standard,19.99,Annual,West,Paid Ads,Standard Support,47,11.5,1,6.9,0,,1033.48
CUST10372,2023-09-18,Basic,9.99,Monthly,East,Paid Ads,Self-Service,5,6.4,0,9.0,1,2024-02-15,49.95
CUST10373,2024-08-03,Basic,9.99,Annual,South,Social Media,Self-Service,5,0.0,1,7.7,0,,54.95
CUST10374,2022-01-29,Basic,9.99,Monthly,West,Organic Search,Self-Service,17,0.0,1,10.0,1,2023-06-23,169.83
CUST10375,2022-06-13,Premium,39.99,Monthly,West,Paid Ads,Self-Service,31,20.3,1,6.7,0,,1239.69
CUST10376,2022-12-01,Standard,19.99,Monthly,East,Paid Ads,Standard Support,25,10.3,1,6.0,0,,499.75
CUST10377,2023-02-09,Basic,9.99,Monthly,West,Social Media,Self-Service,23,4.3,3,6.8,0,,229.77
CUST10378,2021-12-13,Basic,9.99,Monthly,West,Social Media,Priority Support,37,0.0,1,7.8,0,,369.63
CUST10379,2021-11-07,Basic,9.99,Monthly,South,Referral,Priority Support,38,10.8,1,5.2,0,,379.62
CUST10380,2022-03-17,Basic,9.99,Monthly,South,Organic Search,Self-Service,34,10.7,0,5.9,0,,339.66
CUST10381,2021-02-01,Basic,9.99,Monthly,West,Social Media,Standard Support,47,6.6,1,6.8,0,,469.53
CUST10382,2022-03-01,Basic,9.99,Monthly,South,Organic Search,Self-Service,5,8.0,0,5.6,1,2022-07-29,49.95
CUST10383,2024-01-26,Standard,19.99,Monthly,Central,Email Campaign,Self-Service,11,14.0,0,8.2,0,,219.89
CUST10384,2021-06-16,Standard,19.99,Annual,North,Social Media,Self-Service,43,2.1,2,5.2,0,,945.53
CUST10385,2024-08-12,Basic,9.99,Annual,East,Organic Search,Standard Support,4,5.4,2,7.5,0,,43.96
CUST10386,2021-08-10,Premium,39.99,Annual,West,Referral,Priority Support,41,17.3,1,10.0,0,,1803.55
CUST10387,2021-09-22,Standard,19.99,Monthly,East,Referral,Self-Service,39,14.8,0,7.7,0,,779.61
CUST10388,2023-01-27,Standard,19.99,Monthly,East,Email Campaign,Standard Support,17,10.9,1,6.4,1,2024-06-20,339.83
CUST10389,2022-01-09,Basic,9.99,Monthly,Central,Referral,Self-Service,36,7.2,1,6.7,0,,359.64
CUST10390,2021-05-23,Basic,9.99,Monthly,Central,Referral,Self-Service,19,5.1,2,6.4,1,2022-12-14,189.81
CUST10391,2022-04-18,Basic,9.99,Monthly,South,Organic Search,Priority Support,10,2.8,1,9.2,1,2023-02-12,99.9
CUST10392,2024-03-25,Standard,19.99,Monthly,Central,Email Campaign,Self-Service,9,12.2,1,8.0,0,,179.91
CUST10393,2021-08-24,Standard,19.99,Annual,Central,Organic Search,Self-Service,40,8.4,1,4.6,0,,879.56
CUST10394,2021-12-20,Standard,19.99,Monthly,Central,Referral,Self-Service,22,14.7,4,5.1,1,2023-10-11,439.78
CUST10395,2024-06-28,Basic,9.99,Monthly,West,Paid Ads,Self-Service,6,0.0,0,4.6,0,,59.94
CUST10396,2024-02-21,Standard,19.99,Monthly,West,Referral,Standard Support,10,6.5,0,7.0,0,,199.9
CUST10397,2024-04-24,Basic,9.99,Annual,West,Referral,Standard Support,8,2.3,0,8.3,0,,87.91
CUST10398,2023-11-27,Premium,39.99,Monthly,Central,Social Media,Standard Support,13,11.0,1,6.4,0,,519.87
CUST10399,2024-05-18,Standard,19.99,Monthly,East,Organic Search,Standard Support,4,9.6,2,7.7,1,2024-09-15,79.96
CUST10400,2024-11-02,Premium,39.99,Monthly,East,Organic Search,Standard Support,1,9.4,1,6.9,0,,39.99
CUST10401,2024-11-29,Basic,9.99,Monthly,West,Email Campaign,Priority Support,1,9.4,0,8.7,0,,9.99
CUST10402,2024-06-30,Basic,9.99,Monthly,Central,Paid Ads,Self-Service,6,5.1,2,6.2,0,,59.94
CUST10403,2023-10-20,Standard,19.99,Monthly,North,Paid Ads,Standard Support,5,17.6,1,3.0,1,2024-03-18,99.95
CUST10404,2024-01-08,Standard,19.99,Monthly,West,Social Media,Standard Support,11,7.8,0,7.3,0,,219.89
CUST10405,2023-10-23,Basic,9.99,Annual,East,Social Media,Self-Service,14,10.5,0,10.0,0,,153.85
CUST10406,2021-10-09,Basic,9.99,Monthly,North,Referral,Standard Support,39,2.2,0,8.5,0,,389.61
CUST10407,2022-05-19,Basic,9.99,Annual,East,Social Media,Self-Service,31,7.2,2,5.9,0,,340.66
CUST10408,2021-03-30,Standard,19.99,Monthly,North,Organic Search,Self-Service,45,8.4,3,8.0,0,,899.55
CUST10409,2024-11-25,Basic,9.99,Monthly,West,Social Media,Self-Service,1,0.8,0,6.2,0,,9.99
CUST10410,2023-04-29,Standard,19.99,Monthly,West,Referral,Standard Support,1,11.2,1,8.0,1,2023-05-29,19.99
CUST10411,2024-05-23,Premium,39.99,Annual,Central,Paid Ads,Standard Support,7,19.2,0,7.4,0,,307.92
CUST10412,2023-02-22,Basic,9.99,Annual,East,Paid Ads,Self-Service,10,7.2,5,7.7,1,2023-12-19,109.89
CUST10413,2022-05-28,Basic,9.99,Monthly,West,Organic Search,Self-Service,31,8.4,1,6.8,0,,309.69
CUST10414,2024-09-04,Basic,9.99,Monthly,West,Paid Ads,Self-Service,3,10.7,0,7.3,0,,29.97
CUST10415,2023-09-29,Basic,9.99,Monthly,North,Social Media,Self-Service,3,7.1,1,6.6,1,2023-12-28,29.97
CUST10416,2024-06-11,Standard,19.99,Monthly,North,Referral,Priority Support,6,8.4,0,5.5,0,,119.94
CUST10417,2024-10-27,Basic,9.99,Monthly,South,Paid Ads,Self-Service,2,4.1,1,5.7,0,,19.98
CUST10418,2022-12-02,Standard,19.99,Monthly,South,Organic Search,Standard Support,25,3.9,1,7.1,0,,499.75
CUST10419,2022-12-18,Basic,9.99,Monthly,South,Social Media,Standard Support,24,4.7,3,5.3,0,,239.76
CUST10420,2022-07-17,Basic,9.99,Annual,North,Referral,Standard Support,29,4.5,0,7.8,0,,318.68
CUST10421,2024-04-09,Standard,19.99,Monthly,South,Referral,Standard Support,8,19.2,1,5.5,0,,159.92
CUST10422,2022-10-10,Standard,19.99,Monthly,South,Organic Search,Standard Support,27,10.1,0,8.4,0,,539.73
CUST10423,2024-10-06,Basic,9.99,Monthly,Central,Email Campaign,Priority Support,2,9.5,1,6.8,0,,19.98
CUST10424,2022-08-04,Premium,39.99,Monthly,North,Social Media,Self-Service,6,16.9,1,3.1,1,2023-01-31,239.94
CUST10425,2021-06-03,Standard,19.99,Monthly,South,Social Media,Self-Service,43,8.3,0,4.2,0,,859.57
CUST10426,2022-12-10,Premium,39.99,Monthly,West,Paid Ads,Self-Service,25,13.0,2,5.9,0,,999.75
CUST10427,2021-03-24,Standard,19.99,Monthly,Central,Paid Ads,Priority Support,45,11.4,0,6.9,0,,899.55
CUST10428,2023-09-29,Premium,39.99,Monthly,Central,Paid Ads,Priority Support,7,12.5,0,6.9,1,2024-04-26,279.93
CUST10429,2023-12-06,Basic,9.99,Monthly,East,Organic Search,Standard Support,13,11.0,1,8.1,0,,129.87
CUST10430,2024-01-14,Standard,19.99,Annual,North,Social Media,Self-Service,1,11.0,1,5.5,1,2024-02-13,21.99
CUST10431,2021-07-27,Premium,39.99,Annual,Central,Referral,Self-Service,41,9.2,1,6.9,0,,1803.55
CUST10432,2023-11-01,Basic,9.99,Monthly,Central,Email Campaign,Priority Support,10,1.0,1,6.8,1,2024-08-27,99.9
CUST10433,2021-07-29,Basic,9.99,Monthly,South,Referral,Standard Support,26,12.8,3,8.0,1,2023-09-17,259.74
CUST10434,2021-05-12,Basic,9.99,Monthly,Central,Paid Ads,Standard Support,20,1.0,1,6.4,1,2023-01-02,199.8
CUST10435,2024-01-03,Premium,39.99,Annual,East,Referral,Standard Support,12,17.3,0,5.4,0,,527.87
CUST10436,2024-02-07,Standard,19.99,Annual,North,Social Media,Self-Service,10,16.5,1,6.0,0,,219.89
CUST10437,2021-06-09,Premium,39.99,Monthly,North,Paid Ads,Standard Support,43,5.3,0,10.0,0,,1719.57
CUST10438,2024-10-03,Premium,39.99,Monthly,West,Email Campaign,Self-Service,2,11.1,1,8.2,0,,79.98
CUST10439,2021-07-05,Premium,39.99,Annual,West,Referral,Standard Support,42,11.3,0,6.2,0,,1847.54
CUST10440,2021-10-09,Basic,9.99,Annual,Central,Organic Search,Priority Support,39,3.8,0,10.0,0,,428.57
CUST10441,2023-03-12,Basic,9.99,Annual,South,Social Media,Standard Support,22,14.0,0,8.2,0,,241.76
CUST10442,2024-03-03,Basic,9.99,Monthly,Central,Paid Ads,Priority Support,5,9.8,1,6.4,1,2024-07-31,49.95
CUST10443,2023-03-19,Basic,9.99,Monthly,Central,Referral,Self-Service,2,11.0,2,5.2,1,2023-05-18,19.98
CUST10444,2024-04-26,Premium,39.99,Annual,North,Email Campaign,Self-Service,8,18.9,1,4.9,0,,351.91
CUST10445,2023-01-25,Basic,9.99,Monthly,East,Organic Search,Self-Service,23,-1.0,1,4.0,0,,229.77
CUST10446,2022-03-10,Standard,19.99,Monthly,West,Organic Search,Self-Service,34,10.9,2,8.7,0,,679.66
CUST10447,2024-07-02,Standard,19.99,Monthly,South,Email Campaign,Standard Support,6,10.1,0,7.0,0,,119.94
CUST10448,2022-07-01,Premium,39.99,Monthly,South,Organic Search,Standard Support,5,14.2,0,5.5,1,2022-11-28,199.95
CUST10449,2023-05-02,Basic,9.99,Monthly,Central,Paid Ads,Self-Service,20,4.0,0,6.7,0,,199.8
CUST10450,2022-06-14,Standard,19.99,Monthly,West,Organic Search,Self-Service,30,4.9,2,6.5,1,2024-11-30,599.7
CUST10451,2023-05-03,Standard,19.99,Annual,South,Referral,Self-Service,16,13.3,4,8.7,1,2024-08-25,351.82
CUST10452,2022-01-19,Premium,39.99,Monthly,West,Social Media,Standard Support,28,15.0,1,5.5,1,2024-05-08,1119.72
CUST10453,2023-12-26,Standard,19.99,Monthly,North,Email Campaign,Standard Support,5,6.8,0,6.3,1,2024-05-24,99.95
CUST10454,2021-04-10,Premium,39.99,Monthly,Central,Referral,Standard Support,45,12.2,2,6.2,0,,1799.55
CUST10455,2021-11-23,Standard,19.99,Annual,West,Social Media,Self-Service,37,19.9,0,6.0,0,,813.59
CUST10456,2023-01-15,Premium,39.99,Annual,East,Email Campaign,Self-Service,23,16.5,0,7.9,0,,1011.75
CUST10457,2021-11-27,Basic,9.99,Monthly,East,Referral,Priority Support,37,1.7,0,6.9,0,,369.63
CUST10458,2023-09-15,Premium,39.99,Monthly,East,Referral,Priority Support,15,18.1,0,5.8,0,,599.85
CUST10459,2021-03-01,Premium,39.99,Monthly,North,Email Campaign,Self-Service,46,26.1,2,8.2,0,,1839.54
CUST10460,2021-08-24,Premium,39.99,Monthly,Central,Paid Ads,Self-Service,8,10.9,2,8.3,1,2022-04-21,319.92
CUST10461,2022-05-27,Standard,19.99,Annual,South,Organic Search,Self-Service,31,2.2,2,7.4,1,2024-12-12,681.66
CUST10462,2024-08-19,Basic,9.99,Monthly,South,Paid Ads,Standard Support,2,5.4,1,8.0,1,2024-10-18,19.98
CUST10463,2023-11-12,Basic,9.99,Monthly,South,Referral,Self-Service,4,1.5,3,7.8,1,2024-03-11,39.96
CUST10464,2023-02-22,Standard,19.99,Monthly,South,Referral,Self-Service,22,5.0,2,6.0,0,,439.78
CUST10465,2021-03-19,Basic,9.99,Monthly,North,Email Campaign,Self-Service,46,6.0,2,4.1,0,,459.54
CUST10466,2021-10-31,Basic,9.99,Annual,West,Email Campaign,Self-Service,14,3.3,4,5.5,1,2022-12-25,153.85
CUST10467,2022-11-16,Basic,9.99,Monthly,East,Paid Ads,Self-Service,25,4.7,1,8.5,0,,249.75
CUST10468,2024-03-15,Standard,19.99,Monthly,North,Organic Search,Self-Service,9,11.7,1,7.6,0,,179.91
CUST10469,2021-01-20,Premium,39.99,Monthly,South,Referral,Standard Support,48,17.8,0,8.7,0,,1919.52
CUST10470,2021-03-18,Basic,9.99,Annual,North,Paid Ads,Standard Support,46,7.4,0,6.4,0,,505.49
CUST10471,2021-11-14,Basic,9.99,Monthly,East,Paid Ads,Standard Support,38,9.3,1,10.0,0,,379.62
CUST10472,2021-06-28,Basic,9.99,Annual,South,Email Campaign,Standard Support,42,5.2,0,7.5,0,,461.54
CUST10473,2021-08-27,Standard,19.99,Monthly,South,Paid Ads,Self-Service,40,3.0,1,4.7,0,,799.6
CUST10474,2021-08-28,Premium,39.99,Monthly,East,Paid Ads,Standard Support,40,16.5,1,9.2,0,,1599.6
CUST10475,2021-06-07,Premium,39.99,Monthly,Central,Paid Ads,Standard Support,25,18.2,0,7.0,1,2023-06-27,999.75
CUST10476,2021-11-27,Standard,19.99,Monthly,North,Referral,Self-Service,37,12.1,1,5.0,0,,739.63
CUST10477,2022-03-27,Basic,9.99,Annual,North,Email Campaign,Self-Service,33,4.3,0,4.5,0,,362.64
CUST10478,2021-07-03,Premium,39.99,Annual,South,Organic Search,Self-Service,42,14.8,2,6.7,0,,1847.54
CUST10479,2023-08-05,Basic,9.99,Annual,East,Referral,Standard Support,17,10.8,3,5.0,0,,186.81
CUST10480,2021-06-17,Basic,9.99,Annual,East,Organic Search,Self-Service,33,0.0,1,7.9,1,2024-03-03,362.64
CUST10481,2023-08-14,Standard,19.99,Monthly,North,Organic Search,Standard Support,9,1.4,0,8.9,1,2024-05-10,179.91
CUST10482,2021-03-17,Premium,39.99,Monthly,North,Social Media,Standard Support,46,19.0,1,7.2,0,,1839.54
CUST10483,2022-10-09,Basic,9.99,Monthly,West,Organic Search,Self-Service,12,12.2,2,4.5,1,2023-10-04,119.88
CUST10484,2023-03-22,Basic,9.99,Annual,Central,Paid Ads,Self-Service,21,2.5,2,6.6,0,,230.77
CUST10485,2024-10-12,Basic,9.99,Monthly,North,Organic Search,Self-Service,2,7.2,1,5.3,0,,19.98
CUST10486,2023-08-15,Basic,9.99,Annual,Central,Paid Ads,Standard Support,6,4.5,1,7.0,1,2024-02-11,65.93
CUST10487,2024-02-20,Standard,19.99,Monthly,South,Social Media,Self-Service,10,8.2,2,4.6,0,,199.9
CUST10488,2022-09-10,Basic,9.99,Monthly,Central,Referral,Standard Support,28,6.4,0,6.6,0,,279.72
CUST10489,2024-11-03,Basic,9.99,Annual,Central,Referral,Standard Support,1,3.2,1,10.0,0,,10.99
CUST10490,2024-09-19,Premium,39.99,Annual,West,Organic Search,Self-Service,3,14.6,1,4.8,0,,131.97
CUST10491,2021-12-05,Standard,19.99,Monthly,South,Referral,Standard Support,37,17.1,0,6.6,0,,739.63
CUST10492,2021-01-11,Standard,19.99,Annual,North,Paid Ads,Priority Support,48,14.8,2,3.5,0,,1055.47
CUST10493,2021-07-17,Basic,9.99,Monthly,Central,Paid Ads,Self-Service,42,12.5,2,10.0,0,,419.58
CUST10494,2024-09-10,Basic,9.99,Annual,East,Organic Search,Self-Service,3,7.9,1,5.9,0,,32.97
CUST10495,2023-06-08,Premium,39.99,Monthly,North,Referral,Priority Support,19,17.9,1,8.3,0,,759.81
CUST10496,2023-08-26,Standard,19.99,Annual,West,Referral,Self-Service,16,4.2,1,5.4,0,,351.82
CUST10497,2021-01-19,Premium,39.99,Annual,North,Social Media,Self-Service,48,20.6,1,7.0,0,,2111.47
CUST10498,2023-04-02,Basic,9.99,Annual,West,Email Campaign,Self-Service,21,8.9,3,6.7,0,,230.77
CUST10499,2022-01-28,Basic,9.99,Monthly,North,Organic Search,Standard Support,35,10.5,2,6.5,0,,349.65
CUST10500,2023-07-19,Premium,39.99,Monthly,East,Paid Ads,Self-Service,13,16.3,2,7.1,1,2024-08-12,519.87
CUST10501,2024-08-26,Premium,39.99,Monthly,East,Paid Ads,Standard Support,4,12.7,0,9.7,0,,159.96
CUST10502,2023-09-15,Basic,9.99,Monthly,East,Social Media,Self-Service,15,7.0,2,7.6,0,,149.85
CUST10503,2024-01-14,Basic,9.99,Monthly,South,Organic Search,Standard Support,2,9.1,2,8.0,1,2024-03-14,19.98
CUST10504,2024-01-05,Premium,39.99,Monthly,North,Organic Search,Self-Service,12,17.7,1,4.2,0,,479.88
CUST10505,2021-11-21,Standard,19.99,Monthly,North,Referral,Priority Support,37,11.6,0,7.1,0,,739.63
CUST10506,2022-06-14,Standard,19.99,Monthly,North,Referral,Self-Service,31,7.2,0,8.2,0,,619.69
CUST10507,2021-06-07,Basic,9.99,Annual,East,Email Campaign,Self-Service,43,6.2,1,4.9,0,,472.53
CUST10508,2021-12-17,Standard,19.99,Monthly,East,Social Media,Priority Support,37,10.8,1,9.7,0,,739.63
CUST10509,2021-06-02,Standard,19.99,Annual,North,Social Media,Priority Support,43,6.7,0,8.1,0,,945.53
CUST10510,2024-11-26,Basic,9.99,Monthly,Central,Organic Search,Self-Service,1,5.3,3,6.4,1,2024-12-26,9.99
CUST10511,2021-09-18,Standard,19.99,Annual,East,Email Campaign,Standard Support,40,13.2,0,8.0,0,,879.56
CUST10512,2024-09-24,Basic,9.99,Monthly,North,Referral,Standard Support,3,13.8,0,6.1,0,,29.97
CUST10513,2021-04-27,Basic,9.99,Monthly,South,Organic Search,Self-Service,44,6.9,0,6.1,0,,439.56
CUST10514,2024-09-16,Premium,39.99,Annual,North,Organic Search,Self-Service,3,16.3,2,5.5,0,,131.97
CUST10515,2024-03-17,Premium,39.99,Monthly,North,Paid Ads,Self-Service,9,14.1,2,7.3,0,,359.91
CUST10516,2021-07-04,Basic,9.99,Monthly,West,Social Media,Self-Service,42,6.8,1,7.1,0,,419.58
CUST10517,2022-12-30,Basic,9.99,Monthly,West,Paid Ads,Self-Service,24,1.9,1,5.6,0,,239.76
CUST10518,2023-05-30,Basic,9.99,Annual,South,Organic Search,Self-Service,19,6.0,3,8.9,0,,208.79
CUST10519,2023-11-30,Standard,19.99,Monthly,North,Organic Search,Self-Service,13,10.2,1,7.0,0,,259.87
CUST10520,2022-09-27,Standard,19.99,Monthly,West,Social Media,Priority Support,27,11.2,1,8.5,0,,539.73
CUST10521,2021-06-03,Basic,9.99,Monthly,South,Organic Search,Priority Support,43,9.3,0,6.9,0,,429.57
CUST10522,2022-03-12,Premium,39.99,Monthly,East,Social Media,Self-Service,34,10.8,2,7.5,0,,1359.66
CUST10523,2024-04-22,Standard,19.99,Monthly,North,Paid Ads,Self-Service,8,8.3,1,8.2,0,,159.92
CUST10524,2023-08-01,Premium,39.99,Annual,West,Paid Ads,Self-Service,17,14.2,1,5.4,0,,747.81
CUST10525,2024-05-02,Standard,19.99,Monthly,South,Social Media,Standard Support,8,7.2,2,6.8,0,,159.92
CUST10526,2022-07-30,Basic,9.99,Monthly,East,Social Media,Standard Support,29,8.5,1,7.6,0,,289.71
CUST10527,2023-11-22,Premium,39.99,Annual,East,Paid Ads,Standard Support,13,16.8,1,6.7,0,,571.86
CUST10528,2021-12-28,Basic,9.99,Annual,South,Email Campaign,Self-Service,36,5.6,1,6.3,0,,395.6
CUST10529,2021-05-02,Basic,9.99,Monthly,South,Paid Ads,Standard Support,44,5.5,0,7.4,0,,439.56
CUST10530,2023-11-12,Standard,19.99,Monthly,West,Paid Ads,Self-Service,6,14.3,4,6.6,1,2024-05-10,119.94
CUST10531,2023-11-30,Standard,19.99,Annual,North,Referral,Self-Service,13,3.5,0,5.8,0,,285.86
CUST10532,2022-05-20,Basic,9.99,Monthly,North,Paid Ads,Self-Service,28,4.3,4,6.7,1,2024-09-06,279.72
CUST10533,2022-04-18,Basic,9.99,Monthly,East,Organic Search,Standard Support,32,0.8,2,6.3,0,,319.68
CUST10534,2023-07-20,Basic,9.99,Monthly,Central,Organic Search,Self-Service,17,5.8,2,3.9,1,2024-12-11,169.83
CUST10535,2021-03-20,Basic,9.99,Annual,East,Referral,Self-Service,46,2.0,3,7.0,0,,505.49
CUST10536,2021-10-13,Premium,39.99,Annual,West,Referral,Priority Support,39,11.7,1,7.2,0,,1715.57
CUST10537,2023-08-24,Premium,39.99,Monthly,North,Social Media,Priority Support,16,10.8,0,6.7,0,,639.84
CUST10538,2022-12-01,Basic,9.99,Monthly,Central,Social Media,Self-Service,25,5.0,1,5.3,0,,249.75
CUST10539,2021-02-28,Standard,19.99,Annual,Central,Paid Ads,Standard Support,46,11.3,1,8.7,0,,1011.49
CUST10540,2022-03-20,Standard,19.99,Monthly,North,Paid Ads,Standard Support,7,9.1,1,8.0,1,2022-10-16,139.93
CUST10541,2024-12-06,Standard,19.99,Monthly,South,Organic Search,Priority Support,1,10.1,0,7.5,0,,19.99
CUST10542,2021-01-24,Standard,19.99,Annual,North,Organic Search,Self-Service,47,9.6,1,5.5,0,,1033.48
CUST10543,2023-02-18,Premium,39.99,Monthly,Central,Social Media,Standard Support,17,13.4,1,7.0,1,2024-07-12,679.83
CUST10544,2023-09-22,Premium,39.99,Monthly,North,Social Media,Self-Service,10,19.9,0,5.6,1,2024-07-18,399.9
CUST10545,2023-09-27,Premium,39.99,Monthly,West,Paid Ads,Standard Support,15,14.3,0,7.2,0,,599.85
CUST10546,2024-11-01,Premium,39.99,Monthly,West,Social Media,Priority Support,2,13.2,0,9.2,0,,79.98
CUST10547,2021-08-05,Basic,9.99,Monthly,East,Referral,Priority Support,41,1.5,1,6.9,0,,409.59
CUST10548,2022-07-31,Standard,19.99,Annual,Central,Paid Ads,Priority Support,13,11.6,1,9.7,1,2023-08-25,285.86
CUST10549,2023-07-13,Standard,19.99,Monthly,South,Organic Search,Priority Support,17,11.9,0,6.0,0,,339.83
CUST10550,2024-08-05,Standard,19.99,Monthly,North,Organic Search,Self-Service,4,6.5,3,7.3,0,,79.96
CUST10551,2024-09-19,Standard,19.99,Monthly,North,Organic Search,Self-Service,3,9.5,1,8.6,0,,59.97
CUST10552,2022-02-17,Standard,19.99,Monthly,South,Organic Search,Standard Support,34,8.9,0,7.2,0,,679.66
CUST10553,2024-02-11,Standard,19.99,Monthly,Central,Paid Ads,Standard Support,10,4.4,1,7.1,0,,199.9
CUST10554,2024-04-11,Basic,9.99,Monthly,Central,Organic Search,Priority Support,3,9.2,1,6.0,1,2024-07-10,29.97
CUST10555,2021-05-23,Premium,39.99,Monthly,Central,Referral,Standard Support,43,10.7,1,6.5,0,,1719.57
CUST10556,2022-06-30,Premium,39.99,Monthly,East,Organic Search,Standard Support,30,19.0,1,7.5,0,,1199.7
CUST10557,2023-06-09,Basic,9.99,Monthly,West,Social Media,Priority Support,19,10.2,0,8.9,0,,189.81
CUST10558,2024-09-22,Basic,9.99,Monthly,East,Email Campaign,Self-Service,3,8.5,0,5.3,1,2024-12-21,29.97
CUST10559,2022-04-18,Standard,19.99,Monthly,South,Referral,Self-Service,27,6.0,0,6.9,1,2024-07-06,539.73
CUST10560,2024-02-19,Standard,19.99,Monthly,West,Referral,Standard Support,10,10.3,0,8.2,0,,199.9
CUST10561,2024-02-12,Standard,19.99,Annual,South,Referral,Standard Support,10,14.2,2,6.6,0,,219.89
CUST10562,2024-08-11,Standard,19.99,Monthly,East,Paid Ads,Priority Support,4,8.1,2,8.1,0,,79.96
CUST10563,2024-07-27,Standard,19.99,Monthly,North,Social Media,Priority Support,5,9.7,1,7.9,0,,99.95
CUST10564,2021-10-31,Premium,39.99,Monthly,North,Email Campaign,Self-Service,38,21.6,1,5.3,1,2024-12-14,1519.62
CUST10565,2022-02-20,Standard,19.99,Monthly,South,Social Media,Standard Support,34,17.1,0,7.2,0,,679.66
CUST10566,2022-12-23,Standard,19.99,Monthly,South,Email Campaign,Priority Support,24,9.3,0,7.0,0,,479.76
CUST10567,2021-01-06,Basic,9.99,Monthly,South,Paid Ads,Self-Service,48,5.9,1,7.3,0,,479.52
CUST10568,2024-01-24,Premium,39.99,Annual,West,Organic Search,Self-Service,11,14.5,1,7.9,0,,483.88
CUST10569,2023-01-19,Standard,19.99,Monthly,South,Paid Ads,Self-Service,23,10.9,1,7.8,0,,459.77
CUST10570,2022-01-31,Standard,19.99,Monthly,South,Organic Search,Self-Service,28,6.9,0,1.7,1,2024-05-20,559.72
CUST10571,2024-06-29,Basic,9.99,Annual,West,Social Media,Self-Service,6,6.0,2,6.8,0,,65.93
CUST10572,2021-01-29,Standard,19.99,Annual,West,Social Media,Standard Support,47,10.0,1,8.7,0,,1033.48
CUST10573,2023-01-25,Standard,19.99,Annual,West,Social Media,Standard Support,23,17.0,1,8.6,0,,505.75
CUST10574,2023-01-02,Basic,9.99,Monthly,Central,Organic Search,Self-Service,4,3.3,2,6.3,1,2023-05-02,39.96
CUST10575,2024-02-13,Basic,9.99,Annual,West,Referral,Self-Service,10,13.6,0,4.2,0,,109.89
CUST10576,2023-02-21,Standard,19.99,Monthly,East,Organic Search,Self-Service,4,8.4,2,7.4,1,2023-06-21,79.96
CUST10577,2021-01-21,Premium,39.99,Monthly,South,Social Media,Standard Support,48,23.1,1,7.9,0,,1919.52
CUST10578,2022-06-25,Standard,19.99,Monthly,Central,Social Media,Standard Support,30,12.2,0,5.1,0,,599.7
CUST10579,2024-01-27,Basic,9.99,Annual,West,Referral,Standard Support,11,8.0,1,8.7,0,,120.88
CUST10580,2024-11-05,Standard,19.99,Monthly,West,Social Media,Self-Service,1,8.3,2,8.8,1,2024-12-05,19.99
CUST10581,2021-04-22,Basic,9.99,Monthly,East,Paid Ads,Priority Support,44,5.6,0,7.8,0,,439.56
CUST10582,2022-01-10,Basic,9.99,Monthly,North,Organic Search,Standard Support,36,2.1,1,5.7,0,,359.64
CUST10583,2022-10-14,Basic,9.99,Monthly,Central,Paid Ads,Self-Service,26,12.0,1,7.7,0,,259.74
CUST10584,2023-07-31,Standard,19.99,Annual,East,Organic Search,Priority Support,17,8.2,1,6.5,0,,373.81
CUST10585,2022-02-03,Standard,19.99,Monthly,North,Referral,Self-Service,28,5.6,0,2.7,1,2024-05-23,559.72
CUST10586,2021-12-09,Basic,9.99,Monthly,North,Organic Search,Self-Service,37,6.9,1,4.5,0,,369.63
CUST10587,2021-02-06,Standard,19.99,Monthly,Central,Paid Ads,Self-Service,47,7.2,3,6.0,0,,939.53
CUST10588,2021-11-10,Standard,19.99,Annual,Central,Paid Ads,Self-Service,38,9.7,0,4.6,0,,835.58
CUST10589,2021-01-25,Basic,9.99,Monthly,South,Organic Search,Self-Service,17,7.0,2,7.2,1,2022-06-19,169.83
CUST10590,2022-12-29,Basic,9.99,Monthly,South,Referral,Self-Service,24,1.2,0,4.9,0,,239.76
CUST10591,2023-12-07,Standard,19.99,Monthly,North,Paid Ads,Standard Support,13,14.0,1,8.1,0,,259.87
CUST10592,2023-11-28,Premium,39.99,Monthly,East,Organic Search,Self-Service,13,11.2,1,3.3,0,,519.87
CUST10593,2021-08-02,Standard,19.99,Annual,West,Social Media,Self-Service,41,12.5,1,7.4,0,,901.55
CUST10594,2024-08-21,Standard,19.99,Monthly,West,Paid Ads,Standard Support,4,4.2,0,9.0,0,,79.96
CUST10595,2021-03-24,Basic,9.99,Monthly,West,Paid Ads,Priority Support,18,5.8,2,4.3,1,2022-09-15,179.82
CUST10596,2024-04-28,Basic,9.99,Monthly,South,Paid Ads,Self-Service,1,6.5,1,6.2,1,2024-05-28,9.99
CUST10597,2024-07-11,Premium,39.99,Monthly,Central,Paid Ads,Self-Service,3,14.5,2,7.5,1,2024-10-09,119.97
CUST10598,2021-03-15,Premium,39.99,Monthly,Central,Paid Ads,Self-Service,10,17.4,3,3.2,1,2022-01-09,399.9
CUST10599,2024-05-12,Premium,39.99,Monthly,North,Referral,Self-Service,7,12.6,1,7.1,0,,279.93
CUST10600,2021-02-17,Premium,39.99,Monthly,East,Social Media,Standard Support,47,12.9,1,5.4,0,,1879.53
CUST10601,2023-12-15,Standard,19.99,Annual,South,Social Media,Self-Service,12,4.5,1,6.6,0,,263.87
CUST10602,2021-09-24,Basic,9.99,Monthly,East,Email Campaign,Priority Support,39,11.7,0,5.6,0,,389.61
CUST10603,2024-07-31,Standard,19.99,Monthly,South,Referral,Self-Service,4,13.4,3,5.7,1,2024-11-28,79.96
CUST10604,2023-11-01,Premium,39.99,Monthly,North,Paid Ads,Self-Service,14,14.0,1,5.4,0,,559.86
CUST10605,2022-01-27,Standard,19.99,Annual,East,Organic Search,Standard Support,7,13.2,2,10.0,1,2022-08-25,153.92
CUST10606,2021-03-02,Premium,39.99,Monthly,West,Paid Ads,Priority Support,46,18.3,2,6.0,0,,1839.54
CUST10607,2021-02-16,Standard,19.99,Monthly,South,Organic Search,Self-Service,47,7.5,1,5.8,0,,939.53
CUST10608,2022-01-06,Basic,9.99,Annual,South,Email Campaign,Self-Service,36,2.1,1,6.0,1,2024-12-21,395.6
CUST10609,2021-03-17,Standard,19.99,Annual,South,Referral,Priority Support,46,9.1,1,8.0,0,,1011.49
CUST10610,2023-11-10,Standard,19.99,Monthly,North,Paid Ads,Priority Support,13,8.7,0,7.0,0,,259.87
CUST10611,2022-10-07,Standard,19.99,Monthly,East,Paid Ads,Standard Support,27,8.8,0,10.0,0,,539.73
CUST10612,2021-01-13,Premium,39.99,Annual,West,Social Media,Self-Service,48,21.4,2,6.8,0,,2111.47
CUST10613,2023-10-24,Basic,9.99,Annual,West,Referral,Self-Service,1,0.3,3,8.4,1,2023-11-23,10.99
CUST10614,2022-10-16,Basic,9.99,Monthly,Central,Paid Ads,Self-Service,26,5.3,2,6.3,0,,259.74
CUST10615,2024-09-16,Standard,19.99,Annual,West,Social Media,Self-Service,1,8.3,3,6.4,1,2024-10-16,21.99
CUST10616,2022-07-14,Premium,39.99,Annual,North,Paid Ads,Priority Support,30,10.1,0,5.7,0,,1319.67
CUST10617,2022-07-24,Basic,9.99,Annual,Central,Paid Ads,Self-Service,12,8.6,1,8.5,1,2023-07-19,131.87
CUST10618,2021-04-11,Basic,9.99,Annual,West,Paid Ads,Priority Support,45,3.4,0,6.9,0,,494.51
CUST10619,2023-05-19,Standard,19.99,Annual,West,Organic Search,Self-Service,19,15.9,1,7.7,0,,417.79
CUST10620,2021-04-12,Basic,9.99,Monthly,West,Social Media,Self-Service,23,10.4,1,6.5,1,2023-03-03,229.77
CUST10621,2023-05-24,Standard,19.99,Annual,Central,Social Media,Self-Service,19,13.2,2,8.0,0,,417.79
CUST10622,2024-12-01,Standard,19.99,Monthly,Central,Organic Search,Priority Support,1,12.5,1,7.1,0,,19.99
CUST10623,2021-08-11,Premium,39.99,Monthly,West,Social Media,Priority Support,41,12.7,0,6.5,0,,1639.59
CUST10624,2023-01-13,Standard,19.99,Annual,North,Referral,Priority Support,23,7.2,0,3.9,0,,505.75
CUST10625,2023-06-10,Basic,9.99,Annual,North,Organic Search,Self-Service,19,11.1,3,5.7,0,,208.79
CUST10626,2024-03-10,Basic,9.99,Annual,East,Referral,Standard Support,9,4.9,0,7.4,0,,98.9
CUST10627,2024-06-11,Basic,9.99,Annual,North,Paid Ads,Standard Support,5,8.1,0,8.1,1,2024-11-08,54.95
CUST10628,2023-09-15,Basic,9.99,Monthly,East,Referral,Self-Service,15,6.5,0,7.6,0,,149.85
CUST10629,2024-08-16,Basic,9.99,Monthly,Central,Email Campaign,Self-Service,4,0.8,0,9.6,0,,39.96
CUST10630,2023-05-26,Standard,19.99,Monthly,West,Organic Search,Priority Support,19,5.8,1,8.7,0,,379.81
CUST10631,2023-08-28,Standard,19.99,Annual,South,Email Campaign,Standard Support,16,1.0,1,6.9,0,,351.82
CUST10632,2023-08-08,Standard,19.99,Annual,South,Referral,Self-Service,17,11.1,1,6.5,1,2024-12-30,373.81
CUST10633,2022-11-21,Standard,19.99,Monthly,East,Paid Ads,Standard Support,25,11.8,1,7.6,0,,499.75
CUST10634,2024-05-23,Basic,9.99,Monthly,North,Paid Ads,Self-Service,7,7.0,1,7.2,0,,69.93
CUST10635,2023-12-30,Standard,19.99,Monthly,West,Paid Ads,Priority Support,12,4.9,0,6.1,0,,239.88
CUST10636,2023-07-14,Standard,19.99,Monthly,Central,Referral,Self-Service,17,10.9,3,7.4,0,,339.83
CUST10637,2022-08-28,Basic,9.99,Monthly,Central,Social Media,Self-Service,28,4.1,1,5.1,0,,279.72
CUST10638,2022-01-13,Basic,9.99,Annual,West,Organic Search,Standard Support,36,10.8,2,6.8,0,,395.6
CUST10639,2022-01-06,Basic,9.99,Annual,South,Social Media,Self-Service,36,4.8,2,6.2,0,,395.6
CUST10640,2023-01-12,Premium,39.99,Monthly,Central,Email Campaign,Standard Support,23,21.8,3,7.0,0,,919.77
CUST10641,2021-09-03,Basic,9.99,Monthly,South,Email Campaign,Self-Service,40,5.1,0,5.8,0,,399.6
CUST10642,2024-08-14,Premium,39.99,Monthly,East,Organic Search,Standard Support,3,13.6,0,5.4,1,2024-11-12,119.97
CUST10643,2024-03-10,Standard,19.99,Monthly,West,Paid Ads,Self-Service,1,9.3,3,5.7,1,2024-04-09,19.99
CUST10644,2024-06-02,Standard,19.99,Annual,North,Paid Ads,Self-Service,7,17.0,1,6.2,0,,153.92
CUST10645,2021-06-24,Standard,19.99,Annual,West,Organic Search,Priority Support,42,7.6,0,7.0,0,,923.54
CUST10646,2023-09-18,Standard,19.99,Monthly,West,Organic Search,Self-Service,15,8.2,3,8.0,1,2024-12-11,299.85
CUST10647,2022-07-20,Basic,9.99,Monthly,East,Email Campaign,Priority Support,29,11.0,0,7.7,0,,289.71
CUST10648,2022-05-09,Basic,9.99,Monthly,North,Organic Search,Standard Support,32,9.6,2,5.7,0,,319.68
CUST10649,2021-05-03,Standard,19.99,Annual,South,Paid Ads,Standard Support,44,13.6,0,8.1,0,,967.52
CUST10650,2022-01-07,Basic,9.99,Monthly,Central,Email Campaign,Priority Support,36,11.2,1,10.0,0,,359.64
CUST10651,2023-03-10,Basic,9.99,Monthly,West,Social Media,Self-Service,22,1.6,1,6.5,0,,219.78
CUST10652,2023-08-11,Basic,9.99,Monthly,North,Referral,Self-Service,10,0.6,4,6.6,1,2024-06-06,99.9
CUST10653,2023-04-05,Standard,19.99,Monthly,North,Organic Search,Priority Support,21,7.6,0,8.3,0,,419.79
CUST10654,2022-07-06,Basic,9.99,Monthly,South,Social Media,Self-Service,30,2.1,1,6.9,0,,299.7
CUST10655,2022-09-25,Standard,19.99,Monthly,East,Social Media,Self-Service,27,7.1,1,4.4,0,,539.73
CUST10656,2024-04-10,Basic,9.99,Annual,Central,Organic Search,Self-Service,8,5.7,1,3.6,0,,87.91
CUST10657,2024-10-25,Premium,39.99,Monthly,North,Organic Search,Self-Service,2,13.3,4,7.8,1,2024-12-24,79.98
CUST10658,2024-01-17,Basic,9.99,Annual,South,Email Campaign,Self-Service,11,3.3,3,6.9,0,,120.88
CUST10659,2022-12-10,Premium,39.99,Annual,West,Social Media,Self-Service,25,23.0,1,6.2,0,,1099.73
CUST10660,2022-08-17,Standard,19.99,Annual,North,Social Media,Self-Service,8,6.8,2,5.1,1,2023-04-14,175.91
CUST10661,2023-06-01,Premium,39.99,Monthly,Central,Referral,Self-Service,19,11.6,0,9.9,0,,759.81
CUST10662,2021-08-21,Basic,9.99,Annual,North,Social Media,Self-Service,37,12.0,3,5.9,1,2024-09-04,406.59
CUST10663,2024-05-21,Premium,39.99,Annual,West,Referral,Standard Support,7,24.7,0,6.5,0,,307.92
CUST10664,2021-10-02,Basic,9.99,Monthly,North,Referral,Self-Service,39,7.1,3,7.0,0,,389.61
CUST10665,2022-12-27,Standard,19.99,Monthly,South,Paid Ads,Self-Service,9,7.8,2,4.6,1,2023-09-23,179.91
CUST10666,2024-10-29,Standard,19.99,Monthly,South,Referral,Standard Support,2,6.6,1,6.4,1,2024-12-28,39.98
CUST10667,2023-03-26,Basic,9.99,Monthly,Central,Paid Ads,Priority Support,21,8.1,1,9.2,0,,209.79
CUST10668,2022-02-01,Basic,9.99,Monthly,South,Organic Search,Standard Support,35,6.0,0,9.2,0,,349.65
CUST10669,2024-11-16,Premium,39.99,Monthly,Central,Organic Search,Self-Service,1,19.8,0,7.6,0,,39.99
CUST10670,2021-11-28,Standard,19.99,Monthly,East,Referral,Standard Support,37,11.8,0,7.0,0,,739.63
CUST10671,2021-08-31,Standard,19.99,Monthly,West,Social Media,Self-Service,40,15.1,1,6.9,0,,799.6
CUST10672,2022-01-30,Basic,9.99,Annual,West,Social Media,Self-Service,35,6.7,0,8.8,0,,384.62
CUST10673,2023-08-09,Premium,39.99,Monthly,East,Email Campaign,Priority Support,17,13.7,2,7.6,0,,679.83
CUST10674,2024-12-07,Basic,9.99,Monthly,East,Organic Search,Self-Service,1,7.8,0,6.0,1,2024-12-31,9.99
CUST10675,2024-01-25,Premium,39.99,Monthly,West,Organic Search,Standard Support,11,20.0,2,7.1,0,,439.89
CUST10676,2024-08-24,Basic,9.99,Annual,East,Social Media,Priority Support,4,3.2,0,6.8,0,,43.96
CUST10677,2022-12-25,Standard,19.99,Monthly,North,Social Media,Self-Service,24,1.8,0,7.1,0,,479.76
CUST10678,2021-01-10,Premium,39.99,Monthly,Central,Referral,Standard Support,48,21.6,0,9.2,0,,1919.52
CUST10679,2023-06-24,Standard,19.99,Monthly,South,Organic Search,Priority Support,9,12.5,0,9.1,1,2024-03-20,179.91
CUST10680,2024-12-06,Basic,9.99,Monthly,South,Social Media,Standard Support,1,4.5,1,10.0,0,,9.99
CUST10681,2021-10-01,Premium,39.99,Monthly,East,Paid Ads,Self-Service,39,19.9,2,7.6,0,,1559.61
CUST10682,2024-05-12,Basic,9.99,Annual,South,Referral,Standard Support,7,9.2,1,6.9,0,,76.92
CUST10683,2024-05-30,Standard,19.99,Annual,South,Paid Ads,Priority Support,7,6.8,0,8.0,0,,153.92
CUST10684,2023-11-17,Premium,39.99,Monthly,North,Paid Ads,Standard Support,13,17.3,1,8.4,0,,519.87
CUST10685,2023-08-27,Standard,19.99,Monthly,Central,Paid Ads,Standard Support,16,9.0,1,7.5,0,,319.84
CUST10686,2024-05-07,Standard,19.99,Annual,West,Organic Search,Self-Service,7,13.7,1,7.9,0,,153.92
CUST10687,2023-07-22,Standard,19.99,Monthly,Central,Organic Search,Standard Support,17,11.3,0,7.8,0,,339.83
CUST10688,2024-07-04,Premium,39.99,Monthly,East,Email Campaign,Self-Service,6,13.2,0,7.8,0,,239.94
CUST10689,2022-06-05,Standard,19.99,Annual,East,Email Campaign,Self-Service,25,7.2,1,6.9,1,2024-06-24,549.73
CUST10690,2024-02-04,Basic,9.99,Annual,South,Organic Search,Priority Support,11,8.2,1,6.9,0,,120.88
CUST10691,2022-10-09,Premium,39.99,Monthly,North,Organic Search,Standard Support,6,18.7,0,5.5,1,2023-04-07,239.94
CUST10692,2023-07-20,Premium,39.99,Monthly,South,Paid Ads,Self-Service,17,5.2,0,5.8,0,,679.83
CUST10693,2023-03-13,Basic,9.99,Annual,North,Paid Ads,Self-Service,21,1.7,0,4.6,0,,230.77
CUST10694,2024-11-08,Standard,19.99,Monthly,West,Paid Ads,Self-Service,1,5.2,1,4.8,1,2024-12-08,19.99
CUST10695,2023-03-10,Basic,9.99,Monthly,South,Social Media,Self-Service,22,9.6,2,7.8,0,,219.78
CUST10696,2022-11-25,Premium,39.99,Monthly,South,Paid Ads,Self-Service,25,21.6,1,5.4,0,,999.75
CUST10697,2021-04-20,Premium,39.99,Monthly,South,Email Campaign,Self-Service,36,19.4,0,5.7,1,2024-04-04,1439.64
CUST10698,2021-04-28,Standard,19.99,Annual,Central,Social Media,Self-Service,44,10.5,1,8.9,0,,967.52
CUST10699,2023-12-13,Basic,9.99,Monthly,North,Email Campaign,Standard Support,12,7.6,0,4.1,0,,119.88
CUST10700,2022-04-06,Basic,9.99,Monthly,Central,Email Campaign,Standard Support,33,4.2,0,10.0,0,,329.67
CUST10701,2022-06-03,Basic,9.99,Annual,North,Referral,Priority Support,31,2.1,0,4.9,0,,340.66
CUST10702,2024-05-05,Basic,9.99,Monthly,West,Referral,Self-Service,6,3.1,1,4.4,1,2024-11-01,59.94
CUST10703,2022-10-16,Standard,19.99,Annual,Central,Organic Search,Self-Service,8,10.5,1,5.6,1,2023-06-13,175.91
CUST10704,2023-05-26,Basic,9.99,Annual,South,Paid Ads,Standard Support,19,12.3,0,7.9,0,,208.79
CUST10705,2023-10-04,Basic,9.99,Monthly,South,Social Media,Priority Support,1,2.0,0,8.7,1,2023-11-03,9.99
CUST10706,2024-08-12,Standard,19.99,Monthly,North,Email Campaign,Self-Service,4,6.3,1,5.2,0,,79.96
CUST10707,2024-05-22,Basic,9.99,Annual,Central,Organic Search,Self-Service,7,0.6,3,3.6,0,,76.92
CUST10708,2024-07-20,Standard,19.99,Monthly,West,Email Campaign,Self-Service,5,16.9,0,8.6,0,,99.95
CUST10709,2022-11-08,Basic,9.99,Monthly,West,Paid Ads,Self-Service,26,5.2,1,5.4,0,,259.74
CUST10710,2024-05-02,Basic,9.99,Monthly,Central,Organic Search,Self-Service,8,3.4,2,5.2,0,,79.92
CUST10711,2023-03-01,Standard,19.99,Monthly,North,Referral,Self-Service,22,16.1,0,9.5,0,,439.78
CUST10712,2021-05-29,Standard,19.99,Monthly,East,Paid Ads,Self-Service,43,10.0,3,7.8,0,,859.57
CUST10713,2022-06-21,Standard,19.99,Monthly,North,Organic Search,Self-Service,22,6.6,0,6.6,1,2024-04-11,439.78
CUST10714,2022-03-15,Basic,9.99,Monthly,South,Paid Ads,Standard Support,34,0.9,1,6.2,0,,339.66
CUST10715,2022-04-07,Basic,9.99,Monthly,Central,Paid Ads,Self-Service,7,8.1,5,7.6,1,2022-11-03,69.93
CUST10716,2023-06-03,Standard,19.99,Annual,East,Social Media,Self-Service,19,14.4,1,7.7,0,,417.79
CUST10717,2023-07-26,Basic,9.99,Monthly,Central,Paid Ads,Standard Support,17,7.5,0,6.8,0,,169.83
CUST10718,2023-03-07,Basic,9.99,Monthly,North,Organic Search,Priority Support,22,4.4,0,8.4,0,,219.78
CUST10719,2022-10-30,Premium,39.99,Monthly,East,Social Media,Standard Support,26,5.9,0,4.7,0,,1039.74
CUST10720,2021-06-02,Standard,19.99,Monthly,West,Email Campaign,Standard Support,43,14.1,1,5.6,0,,859.57
CUST10721,2023-06-29,Premium,39.99,Monthly,North,Social Media,Priority Support,18,17.0,0,8.3,0,,719.82
CUST10722,2023-04-04,Standard,19.99,Monthly,Central,Social Media,Priority Support,21,3.8,0,6.4,0,,419.79
CUST10723,2023-03-22,Standard,19.99,Monthly,South,Organic Search,Standard Support,21,18.9,0,9.4,0,,419.79
CUST10724,2022-01-03,Basic,9.99,Monthly,Central,Referral,Priority Support,36,1.6,2,6.4,0,,359.64
CUST10725,2022-10-14,Standard,19.99,Monthly,South,Social Media,Standard Support,26,17.0,1,7.8,0,,519.74
CUST10726,2023-10-30,Basic,9.99,Monthly,South,Email Campaign,Priority Support,5,14.9,0,5.0,1,2024-03-28,49.95
CUST10727,2023-01-22,Basic,9.99,Annual,South,Organic Search,Standard Support,23,9.6,0,9.8,0,,252.75
CUST10728,2021-07-31,Basic,9.99,Monthly,East,Referral,Standard Support,41,14.0,3,6.3,0,,409.59
CUST10729,2021-03-29,Premium,39.99,Monthly,West,Social Media,Self-Service,45,14.6,0,8.1,0,,1799.55
CUST10730,2021-09-12,Basic,9.99,Monthly,North,Organic Search,Standard Support,40,0.0,1,7.5,0,,399.6
CUST10731,2021-06-14,Basic,9.99,Monthly,North,Organic Search,Standard Support,43,5.2,0,7.9,0,,429.57
CUST10732,2022-11-30,Basic,9.99,Annual,West,Paid Ads,Self-Service,25,2.4,1,3.5,0,,274.73
CUST10733,2022-02-12,Basic,9.99,Monthly,South,Email Campaign,Self-Service,27,8.9,2,6.8,1,2024-05-02,269.73
CUST10734,2022-04-16,Standard,19.99,Annual,Central,Organic Search,Priority Support,33,11.7,0,7.5,0,,725.64
CUST10735,2021-07-26,Standard,19.99,Monthly,North,Organic Search,Standard Support,41,1.5,0,6.9,0,,819.59
CUST10736,2021-01-04,Standard,19.99,Monthly,North,Social Media,Self-Service,48,13.8,2,7.4,0,,959.52
CUST10737,2024-11-06,Standard,19.99,Monthly,North,Organic Search,Self-Service,1,17.9,2,5.0,0,,19.99
CUST10738,2022-03-13,Premium,39.99,Monthly,North,Organic Search,Standard Support,8,21.8,0,8.2,1,2022-11-08,319.92
CUST10739,2021-08-15,Premium,39.99,Monthly,South,Social Media,Self-Service,41,14.6,3,8.1,0,,1639.59
CUST10740,2024-10-26,Standard,19.99,Annual,North,Organic Search,Self-Service,2,7.3,0,7.8,1,2024-12-25,43.98
CUST10741,2021-09-11,Premium,39.99,Monthly,North,Social Media,Self-Service,5,21.4,1,9.2,1,2022-02-08,199.95
CUST10742,2024-01-18,Standard,19.99,Monthly,South,Paid Ads,Standard Support,11,4.9,0,8.1,0,,219.89
CUST10743,2021-08-22,Standard,19.99,Monthly,North,Organic Search,Standard Support,40,7.9,1,8.1,0,,799.6
CUST10744,2024-05-30,Basic,9.99,Monthly,South,Paid Ads,Priority Support,7,8.2,0,8.9,0,,69.93
CUST10745,2022-07-29,Standard,19.99,Monthly,West,Organic Search,Standard Support,29,5.9,0,6.6,0,,579.71
CUST10746,2023-05-31,Standard,19.99,Monthly,West,Referral,Self-Service,12,8.0,2,7.3,1,2024-05-25,239.88
CUST10747,2021-08-28,Basic,9.99,Monthly,South,Paid Ads,Self-Service,40,0.0,5,7.3,0,,399.6
CUST10748,2021-08-15,Basic,9.99,Annual,South,Organic Search,Self-Service,41,9.8,1,6.6,0,,450.55
CUST10749,2022-03-14,Standard,19.99,Monthly,West,Email Campaign,Self-Service,12,9.8,1,5.9,1,2023-03-09,239.88
CUST10750,2022-06-09,Standard,19.99,Monthly,East,Social Media,Self-Service,31,8.0,3,6.2,0,,619.69
CUST10751,2022-10-19,Basic,9.99,Monthly,South,Referral,Standard Support,26,11.6,2,7.7,0,,259.74
CUST10752,2022-10-17,Basic,9.99,Annual,Central,Organic Search,Priority Support,6,3.2,1,4.5,1,2023-04-15,65.93
CUST10753,2024-03-02,Standard,19.99,Annual,North,Organic Search,Standard Support,10,9.6,0,5.7,0,,219.89
CUST10754,2022-08-27,Basic,9.99,Monthly,East,Social Media,Self-Service,28,8.3,1,7.9,0,,279.72
CUST10755,2023-04-26,Standard,19.99,Monthly,South,Social Media,Self-Service,7,14.0,1,7.0,1,2023-11-22,139.93
CUST10756,2022-02-08,Standard,19.99,Monthly,East,Email Campaign,Standard Support,35,8.9,0,7.2,0,,699.65
CUST10757,2023-03-15,Standard,19.99,Monthly,East,Organic Search,Self-Service,21,1.6,1,6.1,0,,419.79
CUST10758,2022-01-25,Basic,9.99,Monthly,South,Paid Ads,Self-Service,35,11.0,2,5.0,0,,349.65
CUST10759,2022-07-17,Standard,19.99,Annual,West,Organic Search,Standard Support,29,3.8,2,7.3,0,,637.68
CUST10760,2024-08-02,Basic,9.99,Monthly,North,Referral,Standard Support,5,5.9,1,6.7,0,,49.95
CUST10761,2023-10-27,Basic,9.99,Monthly,West,Organic Search,Self-Service,14,10.1,1,4.3,0,,139.86
CUST10762,2023-01-19,Basic,9.99,Monthly,East,Paid Ads,Self-Service,23,7.4,0,7.0,0,,229.77
CUST10763,2023-08-02,Standard,19.99,Monthly,South,Email Campaign,Self-Service,17,6.7,1,5.6,0,,339.83
CUST10764,2021-04-03,Premium,39.99,Monthly,West,Organic Search,Standard Support,45,20.1,3,6.2,0,,1799.55
CUST10765,2022-12-28,Basic,9.99,Monthly,North,Referral,Standard Support,24,5.8,3,7.9,0,,239.76
CUST10766,2024-01-14,Premium,39.99,Annual,East,Email Campaign,Self-Service,4,26.1,2,4.2,1,2024-05-13,175.96
CUST10767,2023-10-04,Standard,19.99,Monthly,West,Organic Search,Standard Support,15,12.0,1,8.2,0,,299.85
CUST10768,2022-02-17,Basic,9.99,Monthly,North,Email Campaign,Self-Service,34,10.8,3,8.4,0,,339.66
CUST10769,2024-07-30,Basic,9.99,Monthly,North,Paid Ads,Standard Support,1,0.0,2,2.7,1,2024-08-29,9.99
CUST10770,2021-06-19,Premium,39.99,Monthly,South,Referral,Self-Service,3,8.5,1,5.5,1,2021-09-17,119.97
CUST10771,2024-08-07,Basic,9.99,Monthly,Central,Social Media,Standard Support,4,1.7,2,8.5,0,,39.96
CUST10772,2022-02-07,Premium,39.99,Annual,Central,Organic Search,Standard Support,35,21.0,4,6.6,0,,1539.62
CUST10773,2024-04-13,Basic,9.99,Monthly,North,Paid Ads,Self-Service,3,4.7,2,6.9,1,2024-07-12,29.97
CUST10774,2024-10-11,Basic,9.99,Monthly,South,Email Campaign,Standard Support,2,12.3,1,8.7,0,,19.98
CUST10775,2023-11-15,Basic,9.99,Monthly,Central,Social Media,Standard Support,13,5.3,1,6.6,0,,129.87
CUST10776,2021-05-12,Premium,39.99,Annual,South,Organic Search,Priority Support,44,14.1,0,8.4,0,,1935.52
CUST10777,2022-03-21,Premium,39.99,Monthly,South,Referral,Self-Service,18,11.4,2,4.8,1,2023-09-12,719.82
CUST10778,2021-10-25,Standard,19.99,Monthly,South,Organic Search,Self-Service,27,7.0,2,6.1,1,2024-01-13,539.73
CUST10779,2024-10-04,Basic,9.99,Annual,North,Paid Ads,Self-Service,2,5.8,1,8.1,0,,21.98
CUST10780,2022-02-21,Premium,39.99,Monthly,South,Paid Ads,Standard Support,34,18.5,1,10.0,0,,1359.66
CUST10781,2022-08-31,Basic,9.99,Monthly,East,Paid Ads,Standard Support,28,10.0,0,9.7,0,,279.72
CUST10782,2024-11-28,Basic,9.99,Monthly,West,Organic Search,Standard Support,1,13.2,1,6.9,1,2024-12-28,9.99
CUST10783,2024-02-23,Basic,9.99,Annual,North,Organic Search,Self-Service,10,8.0,1,8.2,0,,109.89
CUST10784,2023-09-07,Basic,9.99,Monthly,South,Email Campaign,Self-Service,16,1.4,1,8.1,0,,159.84
CUST10785,2021-08-09,Basic,9.99,Monthly,Central,Organic Search,Self-Service,41,6.1,1,6.0,0,,409.59
CUST10786,2023-06-05,Standard,19.99,Annual,Central,Organic Search,Standard Support,19,12.6,1,6.9,0,,417.79
CUST10787,2022-05-10,Premium,39.99,Monthly,Central,Social Media,Self-Service,7,15.3,1,4.0,1,2022-12-06,279.93
CUST10788,2022-05-09,Basic,9.99,Monthly,East,Paid Ads,Self-Service,12,9.1,3,4.4,1,2023-05-04,119.88
CUST10789,2023-10-21,Standard,19.99,Annual,East,Organic Search,Self-Service,14,8.6,1,5.9,0,,307.85
CUST10790,2023-12-10,Basic,9.99,Annual,North,Paid Ads,Priority Support,12,5.8,1,7.7,0,,131.87
CUST10791,2024-07-17,Basic,9.99,Annual,West,Organic Search,Self-Service,5,9.0,0,6.8,0,,54.95
CUST10792,2021-09-08,Basic,9.99,Monthly,East,Email Campaign,Priority Support,29,10.1,0,7.0,1,2024-01-26,289.71
CUST10793,2023-12-05,Standard,19.99,Monthly,West,Organic Search,Priority Support,13,5.4,1,6.6,0,,259.87
CUST10794,2022-04-17,Basic,9.99,Monthly,East,Email Campaign,Standard Support,32,13.2,2,7.0,0,,319.68
CUST10795,2021-11-08,Basic,9.99,Monthly,East,Organic Search,Standard Support,38,12.3,0,8.3,0,,379.62
CUST10796,2023-02-18,Standard,19.99,Annual,North,Organic Search,Self-Service,22,16.4,1,3.6,0,,483.76
CUST10797,2024-05-01,Basic,9.99,Monthly,North,Referral,Standard Support,8,2.2,0,7.2,0,,79.92
CUST10798,2024-05-14,Basic,9.99,Annual,South,Referral,Standard Support,7,10.5,1,5.1,0,,76.92
CUST10799,2024-06-05,Basic,9.99,Monthly,West,Organic Search,Self-Service,6,9.8,2,4.3,0,,59.94
CUST10800,2022-03-24,Standard,19.99,Monthly,South,Organic Search,Self-Service,25,11.6,0,7.1,1,2024-04-12,499.75
CUST10801,2021-02-19,Standard,19.99,Annual,North,Social Media,Standard Support,47,13.8,0,7.8,0,,1033.48
CUST10802,2023-09-30,Basic,9.99,Monthly,North,Social Media,Self-Service,2,10.4,5,5.9,1,2023-11-29,19.98
CUST10803,2021-05-10,Basic,9.99,Monthly,North,Social Media,Standard Support,44,6.2,2,7.8,0,,439.56
CUST10804,2021-04-02,Basic,9.99,Annual,East,Paid Ads,Self-Service,36,6.0,0,4.9,1,2024-03-17,395.6
CUST10805,2024-03-18,Standard,19.99,Monthly,Central,Social Media,Self-Service,6,11.3,1,8.0,1,2024-09-14,119.94
CUST10806,2024-12-01,Basic,9.99,Monthly,South,Organic Search,Standard Support,1,0.0,2,7.8,0,,9.99
CUST10807,2022-07-14,Basic,9.99,Monthly,North,Email Campaign,Self-Service,30,0.0,1,7.6,0,,299.7
CUST10808,2024-01-28,Standard,19.99,Monthly,West,Social Media,Self-Service,2,6.5,2,4.2,1,2024-03-28,39.98
CUST10809,2024-03-23,Standard,19.99,Monthly,North,Organic Search,Priority Support,9,5.8,0,9.7,0,,179.91
CUST10810,2021-06-23,Basic,9.99,Monthly,South,Paid Ads,Standard Support,42,5.7,1,4.5,0,,419.58
CUST10811,2021-10-21,Basic,9.99,Monthly,South,Paid Ads,Priority Support,38,3.4,0,7.1,0,,379.62
CUST10812,2023-12-04,Standard,19.99,Monthly,East,Referral,Priority Support,5,7.3,0,6.5,1,2024-05-02,99.95
CUST10813,2022-10-02,Basic,9.99,Monthly,South,Organic Search,Standard Support,27,10.0,2,6.6,0,,269.73
CUST10814,2021-01-01,Standard,19.99,Annual,South,Email Campaign,Standard Support,48,11.4,0,8.6,0,,1055.47
CUST10815,2022-12-13,Standard,19.99,Monthly,North,Organic Search,Priority Support,24,10.4,2,9.7,0,,479.76
CUST10816,2023-10-31,Basic,9.99,Monthly,South,Referral,Priority Support,14,5.5,0,5.2,0,,139.86
CUST10817,2024-11-28,Premium,39.99,Annual,North,Referral,Self-Service,1,21.9,5,8.1,0,,43.99
CUST10818,2024-11-13,Standard,19.99,Monthly,East,Referral,Self-Service,1,13.4,2,4.9,0,,19.99
CUST10819,2021-03-31,Basic,9.99,Monthly,Central,Paid Ads,Standard Support,45,5.4,2,7.9,0,,449.55
CUST10820,2024-08-18,Basic,9.99,Monthly,East,Organic Search,Priority Support,2,0.0,0,6.6,1,2024-10-17,19.98
CUST10821,2023-01-31,Basic,9.99,Monthly,Central,Paid Ads,Self-Service,23,0.0,2,4.9,0,,229.77
CUST10822,2021-11-09,Premium,39.99,Monthly,Central,Organic Search,Standard Support,38,14.1,2,5.7,0,,1519.62
CUST10823,2024-12-01,Premium,39.99,Monthly,East,Referral,Standard Support,1,10.7,2,10.0,0,,39.99
CUST10824,2022-09-29,Standard,19.99,Annual,North,Paid Ads,Self-Service,27,16.0,1,5.5,0,,593.7
CUST10825,2021-09-11,Premium,39.99,Monthly,West,Email Campaign,Self-Service,33,10.2,1,4.9,1,2024-05-28,1319.67
CUST10826,2023-03-11,Premium,39.99,Monthly,East,Paid Ads,Self-Service,6,17.2,3,8.3,1,2023-09-07,239.94
CUST10827,2023-11-17,Standard,19.99,Monthly,North,Organic Search,Standard Support,13,10.3,0,7.3,0,,259.87
CUST10828,2023-11-24,Basic,9.99,Monthly,West,Referral,Standard Support,13,4.6,0,7.1,0,,129.87
CUST10829,2023-02-09,Basic,9.99,Monthly,West,Email Campaign,Self-Service,23,3.0,1,5.3,0,,229.77
CUST10830,2023-04-03,Standard,19.99,Monthly,North,Organic Search,Self-Service,21,12.9,2,7.3,0,,419.79
CUST10831,2023-03-22,Basic,9.99,Annual,Central,Social Media,Priority Support,21,1.2,0,5.9,0,,230.77
CUST10832,2022-01-25,Basic,9.99,Annual,East,Paid Ads,Self-Service,35,7.7,1,7.1,0,,384.62
CUST10833,2024-11-07,Basic,9.99,Monthly,East,Organic Search,Self-Service,1,7.0,4,5.9,1,2024-12-07,9.99
CUST10834,2022-12-01,Premium,39.99,Monthly,South,Email Campaign,Self-Service,25,15.8,0,8.4,0,,999.75
CUST10835,2023-04-04,Premium,39.99,Monthly,West,Organic Search,Priority Support,2,12.8,2,9.7,1,2023-06-03,79.98
CUST10836,2021-04-18,Basic,9.99,Monthly,West,Organic Search,Self-Service,12,10.3,2,6.2,1,2022-04-13,119.88
CUST10837,2023-11-13,Basic,9.99,Annual,Central,Organic Search,Self-Service,13,7.1,2,3.0,0,,142.86
CUST10838,2022-03-14,Standard,19.99,Monthly,North,Paid Ads,Self-Service,34,12.7,1,7.9,0,,679.66
CUST10839,2022-12-15,Standard,19.99,Monthly,East,Organic Search,Self-Service,23,5.0,1,8.2,1,2024-11-04,459.77
CUST10840,2021-05-05,Standard,19.99,Monthly,North,Social Media,Self-Service,20,12.7,1,6.5,1,2022-12-26,399.8
CUST10841,2022-01-31,Basic,9.99,Annual,South,Organic Search,Standard Support,35,1.4,0,9.0,0,,384.62
CUST10842,2021-04-13,Basic,9.99,Monthly,North,Organic Search,Standard Support,45,10.0,1,9.4,0,,449.55
CUST10843,2024-04-08,Standard,19.99,Annual,Central,Email Campaign,Priority Support,8,14.2,0,8.9,0,,175.91
CUST10844,2023-11-17,Basic,9.99,Annual,North,Social Media,Self-Service,13,4.6,1,7.5,0,,142.86
CUST10845,2021-11-22,Basic,9.99,Monthly,West,Email Campaign,Standard Support,37,7.8,0,8.7,0,,369.63
CUST10846,2024-07-07,Basic,9.99,Monthly,North,Referral,Self-Service,5,10.3,2,6.2,0,,49.95
CUST10847,2021-09-08,Premium,39.99,Annual,North,Organic Search,Standard Support,40,14.0,2,8.5,0,,1759.56
CUST10848,2024-10-25,Basic,9.99,Monthly,South,Referral,Self-Service,2,2.1,1,4.7,0,,19.98
CUST10849,2022-05-06,Standard,19.99,Annual,North,Organic Search,Priority Support,32,16.7,3,9.2,0,,703.65
CUST10850,2023-08-12,Standard,19.99,Monthly,South,Organic Search,Self-Service,2,12.1,1,6.4,1,2023-10-11,39.98
CUST10851,2023-05-18,Standard,19.99,Monthly,North,Organic Search,Standard Support,19,13.3,1,6.4,0,,379.81
CUST10852,2021-05-24,Standard,19.99,Monthly,West,Social Media,Self-Service,35,5.6,1,5.2,1,2024-04-08,699.65
CUST10853,2022-05-11,Standard,19.99,Annual,West,Organic Search,Standard Support,32,12.3,2,6.6,0,,703.65
CUST10854,2022-03-27,Standard,19.99,Monthly,East,Paid Ads,Self-Service,8,13.7,1,5.2,1,2022-11-22,159.92
CUST10855,2021-05-03,Basic,9.99,Monthly,Central,Paid Ads,Self-Service,44,15.3,1,3.0,0,,439.56
CUST10856,2023-05-03,Standard,19.99,Monthly,North,Organic Search,Priority Support,20,14.6,0,9.4,0,,399.8
CUST10857,2024-09-30,Premium,39.99,Monthly,Central,Paid Ads,Self-Service,3,14.9,2,5.6,1,2024-12-29,119.97
CUST10858,2023-07-21,Basic,9.99,Monthly,West,Organic Search,Standard Support,11,6.4,1,5.3,1,2024-06-15,109.89
CUST10859,2021-09-09,Basic,9.99,Annual,South,Referral,Standard Support,40,10.4,1,4.6,0,,439.56
CUST10860,2024-02-20,Basic,9.99,Monthly,South,Referral,Priority Support,10,8.1,0,9.0,0,,99.9
CUST10861,2024-10-14,Basic,9.99,Monthly,South,Social Media,Standard Support,2,0.0,1,5.8,1,2024-12-13,19.98
CUST10862,2023-11-15,Premium,39.99,Monthly,Central,Organic Search,Self-Service,13,18.4,3,6.1,0,,519.87
CUST10863,2023-08-31,Basic,9.99,Monthly,North,Organic Search,Self-Service,11,8.7,1,6.4,1,2024-07-26,109.89
CUST10864,2024-05-29,Standard,19.99,Annual,West,Organic Search,Standard Support,6,7.5,2,4.5,1,2024-11-25,131.93
CUST10865,2021-11-20,Standard,19.99,Monthly,East,Organic Search,Self-Service,1,11.4,2,6.6,1,2021-12-20,19.99
CUST10866,2021-09-23,Standard,19.99,Monthly,West,Referral,Priority Support,39,10.1,0,9.5,0,,779.61
CUST10867,2023-05-11,Basic,9.99,Monthly,South,Social Media,Self-Service,12,3.4,3,7.9,1,2024-05-05,119.88
CUST10868,2023-04-08,Basic,9.99,Monthly,Central,Referral,Priority Support,21,9.9,0,6.5,0,,209.79
CUST10869,2022-01-27,Basic,9.99,Monthly,Central,Social Media,Priority Support,35,10.1,0,7.2,0,,349.65
CUST10870,2022-01-06,Basic,9.99,Monthly,Central,Paid Ads,Standard Support,36,1.8,1,7.7,0,,359.64
CUST10871,2022-02-13,Standard,19.99,Annual,East,Email Campaign,Standard Support,35,15.3,1,6.5,0,,769.62
CUST10872,2023-04-30,Basic,9.99,Annual,West,Social Media,Standard Support,20,6.7,0,9.3,0,,219.78
CUST10873,2023-12-11,Premium,39.99,Monthly,West,Social Media,Self-Service,12,17.2,3,6.2,0,,479.88
CUST10874,2023-05-26,Premium,39.99,Annual,East,Organic Search,Self-Service,19,12.3,0,3.6,0,,835.79
CUST10875,2024-04-06,Standard,19.99,Monthly,West,Referral,Standard Support,8,8.4,1,6.2,0,,159.92
CUST10876,2023-05-13,Premium,39.99,Monthly,North,Paid Ads,Priority Support,19,18.8,1,7.0,0,,759.81
CUST10877,2023-08-03,Standard,19.99,Monthly,Central,Paid Ads,Standard Support,17,11.1,2,6.8,0,,339.83
CUST10878,2021-03-18,Basic,9.99,Monthly,South,Paid Ads,Self-Service,46,2.1,1,5.8,0,,459.54
CUST10879,2023-10-05,Standard,19.99,Annual,East,Paid Ads,Self-Service,15,9.4,0,7.2,0,,329.83
CUST10880,2022-04-16,Standard,19.99,Monthly,North,Paid Ads,Self-Service,33,16.5,1,10.0,0,,659.67
CUST10881,2022-01-25,Basic,9.99,Monthly,North,Paid Ads,Self-Service,35,7.8,3,5.2,0,,349.65
CUST10882,2021-10-10,Premium,39.99,Monthly,South,Organic Search,Standard Support,39,17.9,0,8.3,0,,1559.61
CUST10883,2022-07-03,Premium,39.99,Annual,East,Organic Search,Standard Support,9,19.9,3,6.3,1,2023-03-30,395.9
CUST10884,2023-04-04,Basic,9.99,Monthly,West,Email Campaign,Self-Service,21,20.8,1,6.3,0,,209.79
CUST10885,2024-10-23,Standard,19.99,Monthly,North,Email Campaign,Self-Service,2,11.8,1,6.7,0,,39.98
CUST10886,2022-11-22,Basic,9.99,Annual,Central,Social Media,Standard Support,25,4.4,0,8.7,0,,274.73
CUST10887,2021-04-10,Standard,19.99,Monthly,North,Social Media,Self-Service,45,6.2,2,7.3,0,,899.55
CUST10888,2022-06-28,Premium,39.99,Monthly,North,Organic Search,Self-Service,30,9.6,2,4.7,0,,1199.7
CUST10889,2022-06-11,Basic,9.99,Monthly,Central,Organic Search,Priority Support,31,4.8,1,7.9,0,,309.69
CUST10890,2024-04-30,Basic,9.99,Annual,West,Paid Ads,Self-Service,8,1.5,0,5.1,0,,87.91
CUST10891,2024-09-21,Standard,19.99,Annual,West,Organic Search,Standard Support,3,7.7,1,5.2,0,,65.97
CUST10892,2024-08-06,Standard,19.99,Monthly,South,Referral,Standard Support,1,4.9,2,7.9,1,2024-09-05,19.99
CUST10893,2023-10-25,Basic,9.99,Monthly,South,Organic Search,Self-Service,14,15.9,3,8.1,0,,139.86
CUST10894,2021-10-27,Basic,9.99,Monthly,West,Social Media,Standard Support,38,6.0,2,9.2,0,,379.62
CUST10895,2021-08-07,Basic,9.99,Monthly,East,Organic Search,Self-Service,41,1.8,1,6.9,0,,409.59
CUST10896,2024-05-23,Basic,9.99,Annual,North,Social Media,Standard Support,7,4.9,0,7.0,0,,76.92
CUST10897,2024-07-23,Standard,19.99,Monthly,South,Referral,Priority Support,5,3.1,0,7.6,0,,99.95
CUST10898,2021-08-09,Basic,9.99,Monthly,South,Paid Ads,Priority Support,36,12.0,0,5.2,1,2024-07-24,359.64
CUST10899,2023-01-30,Basic,9.99,Annual,South,Referral,Standard Support,23,8.0,1,7.2,0,,252.75
CUST10900,2021-07-17,Basic,9.99,Monthly,East,Referral,Self-Service,17,10.6,2,2.2,1,2022-12-09,169.83
CUST10901,2024-06-12,Basic,9.99,Monthly,East,Referral,Standard Support,6,8.1,0,9.8,0,,59.94
CUST10902,2023-05-09,Basic,9.99,Monthly,North,Organic Search,Self-Service,20,10.6,2,7.5,0,,199.8
CUST10903,2023-10-31,Basic,9.99,Monthly,North,Email Campaign,Self-Service,14,9.5,1,6.8,0,,139.86
CUST10904,2024-07-26,Standard,19.99,Monthly,Central,Organic Search,Standard Support,5,-1.0,2,6.7,0,,99.95
CUST10905,2021-01-14,Basic,9.99,Monthly,West,Paid Ads,Priority Support,48,9.8,1,6.2,0,,479.52
CUST10906,2024-11-21,Standard,19.99,Monthly,East,Organic Search,Self-Service,1,6.8,0,9.0,0,,19.99
CUST10907,2024-05-16,Basic,9.99,Monthly,Central,Referral,Standard Support,7,2.1,0,9.1,0,,69.93
CUST10908,2022-01-12,Premium,39.99,Monthly,East,Organic Search,Self-Service,36,12.1,3,8.2,0,,1439.64
CUST10909,2022-10-14,Basic,9.99,Monthly,Central,Email Campaign,Priority Support,26,7.7,0,9.1,0,,259.74
CUST10910,2021-12-23,Basic,9.99,Monthly,East,Paid Ads,Standard Support,18,10.9,2,3.8,1,2023-06-16,179.82
CUST10911,2023-08-02,Standard,19.99,Monthly,South,Organic Search,Self-Service,17,7.6,3,7.1,0,,339.83
CUST10912,2021-05-31,Standard,19.99,Monthly,West,Paid Ads,Priority Support,43,5.9,0,7.0,0,,859.57
CUST10913,2022-01-29,Standard,19.99,Monthly,Central,Referral,Standard Support,35,12.6,0,4.2,0,,699.65
CUST10914,2023-07-13,Basic,9.99,Monthly,Central,Social Media,Self-Service,3,4.6,1,7.2,1,2023-10-11,29.97
CUST10915,2023-03-05,Premium,39.99,Annual,East,Email Campaign,Priority Support,22,17.9,1,6.6,0,,967.76
CUST10916,2022-09-11,Premium,39.99,Annual,East,Paid Ads,Self-Service,28,21.4,1,3.8,0,,1231.69
CUST10917,2023-08-09,Premium,39.99,Monthly,North,Paid Ads,Standard Support,17,19.7,1,7.0,0,,679.83
CUST10918,2023-04-09,Standard,19.99,Monthly,North,Referral,Self-Service,8,6.2,2,7.2,1,2023-12-05,159.92
CUST10919,2022-07-25,Premium,39.99,Monthly,East,Email Campaign,Priority Support,29,12.4,2,8.8,0,,1159.71
CUST10920,2022-03-05,Basic,9.99,Monthly,Central,Referral,Self-Service,34,1.5,0,7.5,0,,339.66
CUST10921,2021-03-21,Standard,19.99,Monthly,Central,Paid Ads,Standard Support,46,16.2,1,4.2,0,,919.54
CUST10922,2023-08-22,Standard,19.99,Monthly,East,Email Campaign,Standard Support,8,10.7,1,7.7,1,2024-04-18,159.92
CUST10923,2024-04-29,Standard,19.99,Monthly,East,Organic Search,Standard Support,8,8.4,0,6.7,0,,159.92
CUST10924,2021-05-23,Standard,19.99,Monthly,Central,Referral,Standard Support,43,4.3,0,9.0,0,,859.57
CUST10925,2024-05-28,Basic,9.99,Annual,West,Organic Search,Standard Support,7,18.4,0,9.3,0,,76.92
CUST10926,2023-01-23,Standard,19.99,Annual,East,Organic Search,Priority Support,5,4.4,1,8.7,1,2023-06-22,109.94
CUST10927,2021-01-25,Basic,9.99,Monthly,South,Referral,Self-Service,47,7.0,0,5.7,0,,469.53
CUST10928,2021-04-09,Basic,9.99,Annual,Central,Organic Search,Self-Service,45,5.1,2,7.7,0,,494.51
CUST10929,2022-08-22,Basic,9.99,Monthly,West,Organic Search,Standard Support,28,9.1,1,6.8,0,,279.72
CUST10930,2021-04-06,Basic,9.99,Annual,North,Paid Ads,Self-Service,2,5.2,2,6.3,1,2021-06-05,21.98
CUST10931,2024-02-04,Basic,9.99,Monthly,West,Organic Search,Standard Support,8,6.0,0,9.6,1,2024-10-01,79.92
CUST10932,2022-03-05,Standard,19.99,Monthly,West,Organic Search,Standard Support,34,15.6,3,7.3,0,,679.66
CUST10933,2024-09-26,Premium,39.99,Monthly,Central,Email Campaign,Standard Support,3,17.2,0,7.7,0,,119.97
CUST10934,2024-08-03,Standard,19.99,Annual,East,Organic Search,Standard Support,5,11.4,2,7.6,0,,109.94
CUST10935,2021-05-25,Basic,9.99,Annual,Central,Social Media,Standard Support,43,7.3,3,8.4,0,,472.53
CUST10936,2023-11-03,Standard,19.99,Annual,South,Organic Search,Self-Service,14,14.0,0,6.4,0,,307.85
CUST10937,2022-12-21,Standard,19.99,Monthly,South,Referral,Priority Support,24,11.9,0,8.2,0,,479.76
CUST10938,2021-11-04,Basic,9.99,Annual,North,Referral,Self-Service,38,4.6,3,8.1,0,,417.58
CUST10939,2024-01-05,Standard,19.99,Monthly,South,Organic Search,Self-Service,12,10.3,1,7.5,0,,239.88
CUST10940,2021-02-19,Basic,9.99,Annual,West,Organic Search,Standard Support,47,9.5,3,4.4,0,,516.48
CUST10941,2021-07-29,Basic,9.99,Annual,East,Organic Search,Self-Service,41,0.0,1,5.9,0,,450.55
CUST10942,2024-06-29,Basic,9.99,Monthly,Central,Paid Ads,Self-Service,4,2.0,2,10.0,1,2024-10-27,39.96
CUST10943,2021-07-17,Basic,9.99,Monthly,East,Email Campaign,Standard Support,28,7.6,1,8.7,1,2023-11-04,279.72
CUST10944,2023-11-09,Standard,19.99,Monthly,East,Social Media,Standard Support,13,10.7,3,9.3,0,,259.87
CUST10945,2021-04-07,Premium,39.99,Monthly,North,Paid Ads,Self-Service,45,11.5,3,7.8,0,,1799.55
CUST10946,2023-10-20,Standard,19.99,Annual,South,Organic Search,Self-Service,14,2.5,1,4.8,0,,307.85
CUST10947,2021-06-28,Premium,39.99,Monthly,East,Referral,Standard Support,42,11.7,0,9.3,0,,1679.58
CUST10948,2024-06-29,Basic,9.99,Monthly,West,Referral,Priority Support,6,10.1,0,8.9,0,,59.94
CUST10949,2022-02-28,Standard,19.99,Monthly,North,Paid Ads,Standard Support,34,7.9,1,6.8,0,,679.66
CUST10950,2021-05-04,Basic,9.99,Monthly,West,Paid Ads,Standard Support,44,0.8,1,8.6,0,,439.56
CUST10951,2021-02-12,Standard,19.99,Monthly,East,Organic Search,Self-Service,47,6.7,2,4.9,0,,939.53
CUST10952,2024-10-06,Basic,9.99,Monthly,South,Social Media,Self-Service,2,5.7,4,5.7,0,,19.98
CUST10953,2021-07-13,Basic,9.99,Annual,West,Email Campaign,Self-Service,2,0.0,4,6.9,1,2021-09-11,21.98
CUST10954,2024-02-24,Standard,19.99,Annual,West,Paid Ads,Standard Support,10,11.5,2,7.3,0,,219.89
CUST10955,2021-05-11,Basic,9.99,Monthly,South,Paid Ads,Self-Service,6,2.3,2,4.8,1,2021-11-07,59.94
CUST10956,2024-12-02,Basic,9.99,Annual,East,Email Campaign,Standard Support,1,3.5,0,6.9,1,2024-12-31,10.99
CUST10957,2022-07-02,Standard,19.99,Annual,West,Paid Ads,Self-Service,11,10.3,3,7.5,1,2023-05-28,241.88
CUST10958,2024-10-25,Basic,9.99,Monthly,South,Organic Search,Standard Support,2,6.4,0,8.3,0,,19.98
CUST10959,2023-07-12,Premium,39.99,Monthly,West,Organic Search,Standard Support,17,11.7,0,8.5,0,,679.83
CUST10960,2022-01-10,Standard,19.99,Monthly,Central,Referral,Standard Support,36,4.3,0,9.6,0,,719.64
CUST10961,2021-08-13,Standard,19.99,Monthly,North,Organic Search,Self-Service,41,7.9,2,8.9,0,,819.59
CUST10962,2021-01-27,Basic,9.99,Annual,South,Organic Search,Self-Service,47,4.6,3,7.9,0,,516.48
CUST10963,2023-07-29,Basic,9.99,Annual,Central,Organic Search,Standard Support,17,13.5,1,8.8,0,,186.81
CUST10964,2021-09-11,Premium,39.99,Annual,South,Email Campaign,Standard Support,40,7.5,0,6.7,0,,1759.56
CUST10965,2023-08-11,Basic,9.99,Annual,West,Organic Search,Self-Service,2,5.1,3,8.1,1,2023-10-10,21.98
CUST10966,2023-06-20,Premium,39.99,Annual,Central,Email Campaign,Self-Service,18,16.9,0,7.6,0,,791.8
CUST10967,2022-10-06,Premium,39.99,Monthly,East,Organic Search,Standard Support,27,15.1,0,7.4,0,,1079.73
CUST10968,2022-02-08,Standard,19.99,Monthly,West,Referral,Standard Support,35,11.0,0,8.8,0,,699.65
CUST10969,2023-09-30,Premium,39.99,Monthly,South,Referral,Standard Support,15,19.4,1,8.2,0,,599.85
CUST10970,2021-09-05,Basic,9.99,Monthly,North,Email Campaign,Standard Support,40,6.7,2,9.3,0,,399.6
CUST10971,2022-11-08,Standard,19.99,Monthly,North,Organic Search,Standard Support,7,15.9,0,4.4,1,2023-06-06,139.93
CUST10972,2024-04-27,Basic,9.99,Annual,North,Organic Search,Self-Service,8,0.4,4,6.0,0,,87.91
CUST10973,2024-10-13,Standard,19.99,Annual,Central,Organic Search,Self-Service,2,10.2,0,9.4,0,,43.98
CUST10974,2022-07-02,Standard,19.99,Annual,South,Organic Search,Standard Support,30,12.5,0,7.2,0,,659.67
CUST10975,2021-08-08,Basic,9.99,Monthly,Central,Organic Search,Self-Service,6,6.7,2,6.3,1,2022-02-04,59.94
CUST10976,2024-08-16,Premium,39.99,Monthly,North,Referral,Self-Service,3,16.5,3,3.8,1,2024-11-14,119.97
CUST10977,2023-08-15,Basic,9.99,Monthly,Central,Referral,Standard Support,16,4.7,0,7.6,1,2024-12-07,159.84
CUST10978,2024-11-25,Premium,39.99,Monthly,West,Social Media,Standard Support,1,21.9,0,4.8,0,,39.99
CUST10979,2023-09-13,Standard,19.99,Annual,East,Email Campaign,Standard Support,15,8.1,0,6.9,0,,329.83
CUST10980,2021-02-24,Basic,9.99,Monthly,North,Paid Ads,Priority Support,46,11.6,1,9.5,0,,459.54
CUST10981,2022-01-20,Basic,9.99,Monthly,East,Social Media,Self-Service,35,10.8,2,6.2,0,,349.65
CUST10982,2022-09-08,Basic,9.99,Annual,North,Social Media,Standard Support,28,5.5,0,8.8,0,,307.69
CUST10983,2021-06-24,Basic,9.99,Monthly,Central,Paid Ads,Standard Support,27,0.0,2,5.0,1,2023-09-12,269.73
CUST10984,2024-07-06,Basic,9.99,Annual,West,Organic Search,Self-Service,5,0.8,0,6.9,0,,54.95
CUST10985,2022-09-20,Standard,19.99,Annual,Central,Paid Ads,Priority Support,27,6.4,2,10.0,0,,593.7
CUST10986,2022-07-09,Premium,39.99,Monthly,North,Referral,Self-Service,30,21.5,1,7.3,0,,1199.7
CUST10987,2023-05-03,Premium,39.99,Monthly,West,Referral,Standard Support,20,22.0,1,8.4,0,,799.8
CUST10988,2022-12-17,Basic,9.99,Monthly,East,Paid Ads,Standard Support,24,2.7,0,8.4,0,,239.76
CUST10989,2022-08-08,Basic,9.99,Annual,East,Referral,Priority Support,29,11.0,0,4.8,0,,318.68
CUST10990,2022-06-24,Standard,19.99,Monthly,East,Social Media,Self-Service,16,8.3,5,6.6,1,2023-10-17,319.84
CUST10991,2023-09-26,Basic,9.99,Monthly,North,Paid Ads,Priority Support,15,2.3,0,8.7,0,,149.85
CUST10992,2021-08-12,Basic,9.99,Monthly,South,Organic Search,Self-Service,41,3.3,1,10.0,0,,409.59
CUST10993,2023-06-13,Basic,9.99,Monthly,East,Referral,Standard Support,18,4.3,0,7.9,0,,179.82
CUST10994,2023-10-03,Premium,39.99,Monthly,South,Paid Ads,Priority Support,15,12.8,0,5.8,0,,599.85
CUST10995,2022-10-31,Standard,19.99,Annual,South,Paid Ads,Self-Service,19,10.7,2,5.2,1,2024-05-23,417.79
CUST10996,2023-02-21,Premium,39.99,Monthly,East,Paid Ads,Self-Service,17,17.1,3,5.8,1,2024-07-15,679.83
CUST10997,2023-03-04,Standard,19.99,Monthly,North,Paid Ads,Self-Service,22,11.2,0,6.6,0,,439.78
CUST10998,2021-05-01,Premium,39.99,Monthly,North,Social Media,Priority Support,44,20.4,0,5.8,0,,1759.56
CUST10999,2023-05-08,Standard,19.99,Annual,South,Paid Ads,Priority Support,20,5.8,0,8.0,0,,439.78
CUST11000,2022-03-07,Basic,9.99,Monthly,North,Email Campaign,Self-Service,34,2.8,1,7.6,0,,339.66
CUST11001,2021-01-31,Premium,39.99,Annual,West,Social Media,Standard Support,47,14.8,0,8.3,0,,2067.48
CUST11002,2021-01-08,Standard,19.99,Annual,West,Paid Ads,Standard Support,48,10.2,0,7.2,0,,1055.47
CUST11003,2022-06-01,Basic,9.99,Monthly,South,Referral,Standard Support,31,3.7,0,6.9,0,,309.69
CUST11004,2023-11-07,Premium,39.99,Monthly,West,Paid Ads,Standard Support,12,15.2,2,7.8,1,2024-11-01,479.88
CUST11005,2021-01-16,Basic,9.99,Monthly,Central,Social Media,Standard Support,48,10.9,0,6.3,0,,479.52
CUST11006,2023-05-19,Basic,9.99,Monthly,Central,Organic Search,Self-Service,9,8.3,2,6.7,1,2024-02-13,89.91
CUST11007,2024-05-24,Premium,39.99,Monthly,North,Social Media,Self-Service,7,22.2,0,7.5,1,2024-12-20,279.93
CUST11008,2023-03-15,Basic,9.99,Annual,Central,Paid Ads,Standard Support,21,0.0,1,8.8,0,,230.77
CUST11009,2022-07-12,Standard,19.99,Monthly,South,Email Campaign,Priority Support,30,6.2,1,6.5,0,,599.7
CUST11010,2024-11-11,Basic,9.99,Monthly,Central,Organic Search,Priority Support,1,0.6,0,8.6,1,2024-12-11,9.99
CUST11011,2021-01-15,Standard,19.99,Monthly,East,Organic Search,Standard Support,48,14.3,1,10.0,0,,959.52
CUST11012,2021-06-13,Premium,39.99,Annual,Central,Referral,Standard Support,43,14.9,1,7.5,0,,1891.53
CUST11013,2021-06-22,Standard,19.99,Monthly,East,Organic Search,Standard Support,42,6.4,0,7.0,0,,839.58
CUST11014,2023-01-15,Basic,9.99,Monthly,North,Referral,Self-Service,23,0.6,2,5.1,0,,229.77
CUST11015,2024-08-27,Basic,9.99,Monthly,North,Email Campaign,Self-Service,4,9.9,1,4.7,0,,39.96
CUST11016,2021-09-22,Standard,19.99,Monthly,Central,Referral,Self-Service,39,9.8,1,6.9,0,,779.61
CUST11017,2023-06-17,Premium,39.99,Monthly,West,Paid Ads,Priority Support,18,17.8,2,5.7,0,,719.82
CUST11018,2024-11-29,Premium,39.99,Annual,East,Organic Search,Standard Support,1,8.4,0,8.0,0,,43.99
CUST11019,2023-04-19,Premium,39.99,Monthly,West,Paid Ads,Standard Support,20,20.0,0,5.9,0,,799.8
CUST11020,2021-05-31,Standard,19.99,Annual,South,Referral,Standard Support,43,9.0,2,10.0,0,,945.53
CUST11021,2021-12-15,Basic,9.99,Annual,North,Organic Search,Standard Support,37,14.8,2,7.8,0,,406.59
CUST11022,2021-12-21,Basic,9.99,Annual,Central,Paid Ads,Self-Service,36,7.7,2,8.4,0,,395.6
CUST11023,2024-12-15,Basic,9.99,Monthly,North,Organic Search,Self-Service,1,4.9,2,5.9,0,,9.99
CUST11024,2024-03-29,Basic,9.99,Monthly,South,Referral,Self-Service,9,10.4,1,6.6,0,,89.91
CUST11025,2021-05-23,Basic,9.99,Annual,North,Paid Ads,Standard Support,43,6.0,0,7.7,0,,472.53
CUST11026,2023-02-17,Basic,9.99,Monthly,West,Email Campaign,Self-Service,22,2.4,0,5.0,0,,219.78
CUST11027,2021-06-14,Standard,19.99,Annual,North,Organic Search,Self-Service,36,8.3,4,4.4,1,2024-05-29,791.6
CUST11028,2022-05-28,Basic,9.99,Annual,East,Organic Search,Self-Service,31,11.2,0,5.4,0,,340.66
CUST11029,2021-03-17,Premium,39.99,Annual,North,Referral,Priority Support,46,13.6,0,5.8,0,,2023.49
CUST11030,2022-11-09,Basic,9.99,Monthly,North,Email Campaign,Self-Service,2,4.6,2,7.8,1,2023-01-08,19.98
CUST11031,2021-03-04,Premium,39.99,Monthly,South,Referral,Standard Support,46,22.7,1,6.3,0,,1839.54
CUST11032,2022-05-05,Basic,9.99,Monthly,Central,Social Media,Priority Support,32,8.2,0,9.1,0,,319.68
CUST11033,2022-09-03,Premium,39.99,Monthly,East,Organic Search,Standard Support,27,17.2,1,7.1,1,2024-11-21,1079.73
CUST11034,2023-09-27,Premium,39.99,Annual,North,Referral,Standard Support,15,15.2,3,10.0,0,,659.84
CUST11035,2021-07-21,Standard,19.99,Monthly,South,Paid Ads,Self-Service,23,10.5,1,5.1,1,2023-06-11,459.77
CUST11036,2022-07-04,Premium,39.99,Monthly,North,Referral,Self-Service,4,12.8,4,6.4,1,2022-11-01,159.96
CUST11037,2021-11-21,Premium,39.99,Monthly,North,Organic Search,Standard Support,17,12.5,2,6.8,1,2023-04-15,679.83
CUST11038,2021-03-27,Basic,9.99,Annual,South,Paid Ads,Self-Service,41,6.0,3,6.1,1,2024-08-08,450.55
CUST11039,2023-07-30,Basic,9.99,Monthly,Central,Referral,Self-Service,17,6.2,2,8.8,0,,169.83
CUST11040,2022-07-19,Standard,19.99,Monthly,West,Organic Search,Priority Support,29,10.7,0,5.5,0,,579.71
CUST11041,2021-01-16,Standard,19.99,Monthly,East,Organic Search,Priority Support,48,14.5,1,8.1,0,,959.52
CUST11042,2024-07-02,Premium,39.99,Monthly,Central,Social Media,Priority Support,6,13.0,0,9.7,0,,239.94
CUST11043,2021-07-28,Standard,19.99,Monthly,North,Paid Ads,Standard Support,41,14.7,0,6.3,0,,819.59
CUST11044,2022-11-09,Basic,9.99,Monthly,Central,Referral,Standard Support,26,1.8,0,6.0,0,,259.74
CUST11045,2024-07-12,Standard,19.99,Monthly,North,Paid Ads,Self-Service,5,10.6,1,8.5,0,,99.95
CUST11046,2023-11-07,Basic,9.99,Monthly,South,Organic Search,Self-Service,4,11.2,4,5.3,1,2024-03-06,39.96
CUST11047,2022-12-28,Standard,19.99,Annual,West,Organic Search,Self-Service,9,8.9,2,5.3,1,2023-09-24,197.9
CUST11048,2022-08-06,Basic,9.99,Monthly,West,Referral,Self-Service,29,0.0,0,5.8,0,,289.71
CUST11049,2021-09-16,Standard,19.99,Annual,Central,Referral,Self-Service,1,9.5,1,4.8,1,2021-10-16,21.99
CUST11050,2021-10-07,Premium,39.99,Annual,East,Referral,Standard Support,39,19.0,3,5.5,0,,1715.57
CUST11051,2022-03-15,Basic,9.99,Monthly,West,Organic Search,Standard Support,34,8.3,1,7.2,0,,339.66
CUST11052,2023-07-08,Basic,9.99,Monthly,West,Social Media,Standard Support,18,0.6,2,7.4,0,,179.82
CUST11053,2021-12-13,Basic,9.99,Monthly,West,Paid Ads,Standard Support,8,2.1,1,5.4,1,2022-08-10,79.92
CUST11054,2023-02-08,Standard,19.99,Monthly,Central,Organic Search,Standard Support,2,12.0,0,7.9,1,2023-04-09,39.98
CUST11055,2022-05-14,Basic,9.99,Annual,Central,Social Media,Standard Support,22,3.5,3,5.9,1,2024-03-04,241.76
CUST11056,2021-02-20,Basic,9.99,Monthly,Central,Social Media,Standard Support,47,4.1,2,6.9,0,,469.53
CUST11057,2023-10-17,Premium,39.99,Monthly,West,Organic Search,Self-Service,10,13.7,1,7.6,1,2024-08-12,399.9
CUST11058,2024-10-22,Standard,19.99,Monthly,East,Email Campaign,Self-Service,2,14.5,1,5.7,0,,39.98
CUST11059,2022-03-10,Premium,39.99,Monthly,Central,Paid Ads,Self-Service,34,15.6,0,5.2,0,,1359.66
CUST11060,2024-10-03,Basic,9.99,Monthly,Central,Organic Search,Standard Support,2,9.0,0,10.0,0,,19.98
CUST11061,2024-07-29,Standard,19.99,Monthly,West,Organic Search,Standard Support,3,5.4,3,7.9,1,2024-10-27,59.97
CUST11062,2024-09-26,Standard,19.99,Monthly,North,Organic Search,Standard Support,3,10.0,1,8.1,0,,59.97
CUST11063,2024-03-02,Basic,9.99,Annual,South,Organic Search,Standard Support,10,7.7,1,6.3,0,,109.89
CUST11064,2022-10-21,Standard,19.99,Monthly,Central,Organic Search,Self-Service,26,12.4,1,5.8,0,,519.74
CUST11065,2021-01-02,Premium,39.99,Annual,Central,Referral,Self-Service,48,21.0,0,7.8,0,,2111.47
CUST11066,2023-09-20,Basic,9.99,Annual,Central,Organic Search,Standard Support,15,9.5,1,5.9,0,,164.84
CUST11067,2024-04-06,Premium,39.99,Monthly,North,Social Media,Standard Support,7,13.3,0,4.7,1,2024-11-02,279.93
CUST11068,2021-10-11,Basic,9.99,Monthly,East,Social Media,Standard Support,36,0.0,2,8.0,1,2024-09-25,359.64
CUST11069,2021-02-28,Basic,9.99,Monthly,South,Organic Search,Standard Support,46,5.8,2,9.5,0,,459.54
CUST11070,2024-02-11,Premium,39.99,Monthly,North,Email Campaign,Self-Service,8,15.3,3,6.0,1,2024-10-08,319.92
CUST11071,2023-11-21,Basic,9.99,Monthly,Central,Organic Search,Self-Service,11,6.3,1,9.8,1,2024-10-16,109.89
CUST11072,2023-05-19,Premium,39.99,Monthly,West,Organic Search,Priority Support,19,15.7,0,7.2,0,,759.81
CUST11073,2022-04-01,Basic,9.99,Annual,East,Organic Search,Self-Service,33,9.3,1,8.1,0,,362.64
CUST11074,2024-07-11,Basic,9.99,Monthly,North,Paid Ads,Self-Service,5,10.9,2,7.8,0,,49.95
CUST11075,2024-09-24,Basic,9.99,Monthly,North,Email Campaign,Self-Service,3,13.7,0,5.8,0,,29.97
CUST11076,2022-05-16,Basic,9.99,Annual,West,Organic Search,Priority Support,32,7.9,1,9.3,0,,351.65
CUST11077,2023-03-09,Standard,19.99,Monthly,South,Organic Search,Self-Service,22,17.1,3,5.9,0,,439.78
CUST11078,2024-07-25,Standard,19.99,Annual,Central,Referral,Self-Service,1,9.9,1,8.2,1,2024-08-24,21.99
CUST11079,2024-01-02,Basic,9.99,Annual,South,Email Campaign,Self-Service,12,4.6,2,5.2,0,,131.87
CUST11080,2021-11-11,Premium,39.99,Monthly,South,Organic Search,Self-Service,38,16.0,1,7.9,0,,1519.62
CUST11081,2023-03-01,Standard,19.99,Monthly,Central,Referral,Self-Service,10,11.2,0,,1,2023-12-26,199.9
CUST11082,2022-04-19,Standard,19.99,Annual,Central,Organic Search,Self-Service,32,18.5,0,8.6,0,,703.65
CUST11083,2024-05-02,Standard,19.99,Annual,South,Organic Search,Self-Service,8,13.9,0,5.8,0,,175.91
CUST11084,2021-10-24,Standard,19.99,Annual,North,Organic Search,Self-Service,38,9.9,4,4.5,0,,835.58
CUST11085,2023-11-29,Basic,9.99,Monthly,North,Email Campaign,Standard Support,13,10.5,1,5.9,0,,129.87
CUST11086,2024-07-04,Standard,19.99,Monthly,East,Referral,Priority Support,6,16.2,0,7.8,0,,119.94
CUST11087,2022-08-30,Standard,19.99,Annual,South,Paid Ads,Self-Service,28,15.1,3,3.9,0,,615.69
CUST11088,2021-10-16,Standard,19.99,Monthly,North,Social Media,Self-Service,22,10.6,0,10.0,1,2023-08-07,439.78
CUST11089,2021-09-07,Standard,19.99,Monthly,Central,Organic Search,Standard Support,40,15.2,3,9.2,0,,799.6
CUST11090,2024-10-27,Basic,9.99,Monthly,South,Referral,Standard Support,2,5.6,1,6.8,0,,19.98
CUST11091,2023-04-28,Basic,9.99,Annual,East,Organic Search,Standard Support,20,7.0,0,8.0,0,,219.78
CUST11092,2021-07-28,Premium,39.99,Monthly,South,Email Campaign,Self-Service,41,21.3,0,5.3,0,,1639.59
CUST11093,2023-02-19,Standard,19.99,Monthly,West,Email Campaign,Priority Support,22,2.8,0,5.7,0,,439.78
CUST11094,2022-01-29,Premium,39.99,Annual,South,Referral,Standard Support,35,21.7,0,5.9,0,,1539.62
CUST11095,2024-01-03,Premium,39.99,Monthly,West,Paid Ads,Self-Service,12,16.3,0,4.9,0,,479.88
CUST11096,2021-04-19,Premium,39.99,Monthly,South,Referral,Standard Support,45,20.7,0,7.0,0,,1799.55
CUST11097,2024-08-30,Premium,39.99,Monthly,Central,Social Media,Self-Service,4,13.0,3,5.0,1,2024-12-28,159.96
CUST11098,2024-07-23,Standard,19.99,Annual,South,Paid Ads,Self-Service,5,14.9,1,8.7,0,,109.94
CUST11099,2022-12-16,Basic,9.99,Monthly,West,Organic Search,Standard Support,24,16.4,0,9.4,0,,239.76
CUST11100,2022-10-31,Basic,9.99,Monthly,South,Organic Search,Self-Service,26,0.7,0,7.6,0,,259.74
CUST11101,2023-08-01,Basic,9.99,Annual,East,Organic Search,Standard Support,17,7.0,0,7.4,0,,186.81
CUST11102,2021-02-04,Basic,9.99,Monthly,North,Social Media,Self-Service,47,3.5,0,8.6,0,,469.53
CUST11103,2024-10-02,Basic,9.99,Annual,West,Paid Ads,Standard Support,3,7.0,3,8.0,0,,32.97
CUST11104,2023-10-22,Premium,39.99,Monthly,North,Social Media,Standard Support,5,14.3,3,5.3,1,2024-03-20,199.95
CUST11105,2022-10-31,Standard,19.99,Monthly,Central,Organic Search,Self-Service,26,18.6,1,7.4,1,2024-12-19,519.74
CUST11106,2023-09-11,Basic,9.99,Monthly,Central,Organic Search,Standard Support,15,14.0,0,6.6,0,,149.85
CUST11107,2021-10-03,Standard,19.99,Monthly,South,Social Media,Standard Support,39,5.1,0,7.8,0,,779.61
CUST11108,2024-05-16,Standard,19.99,Monthly,West,Email Campaign,Priority Support,7,6.2,0,5.7,0,,139.93
CUST11109,2023-11-17,Basic,9.99,Monthly,East,Email Campaign,Standard Support,13,1.3,0,7.6,0,,129.87
CUST11110,2022-06-28,Standard,19.99,Monthly,North,Organic Search,Self-Service,20,16.5,1,6.6,1,2024-02-18,399.8
CUST11111,2021-07-15,Premium,39.99,Monthly,Central,Organic Search,Priority Support,42,10.7,1,5.3,0,,1679.58
CUST11112,2021-01-24,Standard,19.99,Monthly,North,Social Media,Self-Service,47,11.0,1,6.3,0,,939.53
CUST11113,2024-07-07,Basic,9.99,Annual,East,Paid Ads,Self-Service,5,13.0,0,9.1,1,2024-12-04,54.95
CUST11114,2024-10-02,Standard,19.99,Annual,South,Paid Ads,Self-Service,3,13.8,2,6.1,0,,65.97
CUST11115,2023-10-05,Premium,39.99,Monthly,South,Paid Ads,Self-Service,15,25.9,3,3.8,0,,599.85
CUST11116,2021-10-05,Premium,39.99,Monthly,West,Social Media,Self-Service,39,11.7,0,6.9,0,,1559.61
CUST11117,2024-04-28,Basic,9.99,Annual,South,Paid Ads,Standard Support,8,6.3,1,10.0,0,,87.91
CUST11118,2021-12-03,Standard,19.99,Monthly,East,Organic Search,Self-Service,37,15.7,1,7.3,0,,739.63
CUST11119,2021-07-09,Standard,19.99,Monthly,South,Email Campaign,Self-Service,42,5.7,4,8.5,0,,839.58
CUST11120,2024-10-02,Basic,9.99,Monthly,North,Referral,Self-Service,3,0.0,1,4.7,0,,29.97
CUST11121,2023-10-07,Basic,9.99,Annual,West,Organic Search,Self-Service,15,9.0,1,3.6,0,,164.84
CUST11122,2023-12-04,Standard,19.99,Annual,West,Organic Search,Standard Support,13,7.8,1,9.2,0,,285.86
CUST11123,2022-05-29,Basic,9.99,Annual,East,Social Media,Self-Service,31,5.2,3,4.8,0,,340.66
CUST11124,2022-01-20,Premium,39.99,Monthly,South,Referral,Priority Support,35,18.6,0,6.4,0,,1399.65
CUST11125,2024-11-02,Basic,9.99,Monthly,East,Referral,Priority Support,1,0.1,1,7.4,0,,9.99
CUST11126,2024-01-07,Basic,9.99,Monthly,North,Organic Search,Standard Support,11,10.1,0,6.8,0,,109.89
CUST11127,2022-11-30,Standard,19.99,Monthly,East,Referral,Self-Service,5,12.4,2,4.5,1,2023-04-29,99.95
CUST11128,2024-04-30,Standard,19.99,Monthly,South,Referral,Self-Service,5,6.8,2,5.6,1,2024-09-27,99.95
CUST11129,2021-02-27,Basic,9.99,Annual,South,Referral,Standard Support,46,6.0,3,6.8,0,,505.49
CUST11130,2022-11-11,Premium,39.99,Monthly,Central,Referral,Self-Service,26,9.9,1,5.7,0,,1039.74
CUST11131,2023-08-22,Standard,19.99,Annual,West,Email Campaign,Self-Service,16,15.1,1,6.5,0,,351.82
CUST11132,2022-05-11,Premium,39.99,Monthly,East,Organic Search,Self-Service,32,23.2,5,4.5,0,,1279.68
CUST11133,2022-03-27,Basic,9.99,Monthly,West,Paid Ads,Standard Support,33,7.9,0,4.6,0,,329.67
CUST11134,2023-01-10,Basic,9.99,Annual,Central,Social Media,Self-Service,24,6.6,1,7.5,0,,263.74
CUST11135,2021-01-29,Basic,9.99,Monthly,East,Paid Ads,Self-Service,47,12.2,0,8.3,0,,469.53
CUST11136,2021-11-17,Basic,9.99,Annual,Central,Organic Search,Standard Support,38,14.8,3,8.6,0,,417.58
CUST11137,2022-11-29,Premium,39.99,Monthly,West,Paid Ads,Self-Service,25,22.2,2,8.2,0,,999.75
CUST11138,2021-04-13,Premium,39.99,Monthly,South,Paid Ads,Standard Support,45,18.4,0,7.7,0,,1799.55
CUST11139,2022-10-24,Standard,19.99,Annual,West,Organic Search,Self-Service,26,11.7,2,6.5,0,,571.71
CUST11140,2024-08-01,Standard,19.99,Annual,South,Organic Search,Self-Service,3,11.9,3,6.0,1,2024-10-30,65.97
CUST11141,2024-07-27,Basic,9.99,Annual,East,Social Media,Standard Support,4,8.3,0,9.1,1,2024-11-24,43.96
CUST11142,2021-07-10,Basic,9.99,Monthly,West,Paid Ads,Standard Support,42,9.3,1,7.2,0,,419.58
CUST11143,2023-04-11,Basic,9.99,Monthly,South,Referral,Self-Service,21,12.1,1,6.7,0,,209.79
CUST11144,2023-04-08,Basic,9.99,Annual,North,Paid Ads,Self-Service,21,7.6,3,7.7,0,,230.77
CUST11145,2023-04-06,Premium,39.99,Monthly,North,Organic Search,Self-Service,21,24.5,1,5.7,0,,839.79
CUST11146,2022-06-12,Premium,39.99,Annual,South,Organic Search,Standard Support,31,13.5,2,6.1,0,,1363.66
CUST11147,2022-10-22,Basic,9.99,Monthly,North,Social Media,Priority Support,9,5.8,0,6.4,1,2023-07-19,89.91
CUST11148,2022-06-29,Premium,39.99,Annual,North,Email Campaign,Standard Support,30,14.6,2,6.5,0,,1319.67
CUST11149,2021-10-20,Basic,9.99,Annual,South,Social Media,Standard Support,35,7.3,3,7.6,1,2024-09-04,384.62
CUST11150,2024-01-10,Basic,9.99,Monthly,North,Referral,Standard Support,4,5.5,3,8.9,1,2024-05-09,39.96
CUST11151,2022-02-04,Standard,19.99,Monthly,West,Referral,Standard Support,25,13.1,0,7.1,1,2024-02-24,499.75
CUST11152,2024-04-24,Standard,19.99,Annual,West,Social Media,Priority Support,8,13.3,0,7.9,0,,175.91
CUST11153,2023-03-16,Premium,39.99,Monthly,North,Email Campaign,Standard Support,8,13.4,1,6.4,1,2023-11-11,319.92
CUST11154,2022-04-09,Standard,19.99,Monthly,East,Referral,Self-Service,7,11.2,4,7.5,1,2022-11-05,139.93
CUST11155,2024-02-24,Basic,9.99,Monthly,West,Organic Search,Priority Support,10,13.7,0,6.1,0,,99.9
CUST11156,2024-09-10,Basic,9.99,Monthly,South,Organic Search,Self-Service,3,7.4,2,10.0,0,,29.97
CUST11157,2022-09-05,Standard,19.99,Annual,West,Organic Search,Self-Service,28,7.2,2,2.4,0,,615.69
CUST11158,2021-05-14,Standard,19.99,Annual,West,Organic Search,Standard Support,44,17.3,0,7.6,0,,967.52
CUST11159,2024-03-05,Basic,9.99,Monthly,East,Organic Search,Priority Support,10,8.5,0,3.4,0,,99.9
CUST11160,2024-08-21,Standard,19.99,Annual,North,Paid Ads,Self-Service,2,13.7,0,7.7,1,2024-10-20,43.98
CUST11161,2024-06-25,Standard,19.99,Monthly,South,Referral,Self-Service,6,6.7,0,5.5,0,,119.94
CUST11162,2024-04-17,Basic,9.99,Annual,South,Email Campaign,Standard Support,8,0.0,1,4.8,0,,87.91
CUST11163,2022-10-25,Premium,39.99,Monthly,East,Paid Ads,Self-Service,26,15.6,3,6.9,0,,1039.74
CUST11164,2022-05-28,Basic,9.99,Monthly,East,Organic Search,Standard Support,31,1.2,3,8.1,0,,309.69
CUST11165,2021-03-02,Standard,19.99,Monthly,North,Referral,Self-Service,46,11.5,1,6.3,0,,919.54
CUST11166,2022-04-07,Standard,19.99,Monthly,East,Organic Search,Standard Support,10,7.6,1,7.7,1,2023-02-01,199.9
CUST11167,2024-12-30,Premium,39.99,Monthly,West,Social Media,Priority Support,1,16.6,0,8.1,0,,39.99
CUST11168,2024-03-16,Basic,9.99,Monthly,North,Paid Ads,Standard Support,1,2.3,1,7.7,1,2024-04-15,9.99
CUST11169,2024-02-27,Standard,19.99,Monthly,Central,Referral,Self-Service,8,12.2,4,4.2,1,2024-10-24,159.92
CUST11170,2021-01-09,Basic,9.99,Annual,West,Referral,Self-Service,32,5.0,1,6.4,1,2023-08-27,351.65
CUST11171,2024-04-25,Basic,9.99,Annual,East,Organic Search,Priority Support,8,5.7,0,7.4,0,,87.91
CUST11172,2024-06-02,Basic,9.99,Monthly,West,Social Media,Standard Support,7,19.2,2,4.2,0,,69.93
CUST11173,2021-04-11,Premium,39.99,Monthly,North,Organic Search,Self-Service,20,12.8,2,10.0,1,2022-12-02,799.8
CUST11174,2023-09-13,Basic,9.99,Monthly,West,Organic Search,Self-Service,15,5.9,1,7.5,0,,149.85
CUST11175,2022-01-21,Basic,9.99,Monthly,East,Email Campaign,Self-Service,35,5.6,3,6.2,1,2024-12-06,349.65
CUST11176,2021-12-17,Basic,9.99,Monthly,South,Referral,Standard Support,37,7.1,0,7.7,0,,369.63
CUST11177,2023-01-22,Standard,19.99,Monthly,West,Organic Search,Self-Service,2,11.5,0,6.2,1,2023-03-23,39.98
CUST11178,2024-03-23,Standard,19.99,Annual,West,Referral,Standard Support,9,12.3,0,8.6,0,,197.9
CUST11179,2024-02-10,Standard,19.99,Monthly,East,Social Media,Standard Support,4,7.1,3,7.1,1,2024-06-09,79.96
CUST11180,2023-03-03,Premium,39.99,Monthly,South,Paid Ads,Self-Service,22,13.4,1,5.3,0,,879.78
CUST11181,2022-01-31,Basic,9.99,Monthly,North,Organic Search,Standard Support,35,12.4,2,7.9,0,,349.65
CUST11182,2022-01-23,Premium,39.99,Annual,East,Organic Search,Priority Support,35,14.2,0,4.8,0,,1539.62
CUST11183,2024-12-30,Basic,9.99,Monthly,West,Referral,Self-Service,1,0.9,1,5.6,1,2024-12-31,9.99
CUST11184,2024-10-02,Basic,9.99,Monthly,Central,Organic Search,Standard Support,2,12.3,1,6.2,1,2024-12-01,19.98
CUST11185,2023-01-05,Basic,9.99,Monthly,East,Paid Ads,Self-Service,3,5.1,3,6.6,1,2023-04-05,29.97
CUST11186,2021-07-17,Basic,9.99,Monthly,North,Social Media,Priority Support,42,10.9,0,7.2,0,,419.58
CUST11187,2022-12-21,Standard,19.99,Monthly,West,Organic Search,Standard Support,24,7.5,1,5.0,1,2024-12-10,479.76
CUST11188,2023-05-03,Standard,19.99,Annual,South,Paid Ads,Self-Service,2,14.2,2,6.5,1,2023-07-02,43.98
CUST11189,2024-07-02,Basic,9.99,Monthly,West,Organic Search,Standard Support,6,2.5,1,7.1,1,2024-12-29,59.94
CUST11190,2024-02-03,Standard,19.99,Annual,North,Email Campaign,Self-Service,11,9.7,1,5.5,0,,241.88
CUST11191,2021-06-13,Basic,9.99,Monthly,North,Paid Ads,Priority Support,43,10.1,1,6.5,0,,429.57
CUST11192,2021-10-01,Basic,9.99,Annual,West,Organic Search,Standard Support,27,0.0,0,10.0,1,2023-12-20,296.7
CUST11193,2022-08-11,Premium,39.99,Monthly,Central,Organic Search,Self-Service,29,18.6,1,4.3,0,,1159.71
CUST11194,2023-05-21,Standard,19.99,Annual,East,Social Media,Standard Support,19,5.1,1,8.6,0,,417.79
CUST11195,2022-03-31,Standard,19.99,Monthly,Central,Social Media,Self-Service,33,11.2,2,8.9,0,,659.67
CUST11196,2022-03-31,Premium,39.99,Monthly,Central,Referral,Standard Support,32,18.5,1,6.9,1,2024-11-15,1279.68
CUST11197,2022-03-20,Premium,39.99,Monthly,East,Referral,Standard Support,21,20.5,2,9.9,1,2023-12-10,839.79
CUST11198,2023-11-07,Basic,9.99,Monthly,West,Social Media,Standard Support,14,6.3,0,8.5,0,,139.86
CUST11199,2023-02-02,Basic,9.99,Monthly,Central,Referral,Standard Support,23,7.7,1,10.0,0,,229.77
CUST11200,2021-11-30,Standard,19.99,Monthly,South,Email Campaign,Standard Support,37,12.0,2,5.9,0,,739.63
CUST11201,2023-08-31,Basic,9.99,Annual,Central,Paid Ads,Standard Support,16,5.3,1,8.0,0,,175.82
CUST11202,2021-03-26,Basic,9.99,Monthly,East,Organic Search,Self-Service,29,9.6,2,4.2,1,2023-08-13,289.71
CUST11203,2023-03-20,Premium,39.99,Monthly,North,Organic Search,Priority Support,6,12.9,0,9.5,1,2023-09-16,239.94
CUST11204,2023-06-07,Standard,19.99,Monthly,West,Referral,Self-Service,2,11.7,1,6.8,1,2023-08-06,39.98
CUST11205,2022-03-05,Standard,19.99,Monthly,South,Referral,Self-Service,34,4.9,3,5.9,0,,679.66
CUST11206,2023-10-05,Premium,39.99,Monthly,East,Paid Ads,Self-Service,8,11.6,0,3.7,1,2024-06-01,319.92
CUST11207,2024-05-27,Standard,19.99,Annual,South,Paid Ads,Self-Service,7,13.0,2,5.5,0,,153.92
CUST11208,2024-08-04,Basic,9.99,Monthly,East,Paid Ads,Priority Support,4,4.0,1,6.6,0,,39.96
CUST11209,2023-06-26,Premium,39.99,Monthly,North,Organic Search,Standard Support,18,16.5,0,7.6,0,,719.82
CUST11210,2022-08-12,Basic,9.99,Monthly,North,Email Campaign,Standard Support,29,3.8,2,7.6,0,,289.71
CUST11211,2024-05-18,Standard,19.99,Annual,Central,Referral,Standard Support,7,16.6,1,6.7,0,,153.92
CUST11212,2021-06-07,Basic,9.99,Monthly,West,Email Campaign,Self-Service,43,16.0,1,5.0,0,,429.57
CUST11213,2024-05-05,Standard,19.99,Monthly,North,Paid Ads,Self-Service,8,8.9,0,6.6,0,,159.92
CUST11214,2022-07-01,Basic,9.99,Monthly,North,Paid Ads,Priority Support,30,9.0,0,6.5,0,,299.7
CUST11215,2023-07-22,Standard,19.99,Monthly,East,Organic Search,Standard Support,17,7.1,1,6.2,0,,339.83
CUST11216,2022-12-24,Basic,9.99,Monthly,North,Email Campaign,Priority Support,24,3.7,0,9.0,0,,239.76
CUST11217,2022-07-02,Basic,9.99,Monthly,East,Social Media,Standard Support,30,0.0,0,10.0,0,,299.7
CUST11218,2021-07-29,Basic,9.99,Monthly,Central,Social Media,Standard Support,41,11.2,0,7.4,0,,409.59
CUST11219,2023-01-15,Standard,19.99,Monthly,East,Paid Ads,Standard Support,4,9.4,0,6.6,1,2023-05-15,79.96
CUST11220,2022-02-14,Basic,9.99,Monthly,Central,Referral,Self-Service,35,3.1,4,7.4,0,,349.65
CUST11221,2024-05-05,Basic,9.99,Monthly,North,Organic Search,Standard Support,8,1.6,0,9.3,0,,79.92
CUST11222,2023-09-15,Standard,19.99,Monthly,Central,Social Media,Self-Service,9,11.5,1,8.1,1,2024-06-11,179.91
CUST11223,2021-06-01,Premium,39.99,Annual,Central,Referral,Standard Support,43,20.2,0,7.0,0,,1891.53
CUST11224,2023-10-28,Standard,19.99,Monthly,East,Organic Search,Priority Support,14,9.0,0,9.6,0,,279.86
CUST11225,2022-01-26,Standard,19.99,Monthly,South,Social Media,Priority Support,35,7.8,0,5.8,0,,699.65
CUST11226,2023-08-11,Premium,39.99,Monthly,South,Paid Ads,Self-Service,3,17.3,1,7.3,1,2023-11-09,119.97
CUST11227,2024-11-22,Basic,9.99,Annual,North,Organic Search,Self-Service,1,13.7,2,6.5,1,2024-12-22,10.99
CUST11228,2024-09-03,Basic,9.99,Annual,South,Organic Search,Self-Service,3,2.8,1,8.0,0,,32.97
CUST11229,2024-05-19,Standard,19.99,Monthly,East,Organic Search,Standard Support,7,10.1,1,10.0,0,,139.93
CUST11230,2023-02-05,Basic,9.99,Annual,West,Referral,Self-Service,23,5.2,0,8.1,0,,252.75
CUST11231,2023-05-18,Standard,19.99,Monthly,West,Paid Ads,Self-Service,19,9.5,0,5.4,0,,379.81
CUST11232,2021-03-22,Basic,9.99,Monthly,South,Referral,Self-Service,46,10.0,0,4.9,0,,459.54
CUST11233,2023-10-24,Basic,9.99,Annual,West,Email Campaign,Self-Service,14,4.0,1,8.4,0,,153.85
CUST11234,2024-01-25,Basic,9.99,Monthly,West,Organic Search,Self-Service,6,4.1,3,7.2,1,2024-07-23,59.94
CUST11235,2024-03-16,Basic,9.99,Annual,West,Paid Ads,Self-Service,6,6.1,5,3.3,1,2024-09-12,65.93
CUST11236,2022-09-23,Basic,9.99,Monthly,North,Organic Search,Standard Support,6,5.9,0,8.7,1,2023-03-22,59.94
CUST11237,2022-08-06,Standard,19.99,Monthly,West,Organic Search,Self-Service,21,8.5,1,2.3,1,2024-04-27,419.79
CUST11238,2023-11-17,Basic,9.99,Annual,North,Organic Search,Standard Support,13,7.2,0,7.3,0,,142.86
CUST11239,2021-08-12,Premium,39.99,Annual,North,Organic Search,Self-Service,41,16.4,0,5.8,0,,1803.55
CUST11240,2024-07-10,Basic,9.99,Monthly,West,Organic Search,Priority Support,5,4.6,0,8.5,0,,49.95
CUST11241,2023-08-29,Premium,39.99,Monthly,North,Referral,Self-Service,3,18.1,1,4.5,1,2023-11-27,119.97
CUST11242,2021-03-15,Basic,9.99,Monthly,East,Social Media,Self-Service,42,6.0,2,6.7,1,2024-08-26,419.58
CUST11243,2024-04-03,Premium,39.99,Annual,Central,Paid Ads,Self-Service,9,15.5,2,7.0,0,,395.9
CUST11244,2022-10-17,Basic,9.99,Monthly,West,Paid Ads,Priority Support,26,4.8,0,8.4,0,,259.74
CUST11245,2024-03-14,Basic,9.99,Monthly,East,Organic Search,Self-Service,9,3.4,1,8.0,0,,89.91
CUST11246,2022-09-17,Standard,19.99,Monthly,West,Referral,Priority Support,23,10.4,0,7.3,1,2024-08-07,459.77
CUST11247,2022-05-29,Basic,9.99,Annual,Central,Social Media,Standard Support,31,3.9,0,7.4,0,,340.66
CUST11248,2022-12-18,Basic,9.99,Monthly,East,Organic Search,Self-Service,24,8.9,1,5.5,0,,239.76
CUST11249,2024-09-17,Basic,9.99,Annual,North,Organic Search,Priority Support,3,6.5,0,5.9,0,,32.97
CUST11250,2023-11-30,Basic,9.99,Monthly,West,Referral,Standard Support,13,5.5,2,6.7,0,,129.87
CUST11251,2024-03-29,Basic,9.99,Monthly,North,Referral,Self-Service,2,2.2,1,7.3,1,2024-05-28,19.98
CUST11252,2023-06-15,Standard,19.99,Annual,South,Social Media,Self-Service,18,14.1,3,6.0,0,,395.8
CUST11253,2023-04-23,Basic,9.99,Monthly,South,Paid Ads,Self-Service,20,2.4,1,9.7,0,,199.8
CUST11254,2021-06-21,Standard,19.99,Annual,South,Paid Ads,Priority Support,42,10.3,2,7.0,0,,923.54
CUST11255,2024-03-06,Basic,9.99,Monthly,Central,Social Media,Priority Support,10,11.8,0,6.1,0,,99.9
CUST11256,2024-11-16,Premium,39.99,Monthly,West,Paid Ads,Priority Support,1,20.5,0,8.3,0,,39.99
CUST11257,2022-10-17,Standard,19.99,Monthly,Central,Paid Ads,Standard Support,26,15.8,1,8.4,0,,519.74
CUST11258,2024-08-30,Standard,19.99,Monthly,West,Organic Search,Self-Service,1,17.2,1,6.4,1,2024-09-29,19.99
CUST11259,2023-10-31,Standard,19.99,Monthly,West,Referral,Self-Service,14,8.0,1,7.6,0,,279.86
CUST11260,2022-04-19,Basic,9.99,Annual,South,Organic Search,Self-Service,16,6.4,0,5.3,1,2023-08-12,175.82
CUST11261,2022-02-11,Premium,39.99,Monthly,North,Organic Search,Self-Service,34,16.7,3,4.1,1,2024-11-27,1359.66
CUST11262,2023-04-04,Standard,19.99,Monthly,South,Referral,Self-Service,21,10.7,1,3.8,0,,419.79
CUST11263,2022-11-17,Standard,19.99,Annual,East,Email Campaign,Standard Support,25,12.4,0,5.4,0,,549.73
CUST11264,2024-03-25,Standard,19.99,Monthly,Central,Paid Ads,Standard Support,9,8.1,0,6.4,0,,179.91
CUST11265,2021-02-25,Standard,19.99,Monthly,Central,Referral,Standard Support,46,12.7,1,8.7,0,,919.54
CUST11266,2021-01-31,Standard,19.99,Annual,North,Organic Search,Self-Service,46,0.0,0,6.0,1,2024-11-11,1011.49
CUST11267,2022-07-25,Standard,19.99,Annual,North,Social Media,Self-Service,29,7.4,1,2.7,0,,637.68
CUST11268,2024-02-26,Premium,39.99,Monthly,East,Email Campaign,Self-Service,9,8.3,1,6.7,1,2024-11-22,359.91
CUST11269,2024-02-29,Basic,9.99,Monthly,South,Organic Search,Priority Support,10,6.1,0,9.0,0,,99.9
CUST11270,2022-01-03,Standard,19.99,Monthly,Central,Social Media,Self-Service,36,15.3,2,4.8,0,,719.64
CUST11271,2024-11-11,Standard,19.99,Monthly,East,Social Media,Self-Service,1,19.9,1,3.5,1,2024-12-11,19.99
CUST11272,2022-12-24,Basic,9.99,Monthly,South,Organic Search,Standard Support,24,11.8,2,8.1,0,,239.76
CUST11273,2021-06-05,Basic,9.99,Annual,South,Referral,Standard Support,43,2.0,0,8.0,0,,472.53
CUST11274,2022-01-25,Basic,9.99,Monthly,North,Paid Ads,Standard Support,35,8.4,1,6.5,0,,349.65
CUST11275,2022-08-13,Basic,9.99,Annual,Central,Organic Search,Priority Support,29,4.0,1,7.9,0,,318.68
CUST11276,2021-07-12,Basic,9.99,Annual,East,Paid Ads,Self-Service,42,4.0,4,6.9,0,,461.54
CUST11277,2022-06-26,Basic,9.99,Monthly,South,Referral,Standard Support,30,8.9,1,6.9,0,,299.7
CUST11278,2023-08-10,Basic,9.99,Monthly,North,Organic Search,Standard Support,6,16.8,1,6.2,1,2024-02-06,59.94
CUST11279,2023-07-09,Premium,39.99,Annual,East,Paid Ads,Standard Support,18,19.0,0,7.9,0,,791.8
CUST11280,2023-04-06,Standard,19.99,Monthly,East,Social Media,Standard Support,21,12.7,2,6.7,0,,419.79
CUST11281,2021-12-17,Standard,19.99,Monthly,North,Paid Ads,Standard Support,7,7.9,0,10.0,1,2022-07-15,139.93
CUST11282,2024-08-23,Standard,19.99,Monthly,East,Email Campaign,Standard Support,4,11.1,0,6.6,0,,79.96
CUST11283,2023-01-18,Standard,19.99,Monthly,East,Email Campaign,Self-Service,3,3.7,3,6.3,1,2023-04-18,59.97
CUST11284,2021-10-17,Premium,39.99,Annual,South,Organic Search,Self-Service,39,10.9,3,9.5,0,,1715.57
CUST11285,2022-07-20,Basic,9.99,Monthly,South,Paid Ads,Priority Support,29,1.7,2,8.2,0,,289.71
CUST11286,2021-03-25,Basic,9.99,Monthly,West,Organic Search,Self-Service,26,6.3,1,4.8,1,2023-05-14,259.74
CUST11287,2021-02-17,Premium,39.99,Monthly,North,Organic Search,Priority Support,47,11.0,0,8.8,0,,1879.53
CUST11288,2023-11-04,Premium,39.99,Monthly,South,Organic Search,Standard Support,14,20.1,0,8.2,0,,559.86
CUST11289,2022-01-05,Standard,19.99,Annual,WEST,Referral,Standard Support,31,7.0,5,7.6,1,2024-07-23,681.66
CUST11290,2021-12-17,Standard,19.99,Monthly,East,Email Campaign,Self-Service,37,10.1,0,7.0,0,,739.63
CUST11291,2024-10-16,Standard,19.99,Monthly,Central,Email Campaign,Standard Support,2,6.7,3,6.2,0,,39.98
CUST11292,2024-04-28,Basic,9.99,Monthly,North,Referral,Self-Service,8,6.7,3,8.2,0,,79.92
CUST11293,2022-07-13,Basic,9.99,Annual,South,Social Media,Self-Service,30,11.1,0,6.3,0,,329.67
CUST11294,2021-07-29,Premium,39.99,Annual,South,Paid Ads,Priority Support,41,17.3,0,8.9,0,,1803.55
CUST11295,2021-08-02,Standard,19.99,Monthly,South,Paid Ads,Standard Support,41,20.3,1,6.7,0,,819.59
CUST11296,2024-02-02,Basic,9.99,Monthly,East,Organic Search,Standard Support,11,5.6,1,8.0,0,,109.89
CUST11297,2024-06-09,Standard,19.99,Monthly,South,Paid Ads,Standard Support,6,6.4,1,7.1,0,,119.94
CUST11298,2023-04-10,Basic,9.99,Monthly,North,Organic Search,Self-Service,21,19.1,1,7.3,0,,209.79
CUST11299,2023-02-18,Basic,9.99,Annual,East,Organic Search,Self-Service,22,0.3,3,6.0,0,,241.76
CUST11300,2024-10-21,Basic,9.99,Monthly,West,Paid Ads,Self-Service,2,1.8,3,5.4,1,2024-12-20,19.98
CUST11301,2022-10-24,Standard,19.99,Annual,North,Email Campaign,Self-Service,13,7.0,2,6.7,1,2023-11-18,285.86
CUST11302,2024-09-21,Premium,39.99,Monthly,West,Social Media,Self-Service,3,20.0,5,10.0,0,,119.97
CUST11303,2023-06-06,Basic,9.99,Monthly,East,Referral,Self-Service,19,3.7,3,8.4,0,,189.81
CUST11304,2021-07-27,Basic,9.99,Monthly,West,Organic Search,Standard Support,41,4.1,0,7.9,0,,409.59
CUST11305,2021-11-11,Basic,9.99,Monthly,West,Organic Search,Standard Support,38,0.0,0,6.6,0,,379.62
CUST11306,2022-07-23,Premium,39.99,Monthly,North,Referral,Self-Service,29,17.7,3,5.1,0,,1159.71
CUST11307,2022-05-12,Premium,39.99,Annual,South,Social Media,Self-Service,32,16.2,3,8.7,0,,1407.65
CUST11308,2023-10-25,Basic,9.99,Monthly,East,Email Campaign,Self-Service,14,5.7,3,8.0,0,,139.86
CUST11309,2021-03-04,Premium,39.99,Annual,North,Paid Ads,Standard Support,46,8.8,1,9.0,0,,2023.49
CUST11310,2021-04-15,Basic,9.99,Monthly,Central,Paid Ads,Self-Service,11,0.4,0,4.5,1,2022-03-11,109.89
CUST11311,2024-10-23,Basic,9.99,Monthly,East,Social Media,Self-Service,2,2.0,1,7.8,0,,19.98
CUST11312,2024-05-13,Standard,19.99,Monthly,South,Paid Ads,Priority Support,7,0.8,0,7.6,0,,139.93
CUST11313,2021-07-27,Basic,9.99,Annual,North,Referral,Self-Service,41,7.5,4,5.5,0,,450.55
CUST11314,2021-08-14,Premium,39.99,Annual,North,Social Media,Standard Support,41,21.9,0,4.8,0,,1803.55
CUST11315,2024-07-20,Basic,9.99,Monthly,South,Email Campaign,Standard Support,1,0.0,1,6.6,1,2024-08-19,9.99
CUST11316,2022-08-08,Standard,19.99,Annual,Central,Organic Search,Standard Support,29,9.4,0,8.0,0,,637.68
CUST11317,2021-06-12,Basic,9.99,Monthly,Central,Social Media,Self-Service,9,8.6,3,7.6,1,2022-03-09,89.91
CUST11318,2023-02-10,Premium,39.99,Monthly,West,Paid Ads,Self-Service,7,18.4,2,4.8,1,2023-09-08,279.93
CUST11319,2021-06-21,Standard,19.99,Monthly,North,Referral,Self-Service,42,9.3,3,9.4,0,,839.58
CUST11320,2024-11-26,Standard,19.99,Annual,East,Email Campaign,Priority Support,1,8.7,1,8.4,0,,21.99
CUST11321,2023-11-29,Basic,9.99,Annual,South,Organic Search,Priority Support,13,3.2,0,8.3,0,,142.86
CUST11322,2023-01-15,Basic,9.99,Annual,East,Referral,Standard Support,23,3.4,0,9.3,0,,252.75
CUST11323,2024-10-21,Basic,9.99,Monthly,Central,Referral,Standard Support,2,4.4,1,8.6,1,2024-12-20,19.98
CUST11324,2024-04-22,Basic,9.99,Monthly,North,Organic Search,Self-Service,7,5.1,0,7.1,1,2024-11-18,69.93
CUST11325,2022-04-17,Premium,39.99,Monthly,Central,Referral,Standard Support,32,15.5,1,7.3,0,,1279.68
CUST11326,2021-06-05,Basic,9.99,Annual,North,Organic Search,Self-Service,43,2.7,1,7.2,0,,472.53
CUST11327,2024-06-22,Basic,9.99,Monthly,South,Social Media,Self-Service,2,5.4,3,5.0,1,2024-08-21,19.98
CUST11328,2022-03-22,Standard,19.99,Monthly,East,Organic Search,Priority Support,5,12.8,1,8.0,1,2022-08-19,99.95
CUST11329,2023-09-15,Standard,19.99,Annual,Central,Social Media,Self-Service,15,3.9,3,7.8,0,,329.83
CUST11330,2024-02-28,Basic,9.99,Annual,West,Organic Search,Self-Service,4,11.2,2,6.8,1,2024-06-27,43.96
CUST11331,2023-12-07,Standard,19.99,Annual,West,Email Campaign,Self-Service,13,15.5,1,8.0,0,,285.86
CUST11332,2024-02-02,Basic,9.99,Monthly,Central,Paid Ads,Self-Service,11,3.3,1,6.8,0,,109.89
CUST11333,2022-07-17,Basic,9.99,Monthly,East,Paid Ads,Standard Support,29,8.1,2,9.1,0,,289.71
CUST11334,2023-09-18,Standard,19.99,Monthly,West,Paid Ads,Standard Support,15,11.2,0,4.3,0,,299.85
CUST11335,2022-04-06,Premium,39.99,Annual,East,Organic Search,Standard Support,16,16.2,0,7.5,1,2023-07-30,703.82
CUST11336,2023-04-21,Basic,9.99,Annual,West,Referral,Self-Service,16,12.1,2,7.5,1,2024-08-13,175.82
CUST11337,2023-06-06,Basic,9.99,Monthly,North,Social Media,Standard Support,19,6.6,4,9.1,0,,189.81
CUST11338,2024-05-24,Standard,19.99,Monthly,Central,Paid Ads,Self-Service,6,11.1,1,7.3,1,2024-11-20,119.94
CUST11339,2021-12-05,Premium,39.99,Monthly,CENTRAL,Referral,Standard Support,37,20.3,0,6.3,0,,1479.63
CUST11340,2022-12-27,Basic,9.99,Annual,South,Organic Search,Standard Support,24,4.4,1,4.5,0,,263.74
CUST11341,2021-01-03,Basic,9.99,Monthly,West,Referral,Self-Service,20,8.8,1,5.9,1,2022-08-26,199.8
CUST11342,2024-09-07,Standard,19.99,Monthly,South,Organic Search,Self-Service,1,4.4,5,6.0,1,2024-10-07,19.99
CUST11343,2024-10-07,Basic,9.99,Annual,Central,Email Campaign,Priority Support,2,12.1,0,8.6,0,,21.98
CUST11344,2023-11-28,Standard,19.99,Monthly,West,Referral,Self-Service,13,9.8,1,7.9,0,,259.87
CUST11345,2022-07-13,Basic,9.99,Annual,South,Referral,Self-Service,30,11.0,1,4.5,0,,329.67
CUST11346,2022-10-25,Basic,9.99,Monthly,South,Social Media,Self-Service,7,3.0,2,4.3,1,2023-05-23,69.93
CUST11347,2022-03-12,Basic,9.99,Annual,East,Paid Ads,Self-Service,5,6.2,3,7.7,1,2022-08-09,54.95
CUST11348,2021-11-08,Premium,39.99,Annual,North,Social Media,Self-Service,38,12.1,2,7.7,0,,1671.58
CUST11349,2021-11-04,Basic,9.99,Monthly,North,Social Media,Priority Support,38,8.0,1,6.1,0,,379.62
CUST11350,2024-09-23,Basic,9.99,Monthly,West,Social Media,Self-Service,3,8.0,0,8.7,0,,29.97
CUST11351,2022-08-16,Standard,19.99,Annual,North,Social Media,Standard Support,28,10.8,0,7.5,0,,615.69
CUST11352,2022-09-26,Standard,19.99,Monthly,South,Paid Ads,Self-Service,27,13.9,0,6.4,0,,539.73
CUST11353,2024-04-03,Basic,9.99,Annual,Central,Paid Ads,Standard Support,9,8.8,0,8.0,0,,98.9
CUST11354,2022-04-24,Standard,19.99,Annual,West,Paid Ads,Self-Service,32,10.1,2,6.0,0,,703.65
CUST11355,2023-10-20,Premium,39.99,Monthly,South,Organic Search,Priority Support,14,24.2,0,7.9,0,,559.86
CUST11356,2021-03-03,Standard,19.99,Monthly,East,Social Media,Self-Service,8,12.8,0,6.9,1,2021-10-29,159.92
CUST11357,2022-05-23,Basic,9.99,Annual,North,Referral,Self-Service,31,8.9,1,6.0,0,,340.66
CUST11358,2023-05-21,Standard,19.99,Monthly,West,Paid Ads,Self-Service,19,4.3,0,7.1,0,,379.81
CUST11359,2022-03-03,Premium,39.99,Annual,North,Paid Ads,Self-Service,34,12.9,0,6.2,0,,1495.63
CUST11360,2022-11-05,Standard,19.99,Monthly,West,Email Campaign,Standard Support,26,15.3,0,8.8,0,,519.74
CUST11361,2024-07-26,Standard,19.99,Monthly,West,Organic Search,Standard Support,1,6.1,1,8.3,1,2024-08-25,19.99
CUST11362,2022-04-18,Basic,9.99,Monthly,Central,Email Campaign,Standard Support,32,6.3,0,8.5,1,2024-12-03,319.68
CUST11363,2023-11-27,Basic,9.99,Monthly,East,Paid Ads,Self-Service,13,8.2,0,8.5,0,,129.87
CUST11364,2021-07-09,Premium,39.99,Monthly,South,Referral,Standard Support,32,14.9,2,8.4,1,2024-02-24,1279.68
CUST11365,2024-07-20,Standard,19.99,Monthly,East,Paid Ads,Standard Support,5,8.2,0,9.1,0,,99.95
CUST11366,2023-06-10,Premium,39.99,Monthly,South,Social Media,Self-Service,18,14.8,3,6.3,1,2024-12-01,719.82
CUST11367,2022-09-29,Standard,19.99,Monthly,South,Social Media,Self-Service,27,13.5,2,5.9,0,,539.73
CUST11368,2024-01-28,Standard,19.99,Monthly,North,Social Media,Standard Support,11,8.4,0,5.5,0,,219.89
CUST11369,2024-11-26,Standard,19.99,Monthly,East,Social Media,Self-Service,1,14.9,1,6.3,0,,19.99
CUST11370,2022-04-08,Standard,19.99,Monthly,North,Organic Search,Standard Support,33,15.0,1,5.8,0,,659.67
CUST11371,2024-11-16,Standard,19.99,Monthly,Central,Email Campaign,Standard Support,1,13.8,1,7.7,0,,19.99
CUST11372,2021-01-05,Basic,9.99,Monthly,Central,Referral,Self-Service,48,8.8,2,5.5,0,,479.52
CUST11373,2023-04-30,Standard,19.99,Monthly,South,Referral,Standard Support,5,5.4,0,8.9,1,2023-09-27,99.95
CUST11374,2022-05-25,Premium,39.99,Monthly,Central,Social Media,Standard Support,31,11.1,1,8.7,0,,1239.69
CUST11375,2021-03-10,Basic,9.99,Monthly,South,Organic Search,Standard Support,46,4.0,0,7.0,0,,459.54
CUST11376,2023-09-12,Premium,39.99,Monthly,East,Referral,Self-Service,15,18.1,2,7.2,0,,599.85
CUST11377,2022-09-28,Basic,9.99,Monthly,North,Organic Search,Priority Support,27,0.5,0,8.8,0,,269.73
CUST11378,2021-05-07,Premium,39.99,Monthly,West,Paid Ads,Self-Service,44,16.3,0,6.1,0,,1759.56
CUST11379,2021-10-03,Basic,9.99,Monthly,East,Organic Search,Self-Service,39,9.0,3,6.2,0,,389.61
CUST11380,2022-07-21,Standard,19.99,Monthly,South,Organic Search,Self-Service,21,7.0,2,6.8,1,2024-04-11,419.79
CUST11381,2022-02-16,Basic,9.99,Monthly,Central,Referral,Standard Support,34,6.9,1,6.0,0,,339.66
CUST11382,2021-11-18,Standard,19.99,Monthly,Central,Organic Search,Standard Support,37,5.4,1,7.1,0,,739.63
CUST11383,2022-02-27,Premium,39.99,Monthly,West,Organic Search,Standard Support,25,20.5,1,8.0,1,2024-03-18,999.75
CUST11384,2022-11-07,Basic,9.99,Annual,South,Paid Ads,Self-Service,26,0.0,3,9.1,0,,285.71
CUST11385,2021-01-20,Basic,9.99,Monthly,North,Organic Search,Standard Support,48,6.3,1,4.9,0,,479.52
CUST11386,2023-03-09,Premium,39.99,Monthly,West,Organic Search,Self-Service,22,18.3,1,5.4,0,,879.78
CUST11387,2022-06-12,Standard,19.99,Annual,West,Social Media,Standard Support,31,11.7,0,7.4,0,,681.66
CUST11388,2023-02-01,Premium,39.99,Annual,North,Paid Ads,Self-Service,23,14.7,1,4.0,0,,1011.75
CUST11389,2024-02-09,Premium,39.99,Monthly,Central,Referral,Priority Support,10,23.9,0,7.2,0,,399.9
CUST11390,2022-08-24,Standard,19.99,Monthly,East,Organic Search,Standard Support,28,7.7,3,4.6,0,,559.72
CUST11391,2021-06-29,Standard,19.99,Annual,West,Paid Ads,Self-Service,42,9.7,1,7.0,0,,923.54
CUST11392,2023-10-10,Basic,9.99,Monthly,West,Paid Ads,Standard Support,14,5.9,0,6.8,0,,139.86
CUST11393,2024-09-21,Basic,9.99,Monthly,East,Social Media,Self-Service,3,6.7,2,4.9,1,2024-12-20,29.97
CUST11394,2023-01-17,Basic,9.99,Monthly,Central,Social Media,Self-Service,17,2.0,1,7.6,1,2024-06-10,169.83
CUST11395,2023-06-27,Basic,9.99,Monthly,Central,Paid Ads,Self-Service,1,3.1,3,7.3,1,2023-07-27,9.99
CUST11396,2023-08-24,Basic,9.99,Monthly,North,Referral,Standard Support,16,0.5,1,7.8,0,,159.84
CUST11397,2022-05-31,Basic,9.99,Annual,West,Paid Ads,Standard Support,31,13.0,0,9.0,0,,340.66
CUST11398,2022-02-08,Basic,9.99,Monthly,South,Paid Ads,Standard Support,35,11.1,1,7.2,0,,349.65
CUST11399,2021-10-09,Premium,39.99,Monthly,West,Social Media,Self-Service,39,17.5,2,8.0,0,,1559.61
CUST11400,2024-01-07,Basic,9.99,Monthly,North,Organic Search,Priority Support,11,10.3,0,7.5,0,,109.89
CUST11401,2024-07-30,Standard,19.99,Monthly,East,Organic Search,Standard Support,5,6.4,0,5.5,0,,99.95
CUST11402,2022-10-12,Basic,9.99,Monthly,South,Email Campaign,Standard Support,27,5.6,0,7.8,0,,269.73
CUST11403,2023-10-10,Premium,39.99,Annual,South,Paid Ads,Priority Support,14,10.3,2,8.6,0,,615.85
CUST11404,2021-08-27,Basic,9.99,Monthly,North,Social Media,Self-Service,40,7.4,0,6.0,0,,399.6
CUST11405,2023-01-13,Basic,9.99,Annual,North,Referral,Self-Service,23,2.9,0,7.6,0,,252.75
CUST11406,2022-08-21,Premium,39.99,Annual,North,Organic Search,Self-Service,15,22.5,2,7.0,1,2023-11-14,659.84
CUST11407,2024-12-05,Basic,9.99,Annual,North,Referral,Self-Service,1,4.0,2,5.0,0,,10.99
CUST11408,2023-11-03,Premium,39.99,Monthly,Central,Paid Ads,Priority Support,14,22.3,0,7.0,0,,559.86
CUST11409,2021-08-21,Standard,19.99,Monthly,Central,Email Campaign,Standard Support,40,14.3,1,9.6,0,,799.6
CUST11410,2022-11-12,Basic,9.99,Monthly,Central,Paid Ads,Self-Service,6,8.8,0,7.0,1,2023-05-11,59.94
CUST11411,2021-06-27,Basic,9.99,Monthly,Central,Email Campaign,Standard Support,42,5.1,1,7.9,0,,419.58
CUST11412,2021-02-22,Basic,9.99,Monthly,West,Paid Ads,Standard Support,6,5.3,0,7.9,1,2021-08-21,59.94
CUST11413,2024-12-07,Basic,9.99,Annual,North,Referral,Standard Support,1,13.4,1,7.4,1,2024-12-31,10.99
CUST11414,2022-08-08,Standard,19.99,Annual,North,Organic Search,Self-Service,29,4.6,2,6.9,0,,637.68
CUST11415,2023-03-20,Basic,9.99,Annual,East,Social Media,Standard Support,21,0.0,1,9.2,0,,230.77
CUST11416,2022-05-22,Basic,9.99,Annual,North,Social Media,Standard Support,31,1.5,0,8.4,0,,340.66
CUST11417,2021-08-04,Basic,9.99,Monthly,West,Social Media,Standard Support,41,13.1,4,4.8,0,,409.59
CUST11418,2024-03-29,Standard,19.99,Monthly,Central,Paid Ads,Self-Service,9,7.1,0,3.9,0,,179.91
CUST11419,2024-08-05,Basic,9.99,Annual,South,Paid Ads,Self-Service,4,3.5,0,5.6,0,,43.96
CUST11420,2024-09-01,Basic,9.99,Monthly,East,Paid Ads,Priority Support,4,1.3,0,7.0,0,,39.96
CUST11421,2024-06-29,Basic,9.99,Monthly,Central,Email Campaign,Self-Service,1,9.9,0,7.5,1,2024-07-29,9.99
CUST11422,2022-07-25,Basic,9.99,Monthly,North,Email Campaign,Priority Support,8,6.8,0,6.4,1,2023-03-22,79.92
CUST11423,2021-09-28,Basic,9.99,Monthly,West,Social Media,Standard Support,39,16.7,0,8.3,0,,389.61
CUST11424,2022-02-21,Standard,19.99,Annual,North,Organic Search,Self-Service,34,12.6,3,6.0,0,,747.63
CUST11425,2021-04-05,Standard,19.99,Monthly,West,Email Campaign,Standard Support,16,8.4,0,10.0,1,2022-07-29,319.84
CUST11426,2023-11-20,Premium,39.99,Monthly,South,Paid Ads,Priority Support,12,12.2,3,6.9,1,2024-11-14,479.88
CUST11427,2022-02-17,Standard,19.99,Monthly,South,Organic Search,Self-Service,34,14.1,0,6.5,0,,679.66
CUST11428,2022-06-14,Standard,19.99,Monthly,Central,Paid Ads,Self-Service,31,7.5,1,8.4,0,,619.69
CUST11429,2021-05-30,Basic,9.99,Monthly,East,Email Campaign,Self-Service,43,4.0,0,6.8,0,,429.57
CUST11430,2024-02-29,Basic,9.99,Monthly,East,Organic Search,Standard Support,10,8.0,2,8.7,0,,99.9
CUST11431,2023-02-03,Premium,39.99,Monthly,North,Social Media,Priority Support,23,11.7,0,9.3,0,,919.77
CUST11432,2024-09-24,Standard,19.99,Monthly,East,Organic Search,Standard Support,2,9.9,1,8.6,1,2024-11-23,39.98
CUST11433,2024-05-19,Standard,19.99,Annual,North,Organic Search,Self-Service,7,11.3,0,8.9,0,,153.92
CUST11434,2023-05-12,Basic,9.99,Monthly,South,Organic Search,Standard Support,19,1.9,0,8.8,0,,189.81
CUST11435,2023-03-21,Basic,9.99,Monthly,West,Organic Search,Standard Support,21,9.9,0,6.8,0,,209.79
CUST11436,2021-10-02,Basic,9.99,Monthly,South,Paid Ads,Self-Service,36,4.9,1,5.6,1,2024-09-16,359.64
CUST11437,2021-02-04,Basic,9.99,Monthly,North,Paid Ads,Self-Service,21,4.9,3,8.6,1,2022-10-27,209.79
CUST11438,2023-12-06,Standard,19.99,Monthly,Central,Email Campaign,Standard Support,13,14.3,0,7.2,0,,259.87
CUST11439,2024-01-25,Premium,39.99,Monthly,South,Paid Ads,Standard Support,11,18.5,0,7.8,0,,439.89
CUST11440,2024-12-24,Standard,19.99,Monthly,Central,Organic Search,Priority Support,1,16.9,2,5.9,1,2024-12-31,19.99
CUST11441,2022-08-14,Standard,19.99,Monthly,South,Paid Ads,Priority Support,29,11.2,0,6.3,0,,579.71
CUST11442,2023-12-09,Basic,9.99,Annual,Central,Paid Ads,Self-Service,12,8.8,3,6.3,0,,131.87
CUST11443,2023-03-25,Basic,9.99,Monthly,North,Paid Ads,Standard Support,21,4.1,0,6.3,0,,209.79
CUST11444,2022-12-24,Standard,19.99,Monthly,North,Paid Ads,Self-Service,3,6.0,0,10.0,1,2023-03-24,59.97
CUST11445,2023-01-04,Premium,39.99,Monthly,North,Paid Ads,Standard Support,24,15.1,2,7.6,0,,959.76
CUST11446,2022-02-07,Basic,9.99,Monthly,North,Email Campaign,Self-Service,35,5.4,4,8.6,1,2024-12-23,349.65
CUST11447,2024-10-15,Premium,39.99,Monthly,West,Organic Search,Self-Service,2,18.3,2,9.8,0,,79.98
CUST11448,2021-03-04,Basic,9.99,Monthly,West,Paid Ads,Priority Support,46,11.6,0,8.6,0,,459.54
CUST11449,2023-01-18,Basic,9.99,Annual,West,Organic Search,Priority Support,23,14.5,0,8.4,0,,252.75
CUST11450,2023-10-31,Premium,39.99,Annual,Central,Referral,Self-Service,2,8.3,0,2.2,1,2023-12-30,87.98
CUST11451,2023-03-24,Basic,9.99,Monthly,South,Organic Search,Standard Support,8,6.9,0,7.0,1,2023-11-19,79.92
CUST11452,2023-11-28,Basic,9.99,Monthly,West,Organic Search,Self-Service,4,4.3,4,7.2,1,2024-03-27,39.96
CUST11453,2022-07-27,Standard,19.99,Monthly,Central,Referral,Self-Service,17,8.0,1,5.4,1,2023-12-19,339.83
CUST11454,2021-12-11,Premium,39.99,Monthly,West,Paid Ads,Self-Service,37,15.7,2,6.4,0,,1479.63
CUST11455,2024-12-15,Basic,9.99,Monthly,Central,Referral,Self-Service,1,5.5,3,7.3,1,2024-12-31,9.99
CUST11456,2024-01-28,Standard,19.99,Monthly,East,Referral,Standard Support,11,9.7,0,8.2,0,,219.89
CUST11457,2024-12-10,Standard,19.99,Monthly,North,Organic Search,Standard Support,1,11.7,1,5.9,0,,19.99
CUST11458,2024-12-21,Basic,9.99,Annual,South,Organic Search,Standard Support,1,2.4,3,8.1,1,2024-12-31,10.99
CUST11459,2022-05-28,Basic,9.99,Monthly,East,Social Media,Self-Service,31,8.3,0,7.0,0,,309.69
CUST11460,2021-08-16,Premium,39.99,Annual,Central,Paid Ads,Self-Service,41,22.3,3,7.5,0,,1803.55
CUST11461,2023-03-05,Standard,19.99,Annual,North,Organic Search,Priority Support,22,10.6,0,8.4,0,,483.76
CUST11462,2023-03-29,Basic,9.99,Annual,South,Paid Ads,Self-Service,21,6.4,1,7.9,0,,230.77
CUST11463,2024-09-29,Basic,9.99,Annual,East,Social Media,Self-Service,3,8.4,0,6.1,0,,32.97
CUST11464,2021-09-02,Standard,19.99,Monthly,East,Social Media,Standard Support,40,4.4,0,7.3,0,,799.6
CUST11465,2023-09-13,Premium,39.99,Monthly,South,Social Media,Standard Support,15,19.8,1,8.2,0,,599.85
CUST11466,2022-06-27,Basic,9.99,Monthly,South,Organic Search,Self-Service,30,6.5,0,7.6,0,,299.7
CUST11467,2024-06-22,Standard,19.99,Monthly,West,Organic Search,Standard Support,6,8.0,0,8.5,0,,119.94
CUST11468,2024-11-13,Standard,19.99,Monthly,Central,Referral,Self-Service,1,12.0,1,5.8,1,2024-12-13,19.99
CUST11469,2023-06-17,Standard,19.99,Monthly,South,Organic Search,Standard Support,18,16.1,1,10.0,0,,359.82
CUST11470,2022-04-24,Standard,19.99,Monthly,South,Organic Search,Standard Support,32,13.7,1,7.4,0,,639.68
CUST11471,2021-10-19,Basic,9.99,Annual,North,Organic Search,Standard Support,38,4.3,1,5.5,0,,417.58
CUST11472,2024-04-13,Standard,19.99,Monthly,North,Paid Ads,Self-Service,8,11.7,0,7.3,0,,159.92
CUST11473,2023-10-05,Standard,19.99,Annual,Central,Email Campaign,Self-Service,15,14.4,1,5.0,0,,329.83
CUST11474,2023-01-30,Basic,9.99,Monthly,North,Paid Ads,Self-Service,23,3.2,0,8.4,0,,229.77
CUST11475,2021-05-02,Basic,9.99,Annual,South,Organic Search,Self-Service,44,3.3,5,5.7,0,,483.52
CUST11476,2021-04-28,Standard,19.99,Monthly,Central,Paid Ads,Standard Support,44,8.7,0,8.0,0,,879.56
CUST11477,2024-03-13,Standard,19.99,Monthly,West,Social Media,Self-Service,8,6.0,3,5.5,1,2024-11-08,159.92
CUST11478,2022-02-26,Basic,9.99,Monthly,Central,Organic Search,Standard Support,34,7.5,1,5.7,0,,339.66
CUST11479,2024-01-04,Standard,19.99,Monthly,South,Organic Search,Standard Support,12,7.0,2,8.7,0,,239.88
CUST11480,2023-12-08,Premium,39.99,Annual,West,Social Media,Standard Support,12,19.2,0,6.7,0,,527.87
CUST11481,2021-09-01,Standard,19.99,Annual,South,Referral,Standard Support,40,8.9,0,8.5,0,,879.56
CUST11482,2023-09-11,Basic,9.99,Monthly,South,Email Campaign,Standard Support,15,9.9,1,7.6,0,,149.85
CUST11483,2024-09-18,Standard,19.99,Monthly,East,Paid Ads,Self-Service,3,10.3,3,8.6,1,2024-12-17,59.97
CUST11484,2021-05-03,Basic,9.99,Monthly,West,Paid Ads,Self-Service,14,1.6,1,6.7,1,2022-06-27,139.86
CUST11485,2021-03-28,Basic,9.99,Monthly,South,Paid Ads,Self-Service,45,9.9,1,7.9,0,,449.55
CUST11486,2024-04-11,Standard,19.99,Monthly,West,Organic Search,Priority Support,1,10.9,2,6.8,1,2024-05-11,19.99
CUST11487,2021-07-10,Basic,9.99,Monthly,WEST,Social Media,Self-Service,42,9.6,0,5.9,0,,419.58
CUST11488,2023-11-08,Standard,19.99,Monthly,North,Paid Ads,Self-Service,13,5.0,2,4.9,0,,259.87
CUST11489,2023-08-24,Standard,19.99,Monthly,West,Referral,Self-Service,1,8.2,2,3.5,1,2023-09-23,19.99
CUST11490,2023-06-04,Premium,39.99,Monthly,West,Paid Ads,Self-Service,2,16.2,4,5.1,1,2023-08-03,79.98
CUST11491,2022-09-24,Basic,9.99,Annual,West,Referral,Self-Service,16,6.0,2,8.3,1,2024-01-17,175.82
CUST11492,2023-06-16,Basic,9.99,Monthly,West,Organic Search,Standard Support,18,11.9,1,6.9,0,,179.82
CUST11493,2021-11-11,Standard,19.99,Monthly,South,Organic Search,Standard Support,38,8.0,0,6.8,0,,759.62
CUST11494,2023-11-13,Premium,39.99,Monthly,Central,Paid Ads,Priority Support,13,15.6,0,3.6,0,,519.87
CUST11495,2024-10-13,Premium,39.99,Annual,Central,Organic Search,Standard Support,2,12.0,1,7.3,1,2024-12-12,87.98
CUST11496,2024-02-27,Standard,19.99,Monthly,Central,Organic Search,Priority Support,10,1.7,0,8.3,0,,199.9
CUST11497,2021-12-16,Basic,9.99,Monthly,East,Social Media,Self-Service,37,4.0,2,4.8,0,,369.63
CUST11498,2021-01-27,Standard,19.99,Monthly,South,Organic Search,Standard Support,47,10.3,2,7.5,0,,939.53
CUST11499,2023-12-09,Standard,19.99,Monthly,East,Referral,Standard Support,12,10.5,0,9.4,0,,239.88
CUST11500,2023-08-27,Basic,9.99,Monthly,West,Paid Ads,Self-Service,16,7.3,2,3.7,0,,159.84
CUST11501,2022-06-01,Basic,9.99,Monthly,West,Organic Search,Standard Support,31,3.0,1,7.9,0,,309.69
CUST11502,2023-11-18,Standard,19.99,Monthly,South,Organic Search,Self-Service,13,9.1,1,,0,,259.87
CUST11503,2024-11-04,Standard,19.99,Monthly,East,Email Campaign,Self-Service,1,17.8,1,4.9,0,,19.99
CUST11504,2021-08-09,Basic,9.99,Monthly,North,Organic Search,Self-Service,41,17.4,3,8.9,0,,409.59
CUST11505,2021-01-21,Standard,19.99,Monthly,West,Social Media,Standard Support,48,9.7,2,5.6,0,,959.52
CUST11506,2021-11-09,Premium,39.99,Monthly,North,Email Campaign,Priority Support,38,17.2,0,8.8,0,,1519.62
CUST11507,2023-11-29,Standard,19.99,Monthly,Central,Paid Ads,Standard Support,2,11.6,1,4.0,1,2024-01-28,39.98
CUST11508,2022-09-07,Basic,9.99,Monthly,South,Social Media,Self-Service,28,7.5,2,7.6,1,2024-12-25,279.72
CUST11509,2023-08-26,Basic,9.99,Monthly,West,Social Media,Standard Support,16,5.2,1,9.1,0,,159.84
CUST11510,2024-08-14,Basic,9.99,Annual,West,Social Media,Priority Support,4,9.9,0,7.3,0,,43.96
CUST11511,2023-03-02,Basic,9.99,Monthly,West,Social Media,Self-Service,22,12.9,0,6.0,0,,219.78
CUST11512,2022-08-10,Premium,39.99,Monthly,South,Organic Search,Standard Support,29,15.6,1,7.1,0,,1159.71
CUST11513,2021-08-24,Premium,39.99,Monthly,North,Organic Search,Priority Support,40,11.4,0,5.8,0,,1599.6
CUST11514,2021-11-18,Premium,39.99,Monthly,South,Social Media,Priority Support,37,21.4,0,7.9,0,,1479.63
CUST11515,2021-03-04,Premium,39.99,Monthly,South,Organic Search,Self-Service,43,8.0,0,4.8,1,2024-09-14,1719.57
CUST11516,2024-05-06,Basic,9.99,Annual,West,Social Media,Standard Support,7,9.3,1,8.2,0,,76.92
CUST11517,2023-12-06,Standard,19.99,Annual,East,Organic Search,Self-Service,13,6.2,0,4.8,0,,285.86
CUST11518,2021-03-25,Standard,19.99,Monthly,West,Organic Search,Self-Service,5,9.2,1,6.5,1,2021-08-22,99.95
CUST11519,2021-02-19,Standard,19.99,Monthly,North,Paid Ads,Self-Service,47,6.0,3,7.2,0,,939.53
CUST11520,2022-12-02,Premium,39.99,Monthly,North,Social Media,Priority Support,25,10.6,0,6.9,0,,999.75
CUST11521,2024-10-15,Standard,19.99,Monthly,South,Social Media,Self-Service,2,13.3,0,7.2,0,,39.98
CUST11522,2023-04-14,Premium,39.99,Monthly,North,Social Media,Self-Service,20,21.2,2,5.3,0,,799.8
CUST11523,2024-08-30,Basic,9.99,Monthly,South,Social Media,Standard Support,4,9.5,0,10.0,0,,39.96
CUST11524,2023-03-21,Standard,19.99,Monthly,East,Organic Search,Self-Service,14,8.8,1,7.3,1,2024-05-14,279.86
CUST11525,2022-05-28,Basic,9.99,Monthly,South,Organic Search,Priority Support,31,6.5,1,6.7,0,,309.69
CUST11526,2023-02-08,Premium,39.99,Annual,East,Organic Search,Self-Service,5,13.6,1,6.4,1,2023-07-08,219.95
CUST11527,2022-02-12,Premium,39.99,Monthly,West,Paid Ads,Standard Support,35,17.8,2,7.5,0,,1399.65
CUST11528,2021-02-11,Basic,9.99,Monthly,Central,Paid Ads,Self-Service,47,10.6,0,8.1,0,,469.53
CUST11529,2023-12-14,Standard,19.99,Annual,South,Email Campaign,Self-Service,12,14.6,3,7.9,0,,263.87
CUST11530,2023-06-05,Standard,19.99,Monthly,East,Social Media,Self-Service,14,0.0,4,6.6,1,2024-07-29,279.86
CUST11531,2021-03-19,Basic,9.99,Annual,West,Social Media,Standard Support,46,5.4,0,9.7,0,,505.49
CUST11532,2024-06-19,Basic,9.99,Monthly,South,Organic Search,Standard Support,2,10.5,1,9.7,1,2024-08-18,19.98
CUST11533,2023-05-06,Premium,39.99,Monthly,Central,Paid Ads,Self-Service,5,14.7,3,5.7,1,2023-10-03,199.95
CUST11534,2023-03-26,Basic,9.99,Annual,Central,Referral,Self-Service,4,1.3,2,6.4,1,2023-07-24,43.96
CUST11535,2022-08-16,Standard,19.99,Monthly,West,Organic Search,Self-Service,11,5.1,3,6.9,1,2023-07-12,219.89
CUST11536,2023-08-16,Basic,9.99,Monthly,North,Organic Search,Standard Support,16,9.6,0,9.8,0,,159.84
CUST11537,2023-01-12,Basic,9.99,Monthly,East,Referral,Priority Support,23,7.0,1,7.8,0,,229.77
CUST11538,2023-11-03,Basic,9.99,Monthly,North,Referral,Standard Support,3,14.5,2,5.4,1,2024-02-01,29.97
CUST11539,2021-02-17,Basic,9.99,Annual,South,Organic Search,Standard Support,47,0.0,3,5.7,0,,516.48
CUST11540,2023-07-11,Basic,9.99,Monthly,East,Organic Search,Self-Service,7,5.0,1,7.0,1,2024-02-06,69.93
CUST11541,2024-03-28,Premium,39.99,Monthly,South,Social Media,Self-Service,9,25.5,1,6.5,0,,359.91
CUST11542,2023-08-11,Basic,9.99,Monthly,North,Paid Ads,Standard Support,16,2.9,0,8.1,0,,159.84
CUST11543,2023-01-09,Basic,9.99,Monthly,East,Paid Ads,Self-Service,24,3.2,3,6.3,0,,239.76
CUST11544,2021-04-30,Basic,9.99,Monthly,Central,Organic Search,Self-Service,44,0.6,5,7.3,0,,439.56
CUST11545,2021-03-03,Standard,19.99,Annual,South,Social Media,Self-Service,46,10.1,1,9.4,0,,1011.49
CUST11546,2022-07-08,Premium,39.99,Monthly,East,Organic Search,Self-Service,30,15.8,1,7.7,0,,1199.7
CUST11547,2022-09-01,Basic,9.99,Annual,Central,Organic Search,Standard Support,28,0.0,2,10.0,0,,307.69
CUST11548,2021-03-28,Basic,9.99,Monthly,West,Social Media,Self-Service,45,6.4,0,8.2,0,,449.55
CUST11549,2023-04-04,Basic,9.99,Monthly,Central,Organic Search,Standard Support,21,10.7,1,8.4,0,,209.79
CUST11550,2023-10-25,Standard,19.99,Annual,East,Referral,Standard Support,14,10.0,1,5.2,0,,307.85
CUST11551,2022-06-21,Premium,39.99,Monthly,East,Social Media,Self-Service,30,19.5,1,4.8,0,,1199.7
CUST11552,2022-12-22,Basic,9.99,Monthly,Central,Paid Ads,Standard Support,24,0.1,0,7.1,0,,239.76
CUST11553,2021-05-16,Basic,9.99,Monthly,South,Organic Search,Standard Support,4,4.9,1,7.8,1,2021-09-13,39.96
CUST11554,2022-08-22,Basic,9.99,Monthly,North,Paid Ads,Self-Service,28,4.4,1,5.2,0,,279.72
CUST11555,2024-09-21,Standard,19.99,Monthly,South,Email Campaign,Priority Support,3,4.5,1,10.0,0,,59.97
CUST11556,2022-06-20,Premium,39.99,Annual,Central,Social Media,Priority Support,30,18.0,1,6.4,0,,1319.67
CUST11557,2021-04-02,Basic,9.99,Monthly,Central,Organic Search,Standard Support,45,0.0,2,8.0,0,,449.55
CUST11558,2021-03-31,Premium,39.99,Monthly,East,Organic Search,Self-Service,7,15.2,1,6.7,1,2021-10-27,279.93
CUST11559,2024-07-17,Standard,19.99,Monthly,North,Email Campaign,Standard Support,5,9.6,1,6.6,0,,99.95
CUST11560,2021-11-14,Premium,39.99,Annual,Central,Social Media,Self-Service,38,19.8,0,6.0,0,,1671.58
CUST11561,2022-10-26,Basic,9.99,Monthly,West,Social Media,Self-Service,26,0.0,1,7.0,0,,259.74
CUST11562,2023-12-18,Premium,39.99,Annual,East,Social Media,Self-Service,12,17.0,1,6.8,0,,527.87
CUST11563,2021-03-31,Basic,9.99,Monthly,Central,Paid Ads,Priority Support,45,4.6,0,5.9,0,,449.55
CUST11564,2022-04-01,Standard,19.99,Monthly,East,Social Media,Priority Support,33,12.5,1,7.1,0,,659.67
CUST11565,2021-09-25,Basic,9.99,Annual,South,Organic Search,Priority Support,39,3.3,0,9.4,0,,428.57
CUST11566,2023-12-16,Basic,9.99,Annual,West,Organic Search,Priority Support,12,10.2,1,6.5,0,,131.87
CUST11567,2022-05-08,Standard,19.99,Monthly,East,Social Media,Self-Service,32,16.5,1,5.1,0,,639.68
CUST11568,2022-12-09,Basic,9.99,Monthly,West,Social Media,Self-Service,25,6.5,1,8.0,0,,249.75
CUST11569,2021-04-12,Basic,9.99,Annual,North,Paid Ads,Standard Support,45,5.4,1,6.4,0,,494.51
CUST11570,2023-10-28,Basic,9.99,Annual,East,Referral,Self-Service,14,0.7,1,7.2,0,,153.85
CUST11571,2024-06-09,Premium,39.99,Monthly,North,Organic Search,Self-Service,6,20.9,1,6.8,0,,239.94
CUST11572,2022-01-09,Basic,9.99,Annual,South,Referral,Priority Support,36,2.5,0,7.5,0,,395.6
CUST11573,2021-07-14,Standard,19.99,Monthly,West,Email Campaign,Standard Support,42,20.1,1,9.2,0,,839.58
CUST11574,2024-07-24,Standard,19.99,Annual,South,Social Media,Priority Support,5,9.2,2,5.3,0,,109.94
CUST11575,2022-10-17,Standard,19.99,Monthly,North,Email Campaign,Self-Service,11,9.9,0,6.0,1,2023-09-12,219.89
CUST11576,2021-01-02,Basic,9.99,Annual,North,Paid Ads,Self-Service,13,8.1,2,6.1,1,2022-01-27,142.86
CUST11577,2021-10-14,Basic,9.99,Monthly,North,Social Media,Standard Support,39,5.6,0,7.0,0,,389.61
CUST11578,2021-10-01,Basic,9.99,Annual,North,Paid Ads,Self-Service,39,2.1,0,7.7,0,,428.57
CUST11579,2021-01-09,Premium,39.99,Annual,North,Organic Search,Priority Support,48,13.6,1,8.5,0,,2111.47
CUST11580,2024-11-12,Premium,39.99,Monthly,East,Email Campaign,Standard Support,1,7.6,1,9.3,0,,39.99
CUST11581,2021-10-18,Basic,9.99,Monthly,West,Organic Search,Priority Support,39,3.3,2,8.5,0,,389.61
CUST11582,2023-08-25,Basic,9.99,Monthly,East,Organic Search,Standard Support,16,9.9,1,8.6,0,,159.84
CUST11583,2021-11-06,Basic,9.99,Monthly,North,Social Media,Self-Service,17,0.0,4,4.8,1,2023-03-31,169.83
CUST11584,2024-09-06,Standard,19.99,Monthly,Central,Organic Search,Self-Service,2,6.6,0,5.0,1,2024-11-05,39.98
CUST11585,2022-07-01,Standard,19.99,Monthly,West,Email Campaign,Standard Support,30,13.0,0,10.0,0,,599.7
CUST11586,2021-04-23,Basic,9.99,Monthly,North,Organic Search,Self-Service,44,8.0,3,4.2,0,,439.56
CUST11587,2021-12-01,Basic,9.99,Monthly,South,Organic Search,Standard Support,15,3.4,1,6.1,1,2023-02-24,149.85
CUST11588,2023-09-28,Basic,9.99,Annual,West,Social Media,Self-Service,15,11.9,0,7.6,0,,164.84
CUST11589,2024-04-30,Premium,39.99,Monthly,South,Organic Search,Priority Support,4,21.8,0,6.1,1,2024-08-28,159.96
CUST11590,2023-08-23,Premium,39.99,Annual,North,Paid Ads,Self-Service,16,15.4,1,7.3,0,,703.82
CUST11591,2021-11-26,Premium,39.99,Monthly,South,Paid Ads,Standard Support,37,11.6,2,5.6,0,,1479.63
CUST11592,2021-02-25,Standard,19.99,Annual,South,Paid Ads,Standard Support,31,8.4,0,5.5,1,2023-09-13,681.66
CUST11593,2023-09-17,Basic,9.99,Monthly,North,Email Campaign,Standard Support,15,3.2,0,8.8,0,,149.85
CUST11594,2023-04-12,Basic,9.99,Annual,North,Organic Search,Standard Support,20,6.3,0,8.2,0,,219.78
CUST11595,2024-12-27,Basic,9.99,Monthly,West,Organic Search,Standard Support,1,7.1,1,7.4,0,,9.99
CUST11596,2024-11-22,Basic,9.99,Monthly,Central,Paid Ads,Priority Support,1,13.2,0,5.2,0,,9.99
CUST11597,2023-02-10,Basic,9.99,Monthly,South,Paid Ads,Priority Support,23,5.4,1,6.6,0,,229.77
CUST11598,2024-04-07,Standard,19.99,Monthly,North,Organic Search,Self-Service,8,12.7,2,5.3,0,,159.92
CUST11599,2022-01-05,Basic,9.99,Monthly,West,Paid Ads,Standard Support,36,0.0,0,9.4,0,,359.64
CUST11600,2024-10-22,Standard,19.99,Monthly,South,Email Campaign,Standard Support,1,11.2,1,6.3,1,2024-11-21,19.99
CUST11601,2022-08-23,Standard,19.99,Annual,South,Paid Ads,Self-Service,22,12.5,1,5.7,1,2024-06-13,483.76
CUST11602,2021-02-21,Standard,19.99,Monthly,North,Paid Ads,Standard Support,46,14.6,0,8.8,0,,919.54
CUST11603,2022-06-16,Basic,9.99,Monthly,West,Referral,Self-Service,30,0.0,3,5.0,0,,299.7
CUST11604,2021-06-05,Premium,39.99,Annual,East,Social Media,Self-Service,2,15.4,1,6.7,1,2021-08-04,87.98
CUST11605,2022-10-10,Standard,19.99,Annual,South,Organic Search,Priority Support,27,13.0,0,8.4,0,,593.7
CUST11606,2021-11-17,Premium,39.99,Monthly,South,Referral,Standard Support,38,4.7,1,7.9,0,,1519.62
CUST11607,2024-10-01,Premium,39.99,Monthly,West,Organic Search,Self-Service,3,21.6,2,6.9,0,,119.97
CUST11608,2024-10-08,Basic,9.99,Monthly,South,Organic Search,Self-Service,2,5.7,1,10.0,0,,19.98
CUST11609,2022-01-29,Premium,39.99,Annual,North,Referral,Standard Support,35,13.5,1,9.0,0,,1539.62
CUST11610,2023-01-24,Basic,9.99,Monthly,North,Paid Ads,Self-Service,23,7.8,0,4.6,1,2024-12-14,229.77
CUST11611,2021-05-08,Standard,19.99,Monthly,North,Email Campaign,Standard Support,44,14.2,0,8.1,0,,879.56
CUST11612,2022-08-15,Basic,9.99,Annual,Central,Referral,Priority Support,28,16.8,0,5.9,0,,307.69
CUST11613,2022-04-18,Standard,19.99,Monthly,East,Email Campaign,Self-Service,32,11.0,1,4.0,0,,639.68
CUST11614,2022-09-06,Standard,19.99,Monthly,Central,Paid Ads,Self-Service,28,10.9,0,6.4,0,,559.72
CUST11615,2024-05-12,Basic,9.99,Monthly,North,Social Media,Standard Support,4,11.2,2,6.7,1,2024-09-09,39.96
CUST11616,2022-05-20,Basic,9.99,Monthly,West,Social Media,Self-Service,31,0.0,1,5.4,0,,309.69
CUST11617,2021-06-08,Premium,39.99,Annual,West,Referral,Standard Support,43,19.2,2,7.8,0,,1891.53
CUST11618,2021-09-05,Basic,9.99,Annual,North,Social Media,Self-Service,31,3.2,0,2.6,1,2024-03-23,340.66
CUST11619,2022-07-04,Basic,9.99,Monthly,South,Paid Ads,Standard Support,30,9.0,0,7.0,0,,299.7
CUST11620,2023-01-11,Basic,9.99,Annual,Central,Paid Ads,Standard Support,24,9.3,1,6.4,0,,263.74
CUST11621,2022-09-25,Standard,19.99,Annual,East,Referral,Standard Support,27,0.0,0,8.6,0,,593.7
CUST11622,2021-01-15,Basic,9.99,Annual,West,Referral,Self-Service,9,6.4,1,5.3,1,2021-10-12,98.9
CUST11623,2022-12-10,Basic,9.99,Annual,North,Referral,Self-Service,25,14.4,2,4.6,0,,274.73
CUST11624,2023-11-15,Standard,19.99,Monthly,West,Organic Search,Self-Service,13,6.5,2,5.2,0,,259.87
CUST11625,2022-06-11,Basic,9.99,Monthly,North,Referral,Self-Service,31,10.1,1,7.1,0,,309.69
CUST11626,2023-04-08,Basic,9.99,Annual,South,Referral,Self-Service,21,7.4,1,7.1,0,,230.77
CUST11627,2022-01-12,Basic,9.99,Annual,West,Email Campaign,Standard Support,36,0.0,0,4.6,0,,395.6
CUST11628,2023-10-02,Standard,19.99,Monthly,Central,Paid Ads,Priority Support,15,6.8,0,10.0,0,,299.85
CUST11629,2024-01-11,Basic,9.99,Monthly,Central,Organic Search,Standard Support,11,8.5,0,5.9,0,,109.89
CUST11630,2023-04-03,Standard,19.99,Monthly,North,Organic Search,Self-Service,15,8.9,0,6.8,1,2024-06-26,299.85
CUST11631,2024-06-25,Basic,9.99,Monthly,East,Referral,Self-Service,6,8.3,1,6.5,0,,59.94
CUST11632,2024-03-09,Premium,39.99,Monthly,West,Organic Search,Standard Support,9,18.7,1,8.2,0,,359.91
CUST11633,2023-01-03,Standard,19.99,Annual,West,Organic Search,Self-Service,24,8.5,3,7.4,0,,527.74
CUST11634,2021-08-29,Standard,19.99,Monthly,South,Organic Search,Standard Support,40,9.2,1,6.7,0,,799.6
CUST11635,2022-03-23,Standard,19.99,Monthly,North,Organic Search,Standard Support,33,4.3,1,6.0,0,,659.67
CUST11636,2024-12-20,Basic,9.99,Monthly,East,Organic Search,Self-Service,1,11.8,0,7.0,0,,9.99
CUST11637,2024-08-12,Standard,19.99,Annual,West,Email Campaign,Standard Support,4,11.4,3,8.0,0,,87.96
CUST11638,2021-07-28,Premium,39.99,Monthly,South,Organic Search,Self-Service,40,21.1,1,8.3,1,2024-11-09,1599.6
CUST11639,2024-06-16,Basic,9.99,Annual,South,Social Media,Standard Support,5,0.0,2,6.5,1,2024-11-13,54.95
CUST11640,2024-04-15,Basic,9.99,Monthly,North,Email Campaign,Standard Support,6,0.0,0,6.9,1,2024-10-12,59.94
CUST11641,2021-05-02,Basic,9.99,Monthly,East,Paid Ads,Self-Service,44,8.3,2,7.2,0,,439.56
CUST11642,2024-04-17,Standard,19.99,Monthly,Central,Social Media,Standard Support,8,6.7,0,5.8,0,,159.92
CUST11643,2023-01-09,Basic,9.99,Monthly,East,Organic Search,Self-Service,24,3.6,2,9.9,0,,239.76
CUST11644,2021-10-28,Standard,19.99,Monthly,East,Paid Ads,Priority Support,38,8.8,0,6.1,0,,759.62
CUST11645,2023-12-08,Standard,19.99,Monthly,Central,Organic Search,Self-Service,9,5.0,0,8.9,1,2024-09-03,179.91
CUST11646,2023-09-26,Premium,39.99,Monthly,North,Organic Search,Standard Support,15,20.8,0,7.1,0,,599.85
CUST11647,2023-10-03,Standard,19.99,Annual,Central,Organic Search,Standard Support,15,3.9,0,6.6,0,,329.83
CUST11648,2024-05-20,Basic,9.99,Monthly,North,Referral,Self-Service,4,0.0,2,5.8,1,2024-09-17,39.96
CUST11649,2023-07-22,Basic,9.99,Annual,West,Referral,Standard Support,12,12.4,1,7.8,1,2024-07-16,131.87
CUST11650,2021-06-27,Basic,9.99,Annual,West,Paid Ads,Priority Support,42,6.0,1,6.4,0,,461.54
CUST11651,2023-03-20,Standard,19.99,Annual,West,Paid Ads,Self-Service,21,14.9,5,6.0,0,,461.77
CUST11652,2023-07-17,Premium,39.99,Monthly,Central,Organic Search,Standard Support,17,20.1,1,7.9,0,,679.83
CUST11653,2022-11-20,Premium,39.99,Monthly,South,Social Media,Priority Support,25,14.7,0,6.2,0,,999.75
CUST11654,2023-07-06,Premium,39.99,Monthly,East,Referral,Self-Service,18,18.1,1,6.7,0,,719.82
CUST11655,2023-06-12,Standard,19.99,Monthly,North,Paid Ads,Standard Support,18,5.9,1,7.5,0,,359.82
CUST11656,2024-08-01,Basic,9.99,Annual,East,Referral,Standard Support,5,7.3,3,7.4,0,,54.95
CUST11657,2021-08-13,Premium,39.99,Monthly,North,Referral,Priority Support,19,10.0,0,6.4,1,2023-03-06,759.81
CUST11658,2022-10-03,Standard,19.99,Annual,South,Organic Search,Standard Support,27,12.2,0,8.4,0,,593.7
CUST11659,2024-05-04,Basic,9.99,Monthly,West,Paid Ads,Self-Service,8,5.6,1,10.0,0,,79.92
CUST11660,2021-03-25,Standard,19.99,Monthly,SOUTH,Email Campaign,Priority Support,45,11.6,0,5.6,0,,899.55
CUST11661,2024-03-18,Premium,39.99,Annual,West,Paid Ads,Standard Support,9,18.9,0,9.5,0,,395.9
CUST11662,2021-10-26,Standard,19.99,Monthly,East,Paid Ads,Standard Support,38,13.3,0,7.1,0,,759.62
CUST11663,2023-07-07,Standard,19.99,Monthly,Central,Organic Search,Self-Service,7,12.6,2,5.5,1,2024-02-02,139.93
CUST11664,2021-12-07,Basic,9.99,Monthly,South,Paid Ads,Self-Service,37,3.9,0,9.2,0,,369.63
CUST11665,2024-01-18,Premium,39.99,Monthly,North,Social Media,Self-Service,3,15.2,4,7.0,1,2024-04-17,119.97
CUST11666,2023-04-30,Basic,9.99,Monthly,Central,Referral,Standard Support,20,9.5,0,8.4,0,,199.8
CUST11667,2021-10-14,Standard,19.99,Monthly,West,Organic Search,Standard Support,39,5.1,2,8.8,0,,779.61
CUST11668,2023-06-09,Standard,19.99,Annual,North,Organic Search,Standard Support,19,6.0,3,8.9,0,,417.79
CUST11669,2022-09-01,Basic,9.99,Monthly,West,Social Media,Standard Support,2,1.6,1,8.1,1,2022-10-31,19.98
CUST11670,2023-05-22,Premium,39.99,Monthly,East,Organic Search,Priority Support,19,11.7,1,9.7,0,,759.81
CUST11671,2021-04-29,Basic,9.99,Monthly,South,Social Media,Self-Service,18,4.1,1,5.4,1,2022-10-21,179.82
CUST11672,2021-10-04,Basic,9.99,Monthly,Central,Paid Ads,Priority Support,39,3.2,2,7.7,0,,389.61
CUST11673,2024-05-13,Basic,9.99,Annual,Central,Referral,Standard Support,7,5.8,1,6.3,1,2024-12-09,76.92
CUST11674,2021-01-07,Premium,39.99,Monthly,North,Organic Search,Self-Service,28,17.2,1,5.9,1,2023-04-27,1119.72
CUST11675,2022-11-08,Standard,19.99,Monthly,West,Paid Ads,Self-Service,26,8.1,0,6.5,0,,519.74
CUST11676,2023-04-01,Standard,19.99,Monthly,West,Organic Search,Self-Service,21,15.4,1,7.6,0,,419.79
CUST11677,2022-09-07,Basic,9.99,Monthly,Central,Organic Search,Self-Service,28,0.0,2,5.8,0,,279.72
CUST11678,2022-02-13,Basic,9.99,Annual,South,Paid Ads,Standard Support,35,4.4,0,7.8,0,,384.62
CUST11679,2021-11-14,Standard,19.99,Monthly,North,Organic Search,Priority Support,38,8.0,0,7.2,0,,759.62
CUST11680,2024-11-21,Basic,9.99,Monthly,South,Email Campaign,Self-Service,1,1.7,0,7.8,1,2024-12-21,9.99
CUST11681,2023-10-23,Standard,19.99,Monthly,West,Social Media,Standard Support,9,8.1,1,5.7,1,2024-07-19,179.91
CUST11682,2023-06-02,Premium,39.99,Monthly,Central,Email Campaign,Priority Support,19,10.5,0,5.0,0,,759.81
CUST11683,2023-12-08,Premium,39.99,Monthly,West,Referral,Self-Service,12,20.2,1,8.0,0,,479.88
CUST11684,2023-08-04,Basic,9.99,Monthly,South,Organic Search,Self-Service,16,0.7,2,8.4,1,2024-11-26,159.84
CUST11685,2021-06-25,Standard,19.99,Annual,North,Referral,Self-Service,42,10.8,2,7.6,0,,923.54
CUST11686,2024-02-28,Standard,19.99,Monthly,Central,Referral,Self-Service,6,11.9,0,6.5,1,2024-08-26,119.94
CUST11687,2023-01-13,Basic,9.99,Monthly,Central,Paid Ads,Self-Service,23,10.7,3,6.0,0,,229.77
CUST11688,2021-07-17,Standard,19.99,Monthly,Central,Paid Ads,Self-Service,13,4.1,0,5.2,1,2022-08-11,259.87
CUST11689,2024-05-06,Basic,9.99,Monthly,North,Paid Ads,Standard Support,7,0.0,0,7.4,0,,69.93
CUST11690,2023-03-21,Standard,19.99,Monthly,West,Organic Search,Priority Support,21,9.8,1,7.0,0,,419.79
CUST11691,2022-02-16,Standard,19.99,Monthly,North,Paid Ads,Self-Service,34,4.4,2,5.0,0,,679.66
CUST11692,2022-07-31,Standard,19.99,Monthly,Central,Paid Ads,Standard Support,29,8.5,1,8.0,0,,579.71
CUST11693,2023-04-13,Premium,39.99,Monthly,North,Email Campaign,Self-Service,16,21.0,0,7.6,1,2024-08-05,639.84
CUST11694,2023-09-13,Basic,9.99,Monthly,North,Organic Search,Standard Support,3,6.4,0,10.0,1,2023-12-12,29.97
CUST11695,2022-01-19,Premium,39.99,Monthly,Central,Paid Ads,Standard Support,35,15.4,0,7.3,0,,1399.65
CUST11696,2021-12-25,Standard,19.99,Annual,North,Social Media,Self-Service,15,6.0,2,6.8,1,2023-03-20,329.83
CUST11697,2023-01-18,Standard,19.99,Annual,North,Paid Ads,Standard Support,23,7.6,1,8.1,0,,505.75
CUST11698,2024-02-16,Basic,9.99,Monthly,South,Organic Search,Standard Support,10,3.0,0,6.0,0,,99.9
CUST11699,2022-01-09,Basic,9.99,Monthly,West,Paid Ads,Standard Support,36,3.2,2,7.8,0,,359.64
CUST11700,2022-04-11,Basic,9.99,Annual,West,Organic Search,Standard Support,33,12.7,0,10.0,0,,362.64
CUST11701,2021-01-11,Premium,39.99,Monthly,North,Organic Search,Standard Support,48,19.0,0,8.5,0,,1919.52
CUST11702,2021-07-13,Premium,39.99,Monthly,South,Organic Search,Self-Service,16,17.4,0,4.8,1,2022-11-05,639.84
CUST11703,2023-06-03,Standard,19.99,Monthly,North,Organic Search,Priority Support,11,10.4,1,,1,2024-04-28,219.89
CUST11704,2023-10-10,Basic,9.99,Monthly,North,Organic Search,Standard Support,14,2.7,0,7.6,0,,139.86
CUST11705,2022-12-29,Standard,19.99,Annual,East,Organic Search,Standard Support,24,6.6,1,8.1,0,,527.74
CUST11706,2022-11-05,Standard,19.99,Annual,West,Social Media,Self-Service,4,11.6,2,5.9,1,2023-03-05,87.96
CUST11707,2021-11-13,Premium,39.99,Annual,Central,Paid Ads,Self-Service,38,19.2,1,8.6,0,,1671.58
CUST11708,2021-12-06,Basic,9.99,Monthly,North,Organic Search,Standard Support,37,10.2,0,6.1,0,,369.63
CUST11709,2021-09-30,Premium,39.99,Monthly,West,Referral,Priority Support,39,10.0,0,7.4,0,,1559.61
CUST11710,2024-03-04,Standard,19.99,Annual,North,Paid Ads,Standard Support,10,7.7,5,8.2,0,,219.89
CUST11711,2023-06-24,Premium,39.99,Monthly,South,Email Campaign,Self-Service,18,18.9,1,5.8,0,,719.82
CUST11712,2021-02-11,Basic,9.99,Monthly,South,Referral,Self-Service,47,12.2,2,7.0,0,,469.53
CUST11713,2022-02-24,Premium,39.99,Monthly,South,Organic Search,Standard Support,34,14.2,0,5.4,0,,1359.66
CUST11714,2022-06-11,Basic,9.99,Monthly,West,Paid Ads,Priority Support,31,1.7,1,7.2,0,,309.69
CUST11715,2022-12-29,Premium,39.99,Annual,Central,Organic Search,Priority Support,24,19.8,0,4.7,0,,1055.74
CUST11716,2022-09-25,Basic,9.99,Monthly,West,Organic Search,Self-Service,27,9.4,0,5.9,0,,269.73
CUST11717,2021-01-03,Standard,19.99,Annual,East,Referral,Self-Service,48,6.4,1,7.6,0,,1055.47
CUST11718,2024-12-08,Standard,19.99,Monthly,Central,Social Media,Standard Support,1,23.1,0,9.4,1,2024-12-31,19.99
CUST11719,2023-11-18,Standard,19.99,Annual,North,Organic Search,Standard Support,13,16.1,0,7.8,0,,285.86
CUST11720,2021-08-17,Standard,19.99,Monthly,East,Organic Search,Self-Service,41,16.2,3,5.9,0,,819.59
CUST11721,2023-10-01,Standard,19.99,Monthly,East,Paid Ads,Self-Service,15,9.7,0,5.7,0,,299.85
CUST11722,2023-12-24,Standard,19.99,Annual,North,Organic Search,Standard Support,12,12.1,5,9.4,0,,263.87
CUST11723,2022-07-28,Basic,9.99,Monthly,South,Organic Search,Self-Service,11,13.5,4,5.2,1,2023-06-23,109.89
CUST11724,2021-07-26,Standard,19.99,Monthly,North,Referral,Self-Service,39,7.7,3,6.9,1,2024-10-08,779.61
CUST11725,2021-08-17,Basic,9.99,Monthly,Central,Referral,Standard Support,29,12.9,0,6.0,1,2024-01-04,289.71
CUST11726,2024-01-30,Basic,9.99,Annual,North,Paid Ads,Self-Service,11,9.0,2,8.8,0,,120.88
CUST11727,2023-07-17,Basic,9.99,Monthly,South,Organic Search,Priority Support,17,4.1,1,6.8,0,,169.83
CUST11728,2022-02-05,Standard,19.99,Monthly,South,Paid Ads,Priority Support,35,10.8,0,9.4,0,,699.65
CUST11729,2024-12-02,Standard,19.99,Annual,South,Social Media,Standard Support,1,7.2,1,7.3,0,,21.99
CUST11730,2021-02-04,Standard,19.99,Monthly,East,Social Media,Standard Support,33,10.1,0,8.1,1,2023-10-22,659.67
CUST11731,2022-09-23,Premium,39.99,Monthly,West,Email Campaign,Self-Service,27,24.9,1,4.9,0,,1079.73
CUST11732,2023-01-04,Basic,9.99,Monthly,North,Referral,Priority Support,24,5.1,0,7.2,0,,239.76
CUST11733,2022-10-11,Basic,9.99,Monthly,West,Organic Search,Standard Support,27,10.2,0,7.8,0,,269.73
CUST11734,2023-03-14,Standard,19.99,Monthly,Central,Paid Ads,Standard Support,21,8.8,1,7.2,0,,419.79
CUST11735,2023-10-09,Basic,9.99,Annual,Central,Paid Ads,Standard Support,14,4.9,1,6.7,0,,153.85
CUST11736,2022-02-23,Standard,19.99,Annual,Central,Referral,Standard Support,34,11.6,0,8.8,0,,747.63
CUST11737,2024-01-02,Basic,9.99,Monthly,East,Paid Ads,Priority Support,12,5.3,0,5.7,0,,119.88
CUST11738,2024-11-18,Basic,9.99,Annual,East,Paid Ads,Priority Support,1,8.9,1,6.8,0,,10.99
CUST11739,2023-05-07,Standard,19.99,Monthly,Central,Paid Ads,Standard Support,20,14.9,1,9.2,0,,399.8
CUST11740,2024-11-29,Basic,9.99,Monthly,East,Paid Ads,Priority Support,1,9.0,0,5.7,1,2024-12-29,9.99
CUST11741,2023-07-09,Standard,19.99,Monthly,North,Organic Search,Standard Support,18,7.6,1,8.6,0,,359.82
CUST11742,2022-08-07,Basic,9.99,Monthly,West,Social Media,Self-Service,29,9.7,0,6.0,0,,289.71
CUST11743,2023-05-18,Basic,9.99,Monthly,North,Social Media,Self-Service,7,5.8,1,10.0,1,2023-12-14,69.93
CUST11744,2024-08-09,Premium,39.99,Monthly,North,Referral,Self-Service,3,25.1,1,6.2,1,2024-11-07,119.97
CUST11745,2021-09-05,Standard,19.99,Monthly,North,Organic Search,Standard Support,40,14.9,1,4.6,0,,799.6
CUST11746,2023-02-24,Basic,9.99,Monthly,East,Referral,Standard Support,22,4.9,0,7.2,0,,219.78
CUST11747,2024-07-20,Standard,19.99,Monthly,Central,Organic Search,Self-Service,5,9.9,1,5.2,0,,99.95
CUST11748,2021-01-28,Standard,19.99,Monthly,Central,Organic Search,Standard Support,47,12.4,0,7.8,0,,939.53
CUST11749,2021-12-21,Standard,19.99,Monthly,East,Email Campaign,Self-Service,18,2.4,2,5.0,1,2023-06-14,359.82
CUST11750,2022-05-26,Basic,9.99,Monthly,East,Paid Ads,Self-Service,31,9.3,1,4.5,0,,309.69
CUST11751,2024-05-24,Basic,9.99,Monthly,West,Organic Search,Self-Service,6,5.0,1,8.4,1,2024-11-20,59.94
CUST11752,2022-09-09,Basic,9.99,Monthly,Central,Social Media,Standard Support,28,8.4,0,7.3,0,,279.72
CUST11753,2024-01-31,Premium,39.99,Annual,East,Paid Ads,Priority Support,11,13.5,1,9.0,0,,483.88
CUST11754,2022-11-17,Basic,9.99,Annual,East,Paid Ads,Priority Support,11,4.0,0,8.6,1,2023-10-13,120.88
CUST11755,2024-06-25,Basic,9.99,Annual,North,Referral,Self-Service,2,7.1,0,7.2,1,2024-08-24,21.98
CUST11756,2024-12-08,Premium,39.99,Monthly,Central,Organic Search,Self-Service,1,8.1,2,6.9,1,2024-12-31,39.99
CUST11757,2024-09-05,Basic,9.99,Monthly,East,Organic Search,Self-Service,3,8.0,0,6.6,0,,29.97
CUST11758,2023-01-22,Premium,39.99,Monthly,North,Email Campaign,Self-Service,23,22.1,0,4.9,0,,919.77
CUST11759,2024-04-22,Basic,9.99,Monthly,North,Social Media,Self-Service,8,7.7,1,6.0,0,,79.92
CUST11760,2021-02-16,Standard,19.99,Annual,Central,Organic Search,Self-Service,13,7.1,1,7.8,1,2022-03-13,285.86
CUST11761,2023-04-08,Basic,9.99,Monthly,North,Referral,Standard Support,10,1.3,1,9.0,1,2024-02-02,99.9
CUST11762,2021-07-09,Basic,9.99,Monthly,North,Social Media,Self-Service,42,6.1,1,5.8,0,,419.58
CUST11763,2022-06-03,Premium,39.99,Monthly,West,Organic Search,Standard Support,31,17.3,1,8.5,0,,1239.69
CUST11764,2024-01-21,Premium,39.99,Monthly,North,Organic Search,Self-Service,11,14.9,2,7.8,0,,439.89
CUST11765,2022-04-17,Standard,19.99,Monthly,East,Social Media,Standard Support,32,10.1,1,8.1,0,,639.68
CUST11766,2021-12-22,Standard,19.99,Monthly,West,Referral,Standard Support,36,8.0,2,7.8,0,,719.64
CUST11767,2024-05-30,Basic,9.99,Monthly,East,Social Media,Standard Support,3,1.3,2,9.6,1,2024-08-28,29.97
CUST11768,2023-06-13,Basic,9.99,Monthly,East,Social Media,Standard Support,18,3.4,2,5.8,0,,179.82
CUST11769,2021-05-27,Basic,9.99,Monthly,North,Organic Search,Self-Service,43,3.5,0,5.6,0,,429.57
CUST11770,2023-11-14,Basic,9.99,Monthly,West,Organic Search,Self-Service,6,5.2,4,6.8,1,2024-05-12,59.94
CUST11771,2021-10-26,Premium,39.99,Monthly,Central,Social Media,Standard Support,38,24.2,0,7.1,0,,1519.62
CUST11772,2024-05-12,Standard,19.99,Monthly,East,Paid Ads,Standard Support,7,9.3,1,7.7,0,,139.93
CUST11773,2024-06-14,Basic,9.99,Monthly,South,Social Media,Self-Service,6,10.2,2,3.2,0,,59.94
CUST11774,2022-10-09,Basic,9.99,Monthly,Central,Paid Ads,Self-Service,23,4.8,1,5.8,1,2024-08-29,229.77
CUST11775,2022-04-25,Standard,19.99,Annual,West,Organic Search,Self-Service,32,10.2,0,9.2,0,,703.65
CUST11776,2024-11-26,Standard,19.99,Monthly,North,Social Media,Standard Support,1,4.2,3,7.8,0,,19.99
CUST11777,2024-04-10,Premium,39.99,Monthly,East,Paid Ads,Standard Support,8,14.1,2,10.0,0,,319.92
CUST11778,2022-10-24,Basic,9.99,Monthly,Central,Paid Ads,Self-Service,26,1.3,0,6.3,0,,259.74
CUST11779,2021-11-06,Standard,19.99,Monthly,Central,Referral,Standard Support,38,13.4,1,8.0,0,,759.62
CUST11780,2023-09-30,Premium,39.99,Monthly,North,Organic Search,Self-Service,15,18.7,1,6.0,0,,599.85
CUST11781,2023-10-11,Basic,9.99,Monthly,West,Referral,Priority Support,8,9.0,1,7.1,1,2024-06-07,79.92
CUST11782,2023-11-26,Standard,19.99,Annual,Central,Organic Search,Standard Support,13,6.4,1,6.1,0,,285.86
CUST11783,2024-01-28,Premium,39.99,Monthly,West,Organic Search,Self-Service,3,19.2,2,7.2,1,2024-04-27,119.97
CUST11784,2021-11-03,Basic,9.99,Monthly,North,Organic Search,Self-Service,38,1.6,1,7.7,0,,379.62
CUST11785,2021-10-18,Basic,9.99,Annual,East,Paid Ads,Self-Service,38,1.0,1,9.9,1,2024-12-01,417.58
CUST11786,2022-10-08,Basic,9.99,Monthly,South,Social Media,Self-Service,27,5.4,2,8.1,0,,269.73
CUST11787,2023-09-15,Standard,19.99,Monthly,Central,Organic Search,Self-Service,3,5.8,2,8.1,1,2023-12-14,59.97
CUST11788,2023-05-28,Standard,19.99,Annual,Central,Organic Search,Self-Service,19,11.8,1,10.0,0,,417.79
CUST11789,2024-09-17,Standard,19.99,Annual,Central,Paid Ads,Priority Support,3,12.4,0,5.5,0,,65.97
CUST11790,2021-05-10,Standard,19.99,Annual,North,Paid Ads,Standard Support,44,9.6,1,6.6,0,,967.52
CUST11791,2022-09-01,Basic,9.99,Monthly,West,Paid Ads,Standard Support,28,6.4,0,7.1,0,,279.72
CUST11792,2024-07-27,Basic,9.99,Monthly,Central,Paid Ads,Self-Service,5,9.7,0,9.3,0,,49.95
CUST11793,2022-12-04,Basic,9.99,Monthly,West,Referral,Priority Support,10,5.3,0,8.7,1,2023-09-30,99.9
CUST11794,2024-03-08,Premium,39.99,Monthly,South,Paid Ads,Standard Support,3,21.9,2,7.0,1,2024-06-06,119.97
CUST11795,2022-04-08,Standard,19.99,Monthly,East,Email Campaign,Self-Service,33,10.2,0,5.4,0,,659.67
CUST11796,2024-12-17,Standard,19.99,Monthly,West,Organic Search,Standard Support,1,12.9,1,5.2,0,,19.99
CUST11797,2023-08-22,Premium,39.99,Annual,Central,Social Media,Self-Service,16,17.4,4,5.7,0,,703.82
CUST11798,2023-01-02,Basic,9.99,Annual,East,Social Media,Priority Support,24,12.3,2,8.8,0,,263.74
CUST11799,2021-08-04,Basic,9.99,Monthly,North,Social Media,Self-Service,41,6.6,0,6.0,0,,409.59
CUST11800,2021-01-27,Basic,9.99,Annual,West,Referral,Self-Service,47,0.0,0,4.3,0,,516.48
CUST11801,2023-02-17,Basic,9.99,Monthly,East,Organic Search,Priority Support,22,11.0,0,7.7,0,,219.78
CUST11802,2022-06-12,Standard,19.99,Monthly,North,Social Media,Priority Support,31,19.6,0,10.0,0,,619.69
CUST11803,2021-12-31,Basic,9.99,Annual,South,Organic Search,Standard Support,36,1.8,0,6.1,0,,395.6
CUST11804,2021-04-10,Basic,9.99,Monthly,South,Organic Search,Standard Support,45,6.3,0,6.6,0,,449.55
CUST11805,2021-07-18,Premium,39.99,Annual,West,Social Media,Self-Service,42,17.1,2,7.7,0,,1847.54
CUST11806,2024-06-11,Standard,19.99,Monthly,North,Email Campaign,Self-Service,6,13.1,1,5.8,0,,119.94
CUST11807,2023-11-02,Basic,9.99,Annual,West,Paid Ads,Self-Service,14,9.9,1,5.2,0,,153.85
CUST11808,2021-02-02,Standard,19.99,Annual,South,Social Media,Self-Service,47,6.8,0,5.9,0,,1033.48
CUST11809,2024-11-10,Premium,39.99,Annual,Central,Social Media,Self-Service,1,16.7,2,3.3,0,,43.99
CUST11810,2022-08-30,Basic,9.99,Monthly,South,Paid Ads,Self-Service,28,3.3,1,5.4,0,,279.72
CUST11811,2021-12-11,Basic,9.99,Monthly,Central,Paid Ads,Self-Service,37,11.3,0,6.9,0,,369.63
CUST11812,2023-08-31,Standard,19.99,Monthly,South,Paid Ads,Self-Service,16,10.1,0,8.7,0,,319.84
CUST11813,2021-11-19,Premium,39.99,Annual,Central,Paid Ads,Standard Support,37,11.9,2,9.1,0,,1627.59
CUST11814,2021-07-11,Basic,9.99,Monthly,North,Referral,Standard Support,42,7.0,1,8.2,0,,419.58
CUST11815,2022-03-07,Standard,19.99,Annual,Central,Paid Ads,Self-Service,29,3.2,2,5.1,1,2024-07-24,637.68
CUST11816,2023-05-24,Standard,19.99,Monthly,Central,Organic Search,Standard Support,19,4.0,0,6.9,0,,379.81
CUST11817,2021-02-17,Basic,9.99,Annual,West,Paid Ads,Self-Service,47,3.0,0,7.0,0,,516.48
CUST11818,2021-12-05,Standard,19.99,Monthly,West,Paid Ads,Self-Service,6,4.0,2,8.5,1,2022-06-03,119.94
CUST11819,2023-08-31,Standard,19.99,Monthly,East,Social Media,Standard Support,1,8.4,1,6.3,1,2023-09-30,19.99
CUST11820,2021-09-11,Premium,39.99,Monthly,South,Paid Ads,Self-Service,40,13.4,0,6.4,0,,1599.6
CUST11821,2022-03-05,Basic,9.99,Monthly,East,Paid Ads,Standard Support,34,9.5,0,8.6,0,,339.66
CUST11822,2023-07-31,Standard,19.99,Monthly,Central,Email Campaign,Self-Service,17,16.6,0,7.3,0,,339.83
CUST11823,2023-10-18,Premium,39.99,Monthly,South,Organic Search,Self-Service,14,17.6,0,8.1,0,,559.86
CUST11824,2021-11-22,Standard,19.99,Monthly,Central,Social Media,Self-Service,37,21.5,0,4.4,0,,739.63
CUST11825,2024-08-24,Basic,9.99,Monthly,West,Paid Ads,Priority Support,4,0.9,0,6.9,0,,39.96
CUST11826,2023-02-25,Basic,9.99,Monthly,West,Referral,Standard Support,22,7.9,0,7.9,0,,219.78
CUST11827,2022-09-17,Basic,9.99,Annual,Central,Organic Search,Self-Service,27,7.4,1,6.5,0,,296.7
CUST11828,2023-10-03,Basic,9.99,Monthly,West,Referral,Self-Service,14,9.1,1,8.0,1,2024-11-26,139.86
CUST11829,2024-11-25,Standard,19.99,Monthly,South,Email Campaign,Priority Support,1,8.5,0,5.3,0,,19.99
CUST11830,2021-09-13,Standard,19.99,Monthly,South,Email Campaign,Standard Support,40,11.0,1,6.3,0,,799.6
CUST11831,2022-08-24,Basic,9.99,Monthly,West,Paid Ads,Priority Support,22,7.6,1,8.4,1,2024-06-14,219.78
CUST11832,2024-03-19,Standard,19.99,Monthly,Central,Organic Search,Self-Service,9,13.2,4,7.0,0,,179.91
CUST11833,2024-02-25,Basic,9.99,Annual,NORTH,Referral,Self-Service,10,7.2,1,6.8,0,,109.89
CUST11834,2023-07-11,Standard,19.99,Monthly,West,Social Media,Priority Support,17,15.1,0,7.3,0,,339.83
CUST11835,2023-03-15,Basic,9.99,Annual,East,Social Media,Self-Service,21,4.5,0,7.3,0,,230.77
CUST11836,2022-01-07,Standard,19.99,Monthly,South,Referral,Self-Service,36,16.1,1,5.6,0,,719.64
CUST11837,2021-10-02,Basic,9.99,Annual,North,Paid Ads,Standard Support,39,9.0,0,7.0,0,,428.57
CUST11838,2022-07-08,Basic,9.99,Monthly,South,Social Media,Priority Support,19,6.3,0,6.3,1,2024-01-29,189.81
CUST11839,2022-04-11,Premium,39.99,Monthly,East,Organic Search,Standard Support,33,25.1,2,7.0,0,,1319.67
CUST11840,2021-01-21,Standard,19.99,Annual,South,Paid Ads,Self-Service,48,10.6,0,9.1,0,,1055.47
CUST11841,2022-06-08,Premium,39.99,Monthly,EAST,Organic Search,Standard Support,31,10.6,2,6.6,0,,1239.69
CUST11842,2021-12-07,Premium,39.99,Monthly,South,Social Media,Self-Service,24,23.5,1,8.7,1,2023-11-27,959.76
CUST11843,2021-10-20,Premium,39.99,Monthly,South,Email Campaign,Standard Support,38,11.9,2,7.3,0,,1519.62
CUST11844,2022-11-24,Basic,9.99,Annual,East,Paid Ads,Standard Support,23,12.2,2,5.0,1,2024-10-14,252.75
CUST11845,2021-06-22,Basic,9.99,Monthly,South,Social Media,Priority Support,40,4.9,0,9.0,1,2024-10-04,399.6
CUST11846,2023-01-14,Standard,19.99,Annual,East,Paid Ads,Standard Support,23,12.1,1,6.5,0,,505.75
CUST11847,2024-10-29,Basic,9.99,Annual,West,Organic Search,Standard Support,2,4.2,1,8.2,0,,21.98
CUST11848,2022-06-26,Standard,19.99,Annual,South,Social Media,Priority Support,30,16.0,0,5.6,0,,659.67
CUST11849,2024-06-24,Standard,19.99,Monthly,South,Email Campaign,Self-Service,4,3.4,1,6.4,1,2024-10-22,79.96
CUST11850,2021-11-24,Basic,9.99,Monthly,North,Social Media,Standard Support,26,11.2,1,7.4,1,2024-01-13,259.74
CUST11851,2023-03-09,Basic,9.99,Monthly,West,Referral,Priority Support,22,3.7,0,5.7,0,,219.78
CUST11852,2021-08-12,Standard,19.99,Monthly,West,Email Campaign,Standard Support,41,15.0,2,7.9,0,,819.59
CUST11853,2021-11-07,Basic,9.99,Monthly,North,Social Media,Self-Service,38,0.0,0,5.7,0,,379.62
CUST11854,2023-11-26,Basic,9.99,Monthly,North,Referral,Standard Support,12,4.5,0,8.4,1,2024-11-20,119.88
CUST11855,2023-11-07,Premium,39.99,Monthly,North,Referral,Self-Service,9,16.5,1,8.5,1,2024-08-03,359.91
CUST11856,2021-12-18,Basic,9.99,Annual,West,Social Media,Self-Service,36,6.4,3,7.2,0,,395.6
CUST11857,2023-05-12,Basic,9.99,Monthly,Central,Social Media,Standard Support,19,0.6,1,10.0,0,,189.81
CUST11858,2021-09-29,Basic,9.99,Monthly,South,Paid Ads,Standard Support,34,6.8,0,5.7,1,2024-07-15,339.66
CUST11859,2021-04-30,Standard,19.99,Annual,South,Email Campaign,Standard Support,44,14.1,0,9.0,0,,967.52
CUST11860,2022-05-29,Premium,39.99,Monthly,South,Social Media,Standard Support,31,18.1,0,9.6,0,,1239.69
CUST11861,2024-05-22,Premium,39.99,Annual,West,Paid Ads,Self-Service,7,13.4,0,5.1,0,,307.92
CUST11862,2022-10-20,Basic,9.99,Monthly,East,Organic Search,Self-Service,26,4.0,1,5.3,0,,259.74
CUST11863,2022-06-05,Basic,9.99,Monthly,North,Referral,Self-Service,28,5.1,3,7.9,1,2024-09-22,279.72
CUST11864,2021-02-05,Standard,19.99,Monthly,South,Organic Search,Self-Service,24,4.7,0,5.2,1,2023-01-26,479.76
CUST11865,2023-09-17,Standard,19.99,Monthly,West,Email Campaign,Standard Support,15,7.3,2,6.1,0,,299.85
CUST11866,2022-08-10,Standard,19.99,Monthly,North,Referral,Standard Support,29,12.9,0,6.9,0,,579.71
CUST11867,2024-11-25,Basic,9.99,Annual,Central,Paid Ads,Standard Support,1,8.7,1,6.5,0,,10.99
CUST11868,2021-10-30,Basic,9.99,Monthly,East,Referral,Self-Service,38,6.4,0,6.4,0,,379.62
CUST11869,2024-10-04,Basic,9.99,Monthly,East,Social Media,Self-Service,2,0.0,2,6.1,0,,19.98
CUST11870,2021-10-11,Premium,39.99,Annual,North,Email Campaign,Priority Support,39,10.4,0,10.0,0,,1715.57
CUST11871,2024-02-28,Standard,19.99,Monthly,East,Social Media,Standard Support,9,9.0,1,6.7,1,2024-11-24,179.91
CUST11872,2024-07-30,Basic,9.99,Monthly,Central,Organic Search,Priority Support,5,7.2,0,9.5,0,,49.95
CUST11873,2022-03-08,Basic,9.99,Monthly,North,Paid Ads,Priority Support,34,6.6,2,7.9,0,,339.66
CUST11874,2021-12-05,Basic,9.99,Monthly,Central,Referral,Self-Service,37,10.6,0,6.1,0,,369.63
CUST11875,2022-01-14,Basic,9.99,Monthly,South,Organic Search,Priority Support,36,3.9,0,6.1,0,,359.64
CUST11876,2023-08-19,Standard,19.99,Annual,South,Referral,Self-Service,1,8.2,1,5.1,1,2023-09-18,21.99
CUST11877,2024-01-24,Standard,19.99,Annual,West,Email Campaign,Self-Service,11,20.1,0,7.4,0,,241.88
CUST11878,2023-09-09,Premium,39.99,Annual,South,Social Media,Self-Service,5,17.2,2,6.4,1,2024-02-06,219.95
CUST11879,2023-09-04,Standard,19.99,Monthly,East,Email Campaign,Standard Support,16,7.0,2,4.6,0,,319.84
CUST11880,2024-01-31,Basic,9.99,Annual,Central,Referral,Priority Support,11,6.8,0,8.9,0,,120.88
CUST11881,2021-10-24,Premium,39.99,Annual,North,Organic Search,Standard Support,38,15.9,0,8.0,0,,1671.58
CUST11882,2022-10-27,Basic,9.99,Annual,Central,Referral,Standard Support,1,5.7,1,6.7,1,2022-11-26,10.99
CUST11883,2022-03-29,Basic,9.99,Monthly,Central,Organic Search,Self-Service,8,5.5,1,6.2,1,2022-11-24,79.92
CUST11884,2022-02-05,Standard,19.99,Monthly,South,Organic Search,Priority Support,35,16.7,0,7.5,0,,699.65
CUST11885,2021-09-18,Premium,39.99,Monthly,North,Paid Ads,Standard Support,40,13.7,2,8.2,0,,1599.6
CUST11886,2021-04-03,Standard,19.99,Annual,South,Paid Ads,Standard Support,45,4.9,1,8.0,0,,989.5
CUST11887,2024-12-08,Basic,9.99,Monthly,East,Referral,Standard Support,1,8.2,0,9.7,0,,9.99
CUST11888,2024-07-07,Basic,9.99,Monthly,Central,Social Media,Standard Support,5,3.6,0,7.7,0,,49.95
CUST11889,2022-06-23,Standard,19.99,Monthly,North,Paid Ads,Self-Service,30,10.6,2,7.6,0,,599.7
CUST11890,2021-06-25,Standard,19.99,Annual,South,Referral,Priority Support,42,19.4,0,8.5,0,,923.54
CUST11891,2024-09-26,Standard,19.99,Monthly,Central,Email Campaign,Self-Service,1,12.1,2,5.5,1,2024-10-26,19.99
CUST11892,2024-10-14,Basic,9.99,Monthly,North,Organic Search,Self-Service,2,2.0,3,7.3,0,,19.98
CUST11893,2024-09-06,Basic,9.99,Annual,East,Social Media,Self-Service,3,7.1,0,6.4,0,,32.97
CUST11894,2021-04-12,Basic,9.99,Annual,Central,Referral,Self-Service,45,8.0,2,5.3,0,,494.51
CUST11895,2024-04-02,Standard,19.99,Annual,North,Social Media,Priority Support,2,7.6,0,7.4,1,2024-06-01,43.98
CUST11896,2021-03-02,Standard,19.99,Annual,East,Organic Search,Self-Service,46,11.7,2,6.5,0,,1011.49
CUST11897,2021-12-10,Standard,19.99,Annual,North,Organic Search,Self-Service,37,9.3,2,7.3,0,,813.59
CUST11898,2023-11-26,Premium,39.99,Monthly,North,Paid Ads,Self-Service,13,14.3,1,10.0,1,2024-12-20,519.87
CUST11899,2022-06-09,Basic,9.99,Monthly,West,Social Media,Priority Support,31,6.8,0,6.7,0,,309.69
CUST11900,2023-11-24,Basic,9.99,Monthly,East,Organic Search,Self-Service,2,1.8,0,6.2,1,2024-01-23,19.98
CUST11901,2022-07-02,Standard,19.99,Monthly,Central,Paid Ads,Self-Service,30,15.8,0,6.0,0,,599.7
CUST11902,2021-03-18,Standard,19.99,Monthly,South,Email Campaign,Priority Support,43,1.7,2,8.3,1,2024-09-28,859.57
CUST11903,2024-06-22,Basic,9.99,Monthly,North,Paid Ads,Priority Support,6,4.5,1,6.1,0,,59.94
CUST11904,2022-08-09,Basic,9.99,Annual,South,Organic Search,Self-Service,29,1.9,1,8.8,0,,318.68
CUST11905,2022-05-20,Basic,9.99,Monthly,Central,Paid Ads,Self-Service,31,3.6,0,8.3,0,,309.69
CUST11906,2023-01-09,Standard,19.99,Monthly,West,Social Media,Self-Service,2,7.5,1,10.0,1,2023-03-10,39.98
CUST11907,2022-09-22,Premium,39.99,Monthly,North,Organic Search,Self-Service,27,14.0,1,6.5,0,,1079.73
CUST11908,2024-07-12,Basic,9.99,Monthly,East,Paid Ads,Priority Support,5,6.7,0,5.2,0,,49.95
CUST11909,2024-04-11,Premium,39.99,Monthly,Central,Organic Search,Standard Support,8,10.6,1,9.0,0,,319.92
CUST11910,2021-03-18,Basic,9.99,Monthly,North,Paid Ads,Self-Service,23,4.9,2,6.7,1,2023-02-06,229.77
CUST11911,2021-05-25,Premium,39.99,Monthly,West,Social Media,Self-Service,43,8.0,1,4.9,0,,1719.57
CUST11912,2022-12-24,Basic,9.99,Monthly,North,Organic Search,Self-Service,24,10.0,1,3.6,0,,239.76
CUST11913,2022-11-14,Basic,9.99,Monthly,East,Social Media,Self-Service,25,14.6,1,7.8,0,,249.75
CUST11914,2024-01-17,Standard,19.99,Monthly,South,Referral,Self-Service,11,7.3,1,4.5,0,,219.89
CUST11915,2021-01-14,Premium,39.99,Annual,Central,Social Media,Self-Service,48,13.9,4,7.4,0,,2111.47
CUST11916,2023-07-22,Basic,9.99,Annual,North,Organic Search,Self-Service,6,7.8,2,6.5,1,2024-01-18,65.93
CUST11917,2022-01-12,Standard,19.99,Annual,South,Organic Search,Self-Service,36,7.5,2,10.0,0,,791.6
CUST11918,2022-07-19,Standard,19.99,Monthly,Central,Organic Search,Standard Support,29,13.8,0,8.2,0,,579.71
CUST11919,2024-08-15,Standard,19.99,Annual,East,Organic Search,Standard Support,4,2.7,2,6.0,0,,87.96
CUST11920,2024-04-08,Standard,19.99,Annual,North,Organic Search,Priority Support,8,8.3,0,8.9,0,,175.91
CUST11921,2024-05-06,Basic,9.99,Monthly,Central,Referral,Self-Service,7,2.1,1,7.4,0,,69.93
CUST11922,2021-10-26,Standard,19.99,Monthly,South,Paid Ads,Standard Support,38,10.8,0,8.3,0,,759.62
CUST11923,2024-12-08,Standard,19.99,Monthly,Central,Referral,Self-Service,1,11.9,1,6.4,0,,19.99
CUST11924,2024-01-11,Standard,19.99,Monthly,Central,Paid Ads,Priority Support,11,4.9,0,6.5,0,,219.89
CUST11925,2023-06-24,Standard,19.99,Annual,West,Referral,Self-Service,18,9.3,0,5.6,0,,395.8
CUST11926,2023-02-07,Basic,9.99,Monthly,South,Paid Ads,Standard Support,23,2.2,1,8.2,0,,229.77
CUST11927,2022-02-10,Standard,19.99,Monthly,West,Paid Ads,Self-Service,1,11.7,2,4.2,1,2022-03-12,19.99
CUST11928,2023-12-05,Basic,9.99,Monthly,Central,Organic Search,Self-Service,13,0.0,0,6.9,0,,129.87
CUST11929,2024-02-27,Standard,19.99,Monthly,East,Organic Search,Self-Service,6,13.8,2,6.4,1,2024-08-25,119.94
CUST11930,2023-08-21,Basic,9.99,Monthly,North,Email Campaign,Self-Service,16,7.6,1,8.4,0,,159.84
CUST11931,2023-05-20,Standard,19.99,Monthly,South,Social Media,Self-Service,19,3.1,3,8.4,0,,379.81
CUST11932,2024-09-03,Basic,9.99,Annual,South,Referral,Standard Support,3,11.6,0,9.1,0,,32.97
CUST11933,2023-08-31,Basic,9.99,Monthly,North,Referral,Priority Support,8,5.8,0,8.5,1,2024-04-27,79.92
CUST11934,2021-07-05,Standard,19.99,Monthly,Central,Organic Search,Standard Support,42,6.4,3,10.0,0,,839.58
CUST11935,2022-11-30,Premium,39.99,Monthly,North,Social Media,Priority Support,25,13.1,0,6.6,0,,999.75
CUST11936,2024-01-28,Standard,19.99,Monthly,North,Organic Search,Self-Service,11,11.8,1,5.3,0,,219.89
CUST11937,2022-10-09,Basic,9.99,Annual,Central,Referral,Self-Service,27,9.0,1,6.3,0,,296.7
CUST11938,2022-10-18,Premium,39.99,Monthly,South,Referral,Self-Service,26,11.4,2,7.1,0,,1039.74
CUST11939,2024-07-04,Basic,9.99,Monthly,Central,Paid Ads,Standard Support,6,12.0,0,8.3,0,,59.94
CUST11940,2022-04-30,Basic,9.99,Monthly,South,Paid Ads,Self-Service,2,3.1,2,5.8,1,2022-06-29,19.98
CUST11941,2024-09-06,Premium,39.99,Annual,West,Referral,Standard Support,2,12.8,0,7.7,1,2024-11-05,87.98
CUST11942,2021-03-01,Basic,9.99,Monthly,East,Social Media,Self-Service,46,15.4,1,6.2,0,,459.54
CUST11943,2022-01-09,Basic,9.99,Monthly,North,Referral,Priority Support,36,10.0,0,7.0,0,,359.64
CUST11944,2022-05-11,Standard,19.99,Monthly,West,Organic Search,Self-Service,29,12.7,2,7.0,1,2024-09-27,579.71
CUST11945,2022-11-08,Premium,39.99,Monthly,Central,Social Media,Priority Support,26,19.8,0,5.2,0,,1039.74
CUST11946,2024-09-20,Basic,9.99,Monthly,West,Social Media,Self-Service,3,14.8,1,5.0,0,,29.97
CUST11947,2024-06-20,Premium,39.99,Monthly,South,Paid Ads,Standard Support,6,16.6,0,7.1,0,,239.94
CUST11948,2022-03-04,Standard,19.99,Monthly,North,Referral,Priority Support,34,10.1,0,8.1,0,,679.66
CUST11949,2021-01-08,Premium,39.99,Monthly,West,Referral,Self-Service,48,14.1,0,4.2,0,,1919.52
CUST11950,2022-09-17,Premium,39.99,Monthly,Central,Social Media,Self-Service,27,19.3,3,5.8,0,,1079.73
CUST11951,2023-12-23,Standard,19.99,Monthly,North,Organic Search,Self-Service,12,5.7,2,8.2,0,,239.88
CUST11952,2023-06-01,Basic,9.99,Annual,North,Social Media,Standard Support,19,2.7,0,7.5,0,,208.79
CUST11953,2021-01-28,Standard,19.99,Annual,Central,Paid Ads,Standard Support,47,9.3,0,7.6,0,,1033.48
CUST11954,2024-08-28,Basic,9.99,Monthly,East,Paid Ads,Standard Support,4,4.7,0,10.0,0,,39.96
CUST11955,2021-05-22,Basic,9.99,Monthly,North,Paid Ads,Self-Service,43,0.3,4,7.1,0,,429.57
CUST11956,2024-03-01,Standard,19.99,Monthly,West,Organic Search,Standard Support,4,11.3,2,9.0,1,2024-06-29,79.96
CUST11957,2023-05-08,Basic,9.99,Monthly,West,Organic Search,Self-Service,20,1.4,2,6.9,1,2024-12-28,199.8
CUST11958,2024-11-30,Basic,9.99,Monthly,North,Organic Search,Priority Support,1,5.1,1,6.7,1,2024-12-30,9.99
CUST11959,2022-03-01,Standard,19.99,Monthly,South,Social Media,Standard Support,33,14.2,3,8.5,1,2024-11-15,659.67
CUST11960,2022-03-31,Standard,19.99,Annual,Central,Paid Ads,Priority Support,33,12.5,0,6.8,0,,725.64
CUST11961,2021-07-18,Standard,19.99,Monthly,East,Paid Ads,Standard Support,42,10.8,1,8.2,0,,839.58
CUST11962,2022-01-04,Standard,19.99,Annual,North,Social Media,Standard Support,36,8.0,0,7.1,0,,791.6
CUST11963,2023-07-09,Basic,9.99,Monthly,Central,Email Campaign,Standard Support,3,7.9,0,7.9,1,2023-10-07,29.97
CUST11964,2023-06-16,Standard,19.99,Monthly,West,Organic Search,Priority Support,18,11.1,2,7.2,0,,359.82
CUST11965,2022-04-02,Basic,9.99,Monthly,South,Paid Ads,Self-Service,23,4.4,2,5.2,1,2024-02-21,229.77
CUST11966,2022-04-19,Premium,39.99,Monthly,West,Organic Search,Self-Service,17,10.7,0,4.3,1,2023-09-11,679.83
CUST11967,2021-01-10,Standard,19.99,Monthly,South,Referral,Self-Service,11,0.0,3,6.1,1,2021-12-06,219.89
CUST11968,2023-01-05,Premium,39.99,Monthly,East,Referral,Self-Service,24,11.4,2,3.1,0,,959.76
CUST11969,2022-08-07,Standard,19.99,Monthly,West,Social Media,Self-Service,23,13.1,3,7.8,1,2024-06-27,459.77
CUST11970,2024-09-07,Basic,9.99,Annual,South,Organic Search,Self-Service,3,1.0,2,6.5,0,,32.97
CUST11971,2022-09-21,Basic,9.99,Monthly,Central,Referral,Standard Support,27,3.6,0,5.7,0,,269.73
CUST11972,2022-06-21,Standard,19.99,Annual,South,Organic Search,Self-Service,30,15.6,0,2.7,0,,659.67
CUST11973,2021-06-16,Basic,9.99,Monthly,West,Paid Ads,Self-Service,3,5.6,2,6.2,1,2021-09-14,29.97
CUST11974,2021-12-09,Standard,19.99,Annual,South,Paid Ads,Self-Service,37,9.7,0,3.1,0,,813.59
CUST11975,2023-05-09,Basic,9.99,Annual,West,Paid Ads,Standard Support,20,3.7,0,6.2,0,,219.78
CUST11976,2021-10-12,Premium,39.99,Annual,South,Social Media,Standard Support,39,11.4,4,7.1,0,,1715.57
CUST11977,2021-08-29,Standard,19.99,Annual,East,Organic Search,Self-Service,40,10.1,0,6.2,0,,879.56
CUST11978,2022-07-18,Standard,19.99,Monthly,North,Referral,Self-Service,29,12.6,0,4.9,0,,579.71
CUST11979,2024-09-08,Basic,9.99,Monthly,East,Organic Search,Self-Service,1,3.6,2,6.9,1,2024-10-08,9.99
CUST11980,2022-02-09,Basic,9.99,Monthly,West,Social Media,Self-Service,35,7.9,0,5.2,0,,349.65
CUST11981,2023-04-13,Basic,9.99,Monthly,East,Email Campaign,Self-Service,20,5.9,2,4.3,0,,199.8
CUST11982,2021-09-17,Basic,9.99,Monthly,West,Organic Search,Self-Service,4,0.0,2,5.2,1,2022-01-15,39.96
CUST11983,2023-04-25,Premium,39.99,Monthly,North,Social Media,Standard Support,20,17.8,1,4.7,0,,799.8
CUST11984,2021-08-05,Basic,9.99,Annual,East,Organic Search,Self-Service,41,7.9,0,3.5,0,,450.55
CUST11985,2024-08-26,Standard,19.99,Monthly,Central,Social Media,Standard Support,2,10.9,3,7.3,1,2024-10-25,39.98
CUST11986,2022-08-04,Basic,9.99,Monthly,South,Paid Ads,Self-Service,29,12.6,2,7.4,0,,289.71
CUST11987,2022-08-10,Premium,39.99,Monthly,North,Email Campaign,Self-Service,29,18.4,3,4.8,0,,1159.71
CUST11988,2023-01-12,Basic,9.99,Monthly,South,Paid Ads,Self-Service,23,4.5,0,5.3,0,,229.77
CUST11989,2023-12-20,Premium,39.99,Annual,West,Organic Search,Priority Support,12,13.5,0,6.3,0,,527.87
CUST11990,2021-08-25,Basic,9.99,Annual,West,Paid Ads,Self-Service,2,12.2,2,5.8,1,2021-10-24,21.98
CUST11991,2024-02-20,Standard,19.99,Annual,Central,Email Campaign,Priority Support,10,13.0,0,7.3,0,,219.89
CUST11992,2023-02-16,Basic,9.99,Annual,East,Referral,Standard Support,22,9.3,1,5.7,0,,241.76
CUST11993,2022-02-27,Standard,19.99,Monthly,East,Paid Ads,Self-Service,34,10.2,0,5.8,0,,679.66
CUST11994,2024-03-20,Standard,19.99,Monthly,West,Social Media,Standard Support,9,10.3,3,7.4,0,,179.91
CUST11995,2021-02-06,Basic,9.99,Monthly,Central,Social Media,Self-Service,26,11.1,2,7.2,1,2023-03-28,259.74
CUST11996,2021-03-11,Premium,39.99,Monthly,West,Organic Search,Standard Support,46,15.0,1,7.7,0,,1839.54
CUST11997,2021-12-27,Basic,9.99,Monthly,East,Organic Search,Standard Support,22,2.9,2,8.9,1,2023-10-18,219.78
CUST11998,2022-01-13,Basic,9.99,Monthly,North,Referral,Standard Support,36,3.1,2,9.9,0,,359.64
CUST11999,2024-01-03,Basic,9.99,Annual,South,Organic Search,Self-Service,3,8.3,1,7.6,1,2024-04-02,32.97
CUST12000,2024-03-03,Standard,19.99,Monthly,South,Social Media,Self-Service,6,11.6,0,6.5,1,2024-08-30,119.94
CUST12001,2021-06-05,Standard,19.99,Monthly,South,Email Campaign,Standard Support,43,12.8,0,7.5,0,,859.57
CUST12002,2023-08-25,Basic,9.99,Monthly,Central,Organic Search,Standard Support,16,8.6,3,7.8,0,,159.84
CUST12003,2024-08-29,Premium,39.99,Monthly,South,Organic Search,Self-Service,4,14.8,3,6.4,1,2024-12-27,159.96
CUST12004,2021-07-19,Standard,19.99,Monthly,South,Referral,Self-Service,42,15.0,2,9.4,0,,839.58
CUST12005,2021-07-18,Standard,19.99,Monthly,East,Referral,Standard Support,42,11.9,0,9.1,0,,839.58
CUST12006,2024-03-31,Standard,19.99,Monthly,Central,Social Media,Self-Service,9,7.7,3,8.0,1,2024-12-26,179.91
CUST12007,2022-06-28,Premium,39.99,Monthly,East,Organic Search,Self-Service,30,15.3,0,7.4,0,,1199.7
CUST12008,2022-08-24,Standard,19.99,Monthly,South,Organic Search,Priority Support,28,5.2,1,7.1,0,,559.72
CUST12009,2023-08-22,Basic,9.99,Monthly,East,Paid Ads,Standard Support,16,4.1,0,7.8,0,,159.84
CUST12010,2021-06-04,Basic,9.99,Monthly,East,Paid Ads,Self-Service,43,6.3,1,7.6,0,,429.57
CUST12011,2023-01-21,Basic,9.99,Monthly,North,Email Campaign,Standard Support,4,2.5,3,6.4,1,2023-05-21,39.96
CUST12012,2024-03-23,Basic,9.99,Annual,North,Referral,Self-Service,7,6.4,3,4.4,1,2024-10-19,76.92
CUST12013,2024-09-02,Standard,19.99,Monthly,East,Paid Ads,Self-Service,4,16.8,1,6.4,0,,79.96
CUST12014,2021-04-10,Basic,9.99,Monthly,West,Paid Ads,Self-Service,45,3.4,0,5.4,0,,449.55
CUST12015,2023-08-27,Standard,19.99,Monthly,South,Social Media,Self-Service,16,13.7,0,5.5,0,,319.84
CUST12016,2024-01-04,Standard,19.99,Monthly,West,Email Campaign,Standard Support,1,11.9,3,9.0,1,2024-02-03,19.99
CUST12017,2024-05-31,Basic,9.99,Annual,East,Email Campaign,Standard Support,7,7.5,0,5.7,0,,76.92
CUST12018,2021-08-08,Basic,9.99,Annual,North,Email Campaign,Self-Service,39,7.0,1,7.2,1,2024-10-21,428.57
CUST12019,2023-08-03,Basic,9.99,Monthly,East,Referral,Standard Support,2,4.7,2,7.2,1,2023-10-02,19.98
CUST12020,2021-12-29,Premium,39.99,Annual,South,Referral,Standard Support,36,22.0,2,8.4,0,,1583.6
CUST12021,2023-02-13,Premium,39.99,Monthly,South,Social Media,Standard Support,22,17.9,0,6.3,0,,879.78
CUST12022,2022-11-29,Standard,19.99,Annual,North,Organic Search,Self-Service,25,13.4,1,4.3,0,,549.73
CUST12023,2022-10-08,Standard,19.99,Monthly,North,Email Campaign,Standard Support,27,9.7,1,10.0,0,,539.73
CUST12024,2024-06-13,Basic,9.99,Monthly,North,Email Campaign,Self-Service,6,4.9,0,6.1,0,,59.94
CUST12025,2023-03-15,Standard,19.99,Annual,South,Email Campaign,Self-Service,21,11.8,0,5.3,0,,461.77
CUST12026,2023-09-14,Premium,39.99,Monthly,North,Organic Search,Self-Service,15,15.9,0,6.2,0,,599.85
CUST12027,2021-09-22,Premium,39.99,Monthly,East,Social Media,Self-Service,19,16.6,2,6.3,1,2023-04-15,759.81
CUST12028,2023-09-27,Basic,9.99,Monthly,North,Organic Search,Standard Support,15,10.5,1,6.3,0,,149.85
CUST12029,2021-06-01,Standard,19.99,Monthly,West,Email Campaign,Priority Support,43,13.3,0,9.9,0,,859.57
CUST12030,2022-12-20,Premium,39.99,Annual,Central,Social Media,Priority Support,17,19.4,0,10.0,1,2024-05-13,747.81
CUST12031,2024-02-20,Premium,39.99,Annual,West,Paid Ads,Priority Support,10,13.4,1,8.4,0,,439.89
CUST12032,2021-04-11,Basic,9.99,Monthly,East,Social Media,Standard Support,45,3.5,1,8.1,0,,449.55
CUST12033,2024-11-05,Standard,19.99,Annual,North,Referral,Priority Support,1,17.1,0,4.9,0,,21.99
CUST12034,2022-05-23,Standard,19.99,Monthly,South,Organic Search,Priority Support,31,16.3,2,6.5,0,,619.69
CUST12035,2023-05-11,Basic,9.99,Monthly,North,Social Media,Priority Support,14,6.2,0,5.8,1,2024-07-04,139.86
CUST12036,2022-08-14,Premium,39.99,Annual,Central,Social Media,Self-Service,29,18.2,1,6.0,0,,1275.68
CUST12037,2024-07-06,Standard,19.99,Monthly,West,Paid Ads,Self-Service,5,15.0,0,6.8,0,,99.95
CUST12038,2021-05-14,Premium,39.99,Annual,Central,Referral,Self-Service,44,14.3,2,6.2,0,,1935.52
CUST12039,2021-07-20,Basic,9.99,Annual,South,Referral,Self-Service,42,10.6,2,6.5,0,,461.54
CUST12040,2024-01-13,Basic,9.99,Monthly,South,Referral,Self-Service,1,10.2,3,8.0,1,2024-02-12,9.99
CUST12041,2021-09-10,Premium,39.99,Monthly,Central,Social Media,Self-Service,40,17.0,2,5.1,0,,1599.6
CUST12042,2022-05-28,Standard,19.99,Monthly,South,Organic Search,Standard Support,16,14.7,1,7.2,1,2023-09-20,319.84
CUST12043,2022-05-08,Basic,9.99,Monthly,West,Organic Search,Self-Service,32,11.7,0,4.7,0,,319.68
CUST12044,2021-03-17,Standard,19.99,Monthly,North,Paid Ads,Self-Service,46,12.0,1,6.7,0,,919.54
CUST12045,2023-09-04,Premium,39.99,Monthly,North,Paid Ads,Self-Service,16,9.4,0,7.8,0,,639.84
CUST12046,2021-01-09,Premium,39.99,Annual,Central,Organic Search,Standard Support,47,11.8,2,7.0,1,2024-11-19,2067.48
CUST12047,2023-01-27,Basic,9.99,Monthly,Central,Organic Search,Standard Support,23,6.6,0,9.7,0,,229.77
CUST12048,2022-06-16,Premium,39.99,Monthly,West,Social Media,Priority Support,30,16.6,0,8.0,0,,1199.7
CUST12049,2022-04-08,Basic,9.99,Annual,South,Referral,Standard Support,1,5.1,1,8.5,1,2022-05-08,10.99
CUST12050,2024-08-27,Standard,19.99,Monthly,North,Email Campaign,Self-Service,4,10.8,4,7.2,1,2024-12-25,79.96
CUST12051,2023-12-10,Premium,39.99,Monthly,West,Paid Ads,Standard Support,12,13.0,0,7.0,0,,479.88
CUST12052,2022-09-07,Basic,9.99,Monthly,Central,Organic Search,Self-Service,28,5.8,1,10.0,1,2024-12-25,279.72
CUST12053,2023-06-03,Basic,9.99,Monthly,West,Social Media,Standard Support,19,7.0,0,8.8,0,,189.81
CUST12054,2021-08-06,Premium,39.99,Monthly,South,Organic Search,Standard Support,41,19.0,1,7.1,0,,1639.59
CUST12055,2022-10-26,Basic,9.99,Monthly,West,Social Media,Standard Support,26,4.7,0,6.0,0,,259.74
CUST12056,2021-10-08,Basic,9.99,Monthly,West,Paid Ads,Standard Support,39,6.2,1,9.5,0,,389.61
CUST12057,2022-07-04,Premium,39.99,Monthly,West,Referral,Standard Support,30,15.4,0,9.5,0,,1199.7
CUST12058,2024-04-27,Standard,19.99,Monthly,North,Paid Ads,Standard Support,8,10.3,1,9.1,0,,159.92
CUST12059,2024-02-25,Basic,9.99,Monthly,West,Organic Search,Self-Service,10,5.2,4,7.6,0,,99.9
CUST12060,2024-03-31,Standard,19.99,Monthly,East,Organic Search,Self-Service,9,7.9,3,7.4,0,,179.91
CUST12061,2023-04-05,Basic,9.99,Monthly,South,Social Media,Standard Support,21,1.1,0,8.4,0,,209.79
CUST12062,2022-07-04,Premium,39.99,Monthly,North,Social Media,Self-Service,30,19.6,2,8.4,0,,1199.7
CUST12063,2023-08-15,Basic,9.99,Annual,North,Social Media,Standard Support,16,6.2,1,10.0,0,,175.82
CUST12064,2024-03-22,Basic,9.99,Monthly,North,Social Media,Priority Support,9,3.9,0,7.3,0,,89.91
CUST12065,2023-08-01,Premium,39.99,Monthly,East,Organic Search,Standard Support,17,18.5,3,6.7,0,,679.83
CUST12066,2023-10-15,Standard,19.99,Annual,North,Email Campaign,Self-Service,14,16.4,1,4.5,0,,307.85
CUST12067,2023-08-18,Basic,9.99,Monthly,East,Paid Ads,Self-Service,15,0.0,1,9.4,1,2024-11-10,149.85
CUST12068,2023-05-12,Basic,9.99,Monthly,South,Email Campaign,Self-Service,19,6.8,1,7.0,0,,189.81
CUST12069,2023-11-22,Basic,9.99,Monthly,Central,Paid Ads,Self-Service,13,4.6,1,7.6,1,2024-12-16,129.87
CUST12070,2022-08-10,Basic,9.99,Annual,East,Paid Ads,Self-Service,29,10.2,1,6.4,0,,318.68
CUST12071,2023-08-13,Standard,19.99,Monthly,West,Organic Search,Standard Support,2,17.9,0,9.6,1,2023-10-12,39.98
CUST12072,2021-03-29,Basic,9.99,Annual,Central,Paid Ads,Self-Service,45,6.0,2,6.6,0,,494.51
CUST12073,2024-05-27,Basic,9.99,Monthly,South,Social Media,Self-Service,7,1.0,0,6.9,0,,69.93
CUST12074,2021-06-21,Standard,19.99,Annual,North,Paid Ads,Standard Support,42,10.7,0,10.0,0,,923.54
CUST12075,2023-09-11,Basic,9.99,Annual,North,Organic Search,Self-Service,15,4.4,3,5.7,0,,164.84
CUST12076,2021-06-28,Basic,9.99,Monthly,East,Organic Search,Self-Service,42,11.1,1,5.8,0,,419.58
CUST12077,2024-06-17,Standard,19.99,Monthly,South,Paid Ads,Standard Support,5,16.1,1,6.5,1,2024-11-14,99.95
CUST12078,2021-12-03,Premium,39.99,Annual,Central,Referral,Standard Support,11,14.0,2,6.8,1,2022-10-29,483.88
CUST12079,2023-12-16,Standard,19.99,Monthly,West,Referral,Self-Service,12,3.0,0,8.0,0,,239.88
CUST12080,2022-09-18,Standard,19.99,Monthly,North,Email Campaign,Self-Service,9,9.1,2,5.9,1,2023-06-15,179.91
CUST12081,2021-03-20,Basic,9.99,Monthly,North,Referral,Standard Support,44,7.7,0,7.9,1,2024-10-30,439.56
CUST12082,2024-06-29,Premium,39.99,Monthly,Central,Organic Search,Priority Support,3,16.2,0,7.5,1,2024-09-27,119.97
CUST12083,2023-12-18,Basic,9.99,Annual,East,Social Media,Self-Service,12,7.0,1,6.4,1,2024-12-12,131.87
CUST12084,2021-03-02,Premium,39.99,Annual,North,Paid Ads,Self-Service,46,15.3,2,8.1,0,,2023.49
CUST12085,2021-08-12,Basic,9.99,Monthly,East,Paid Ads,Self-Service,41,6.2,0,6.3,0,,409.59
CUST12086,2021-04-02,Premium,39.99,Monthly,Central,Social Media,Standard Support,45,10.9,1,7.8,0,,1799.55
CUST12087,2024-01-01,Basic,9.99,Monthly,West,Paid Ads,Standard Support,4,10.8,2,6.8,1,2024-04-30,39.96
CUST12088,2023-05-26,Basic,9.99,Monthly,West,Social Media,Priority Support,19,10.9,0,7.0,0,,189.81
CUST12089,2024-08-15,Basic,9.99,Monthly,North,Referral,Self-Service,3,4.8,4,6.8,1,2024-11-13,29.97
CUST12090,2023-12-29,Basic,9.99,Monthly,East,Paid Ads,Self-Service,12,12.4,1,8.5,0,,119.88
CUST12091,2023-08-23,Standard,19.99,Monthly,East,Social Media,Self-Service,16,16.9,1,7.0,0,,319.84
CUST12092,2024-04-08,Basic,9.99,Monthly,North,Organic Search,Self-Service,4,10.1,1,6.7,1,2024-08-06,39.96
CUST12093,2022-07-26,Standard,19.99,Monthly,South,Email Campaign,Standard Support,6,10.3,1,6.1,1,2023-01-22,119.94
CUST12094,2022-11-23,Premium,39.99,Monthly,West,Social Media,Standard Support,25,23.4,2,7.8,0,,999.75
CUST12095,2021-03-26,Basic,9.99,Monthly,Central,Social Media,Self-Service,17,1.2,3,6.7,1,2022-08-18,169.83
CUST12096,2023-07-07,Basic,9.99,Annual,South,Organic Search,Priority Support,18,3.7,1,7.3,0,,197.8
CUST12097,2021-10-05,Standard,19.99,Monthly,East,Organic Search,Self-Service,38,13.4,2,6.3,1,2024-11-18,759.62
CUST12098,2024-09-29,Basic,9.99,Monthly,North,Organic Search,Self-Service,3,6.8,0,7.0,0,,29.97
CUST12099,2021-12-08,Basic,9.99,Monthly,Central,Organic Search,Standard Support,37,0.0,0,7.3,0,,369.63
CUST12100,2022-06-08,Basic,9.99,Annual,West,Email Campaign,Standard Support,31,10.6,0,8.2,0,,340.66
CUST12101,2022-08-16,Standard,19.99,Monthly,East,Referral,Self-Service,28,9.0,1,6.3,0,,559.72
CUST12102,2023-01-17,Standard,19.99,Annual,Central,Organic Search,Self-Service,23,14.9,3,5.5,0,,505.75
CUST12103,2021-12-15,Basic,9.99,Annual,East,Organic Search,Self-Service,37,0.0,0,7.8,0,,406.59
CUST12104,2024-04-20,Basic,9.99,Monthly,East,Paid Ads,Self-Service,7,4.5,2,6.0,1,2024-11-16,69.93
CUST12105,2021-04-18,Premium,39.99,Annual,West,Email Campaign,Self-Service,45,20.3,3,5.7,0,,1979.51
CUST12106,2023-07-06,Premium,39.99,Monthly,East,Email Campaign,Priority Support,16,7.9,1,7.7,1,2024-10-28,639.84
CUST12107,2021-11-17,Basic,9.99,Monthly,North,Organic Search,Self-Service,38,5.5,0,5.6,0,,379.62
CUST12108,2022-07-23,Premium,39.99,Annual,East,Organic Search,Standard Support,29,12.1,0,4.8,0,,1275.68
CUST12109,2021-09-04,Basic,9.99,Monthly,South,Social Media,Standard Support,40,1.5,1,7.2,0,,399.6
CUST12110,2023-05-03,Standard,19.99,Annual,Central,Social Media,Priority Support,18,5.4,2,6.7,1,2024-10-24,395.8
CUST12111,2024-01-02,Standard,19.99,Annual,East,Paid Ads,Self-Service,12,5.6,2,8.9,0,,263.87
CUST12112,2024-03-04,Standard,19.99,Monthly,North,Paid Ads,Self-Service,10,16.2,0,6.7,0,,199.9
CUST12113,2022-03-03,Basic,9.99,Monthly,Central,Organic Search,Self-Service,34,2.1,2,5.0,0,,339.66
CUST12114,2023-09-19,Standard,19.99,Monthly,West,Social Media,Priority Support,15,8.2,0,8.6,0,,299.85
CUST12115,2024-02-18,Basic,9.99,Monthly,South,Paid Ads,Self-Service,10,7.7,2,7.6,0,,99.9
CUST12116,2021-12-26,Basic,9.99,Monthly,East,Paid Ads,Standard Support,36,3.9,0,7.1,0,,359.64
CUST12117,2023-04-20,Premium,39.99,Annual,North,Paid Ads,Standard Support,20,8.7,1,5.0,0,,879.78
CUST12118,2021-08-28,Basic,9.99,Annual,West,Organic Search,Standard Support,40,4.5,2,8.3,0,,439.56
CUST12119,2021-04-06,Standard,19.99,Annual,North,Referral,Self-Service,45,11.5,1,8.7,0,,989.5
CUST12120,2021-04-20,Standard,19.99,Monthly,West,Referral,Self-Service,22,10.5,1,8.7,1,2023-02-09,439.78
CUST12121,2022-12-10,Standard,19.99,Monthly,West,Email Campaign,Self-Service,25,10.2,1,6.7,0,,499.75
CUST12122,2024-02-12,Basic,9.99,Monthly,South,Email Campaign,Standard Support,1,4.1,0,7.1,1,2024-03-13,9.99
CUST12123,2024-08-31,Basic,9.99,Annual,South,Email Campaign,Self-Service,2,2.9,0,4.7,1,2024-10-30,21.98
CUST12124,2022-06-21,Standard,19.99,Annual,West,Email Campaign,Priority Support,30,6.7,1,6.3,0,,659.67
CUST12125,2022-02-03,Premium,39.99,Annual,South,Social Media,Standard Support,35,16.9,0,8.1,0,,1539.62
CUST12126,2022-01-26,Basic,9.99,Annual,North,Paid Ads,Self-Service,35,0.2,2,7.3,0,,384.62
CUST12127,2023-08-19,Standard,19.99,Monthly,Central,Organic Search,Self-Service,16,16.1,2,7.9,0,,319.84
CUST12128,2023-06-29,Standard,19.99,Monthly,West,Organic Search,Self-Service,18,7.8,3,6.7,0,,359.82
CUST12129,2024-04-28,Standard,19.99,Annual,West,Organic Search,Standard Support,8,9.2,1,9.3,0,,175.91
CUST12130,2024-06-26,Standard,19.99,Monthly,South,Referral,Self-Service,4,16.5,1,6.4,1,2024-10-24,79.96
CUST12131,2024-01-21,Basic,9.99,Monthly,West,Referral,Self-Service,11,10.2,3,7.7,0,,109.89
CUST12132,2024-06-29,Basic,9.99,Annual,East,Email Campaign,Standard Support,6,4.7,2,9.3,0,,65.93
CUST12133,2023-04-02,Basic,9.99,Monthly,South,Social Media,Standard Support,21,6.4,1,9.7,0,,209.79
CUST12134,2023-08-18,Standard,19.99,Monthly,East,Organic Search,Self-Service,16,9.3,1,7.8,0,,319.84
CUST12135,2023-05-18,Basic,9.99,Monthly,East,Paid Ads,Self-Service,19,11.5,2,5.0,1,2024-12-08,189.81
CUST12136,2024-03-17,Standard,19.99,Monthly,Central,Organic Search,Standard Support,4,5.4,0,5.8,1,2024-07-15,79.96
CUST12137,2023-01-21,Basic,9.99,Monthly,East,Email Campaign,Self-Service,23,4.9,1,7.0,0,,229.77
CUST12138,2024-09-25,Basic,9.99,Monthly,North,Referral,Priority Support,1,15.7,0,6.4,1,2024-10-25,9.99
CUST12139,2022-04-12,Basic,9.99,Monthly,West,Email Campaign,Priority Support,2,5.5,0,10.0,1,2022-06-11,19.98
CUST12140,2024-05-31,Basic,9.99,Annual,South,Social Media,Self-Service,7,5.7,1,3.9,0,,76.92
CUST12141,2021-01-11,Premium,39.99,Monthly,North,Organic Search,Self-Service,1,9.8,3,6.6,1,2021-02-10,39.99
CUST12142,2021-10-02,Premium,39.99,Monthly,East,Paid Ads,Self-Service,39,12.6,1,7.3,0,,1559.61
CUST12143,2022-07-27,Basic,9.99,Monthly,West,Social Media,Self-Service,29,9.4,1,7.6,0,,289.71
CUST12144,2024-06-17,Basic,9.99,Monthly,North,Referral,Standard Support,6,5.7,1,9.5,0,,59.94
CUST12145,2022-01-17,Premium,39.99,Annual,South,Paid Ads,Standard Support,35,5.9,0,6.9,0,,1539.62
CUST12146,2021-06-12,Basic,9.99,Monthly,West,Paid Ads,Priority Support,43,0.0,0,10.0,0,,429.57
CUST12147,2023-03-16,Basic,9.99,Monthly,South,Referral,Standard Support,18,8.3,1,7.3,1,2024-09-06,179.82
CUST12148,2021-07-09,Basic,9.99,Monthly,South,Organic Search,Standard Support,42,4.1,2,8.7,0,,419.58
CUST12149,2024-04-14,Premium,39.99,Annual,North,Organic Search,Self-Service,6,16.8,0,7.0,1,2024-10-11,263.93
CUST12150,2023-02-22,Standard,19.99,Annual,North,Social Media,Standard Support,22,10.0,0,6.7,0,,483.76
CUST12151,2022-08-12,Basic,9.99,Monthly,East,Social Media,Priority Support,29,9.7,0,5.3,0,,289.71
CUST12152,2024-10-15,Basic,9.99,Monthly,Central,Referral,Self-Service,2,3.4,3,7.1,0,,19.98
CUST12153,2023-03-19,Standard,19.99,Annual,West,Social Media,Priority Support,21,13.7,0,5.6,0,,461.77
CUST12154,2023-09-19,Standard,19.99,Monthly,North,Paid Ads,Standard Support,15,13.5,1,8.8,0,,299.85
CUST12155,2022-05-07,Basic,9.99,Monthly,North,Organic Search,Standard Support,32,0.0,1,5.7,0,,319.68
CUST12156,2024-02-01,Premium,39.99,Monthly,Central,Referral,Self-Service,3,11.8,2,10.0,1,2024-05-01,119.97
CUST12157,2021-07-19,Standard,19.99,Annual,East,Social Media,Priority Support,42,5.6,1,9.2,0,,923.54
CUST12158,2024-12-18,Basic,9.99,Annual,East,Social Media,Standard Support,1,0.0,1,7.3,0,,10.99
CUST12159,2023-08-13,Basic,9.99,Annual,South,Organic Search,Self-Service,11,0.0,2,7.6,1,2024-07-08,120.88
CUST12160,2022-11-14,Basic,9.99,Monthly,East,Organic Search,Self-Service,25,1.2,3,6.2,0,,249.75
CUST12161,2023-07-29,Standard,19.99,Monthly,Central,Social Media,Priority Support,17,12.2,1,7.7,0,,339.83
CUST12162,2023-07-20,Standard,19.99,Monthly,West,Paid Ads,Standard Support,6,8.6,1,6.9,1,2024-01-16,119.94
CUST12163,2024-01-16,Standard,19.99,Monthly,North,Organic Search,Self-Service,11,10.3,3,6.0,0,,219.89
CUST12164,2023-08-04,Premium,39.99,Annual,North,Email Campaign,Priority Support,17,15.3,0,5.7,0,,747.81
CUST12165,2022-06-14,Standard,19.99,Annual,East,Email Campaign,Standard Support,31,4.5,2,6.2,0,,681.66
CUST12166,2023-04-01,Standard,19.99,Monthly,North,Email Campaign,Priority Support,21,18.8,0,8.6,0,,419.79
CUST12167,2021-02-12,Basic,9.99,Monthly,East,Social Media,Standard Support,47,4.1,1,6.8,0,,469.53
CUST12168,2024-10-03,Basic,9.99,Annual,West,Referral,Priority Support,2,0.8,0,5.9,0,,21.98
CUST12169,2021-04-09,Standard,19.99,Monthly,South,Organic Search,Standard Support,45,16.4,1,6.9,0,,899.55
CUST12170,2024-06-04,Basic,9.99,Monthly,Central,Paid Ads,Standard Support,7,0.0,0,9.5,0,,69.93
CUST12171,2023-06-02,Basic,9.99,Annual,East,Email Campaign,Standard Support,9,1.0,1,4.7,1,2024-02-27,98.9
CUST12172,2024-12-26,Premium,39.99,Monthly,South,Referral,Self-Service,1,18.1,1,7.9,1,2024-12-31,39.99
CUST12173,2022-01-18,Premium,39.99,Monthly,West,Organic Search,Standard Support,8,18.8,0,8.6,1,2022-09-15,319.92
CUST12174,2021-09-02,Standard,19.99,Monthly,West,Social Media,Self-Service,40,11.9,1,8.3,0,,799.6
CUST12175,2023-03-30,Basic,9.99,Monthly,Central,Referral,Self-Service,21,3.1,4,5.7,0,,209.79
CUST12176,2021-06-13,Basic,9.99,Monthly,Central,Organic Search,Self-Service,19,10.2,3,7.1,1,2023-01-04,189.81
CUST12177,2023-10-03,Basic,9.99,Annual,West,Social Media,Standard Support,15,9.1,0,7.3,0,,164.84
CUST12178,2024-12-25,Standard,19.99,Monthly,North,Paid Ads,Self-Service,1,6.1,1,4.9,1,2024-12-31,19.99
CUST12179,2021-04-23,Basic,9.99,Monthly,North,Organic Search,Self-Service,44,6.6,1,5.8,0,,439.56
CUST12180,2022-01-11,Basic,9.99,Annual,Central,Paid Ads,Standard Support,36,1.1,0,9.4,0,,395.6
CUST12181,2022-10-27,Basic,9.99,Monthly,West,Organic Search,Standard Support,26,6.6,0,8.0,0,,259.74
CUST12182,2024-11-10,Premium,39.99,Monthly,Central,Paid Ads,Self-Service,1,16.8,1,6.3,0,,39.99
CUST12183,2024-06-28,Basic,9.99,Monthly,Central,Organic Search,Standard Support,6,2.7,2,6.1,0,,59.94
CUST12184,2021-09-15,Standard,19.99,Monthly,Central,Email Campaign,Standard Support,4,17.8,0,7.1,1,2022-01-13,79.96
CUST12185,2024-06-18,Standard,19.99,Monthly,South,Organic Search,Self-Service,6,16.3,3,4.8,0,,119.94
CUST12186,2024-08-03,Standard,19.99,Monthly,West,Organic Search,Self-Service,5,4.7,1,7.7,0,,99.95
CUST12187,2024-10-02,Premium,39.99,Monthly,East,Organic Search,Standard Support,3,20.9,0,4.6,0,,119.97
CUST12188,2022-10-16,Standard,19.99,Annual,North,Social Media,Self-Service,26,0.0,2,6.1,0,,571.71
CUST12189,2021-11-01,Standard,19.99,Monthly,South,Paid Ads,Self-Service,38,7.8,4,7.1,0,,759.62
CUST12190,2023-09-15,Standard,19.99,Annual,North,Referral,Self-Service,15,11.9,1,7.4,0,,329.83
CUST12191,2023-02-22,Standard,19.99,Monthly,Central,Social Media,Standard Support,2,18.2,2,6.5,1,2023-04-23,39.98
CUST12192,2021-08-03,Standard,19.99,Monthly,South,Organic Search,Self-Service,41,15.1,0,6.8,0,,819.59
CUST12193,2021-06-25,Basic,9.99,Annual,North,Paid Ads,Self-Service,42,11.8,2,5.2,0,,461.54
CUST12194,2023-01-21,Standard,19.99,Annual,East,Organic Search,Priority Support,23,15.7,1,8.8,0,,505.75
CUST12195,2022-03-17,Basic,9.99,Monthly,North,Email Campaign,Standard Support,34,4.8,1,3.8,0,,339.66
CUST12196,2024-09-30,Standard,19.99,Monthly,West,Social Media,Self-Service,2,5.7,0,7.8,1,2024-11-29,39.98
CUST12197,2023-06-29,Basic,9.99,Monthly,East,Social Media,Priority Support,4,0.0,0,8.2,1,2023-10-27,39.96
CUST12198,2024-07-02,Basic,9.99,Annual,South,Email Campaign,Priority Support,1,7.9,0,7.9,1,2024-08-01,10.99
CUST12199,2022-05-17,Premium,39.99,Annual,West,Paid Ads,Priority Support,31,10.1,0,6.4,0,,1363.66
CUST12200,2021-11-12,Premium,39.99,Monthly,North,Paid Ads,Standard Support,38,25.8,0,8.0,0,,1519.62
CUST12201,2024-12-27,Standard,19.99,Monthly,West,Paid Ads,Self-Service,1,12.0,2,6.1,0,,19.99
CUST12202,2022-08-30,Standard,19.99,Annual,Central,Paid Ads,Self-Service,28,8.9,0,5.7,0,,615.69
CUST12203,2022-06-30,Basic,9.99,Annual,North,Referral,Priority Support,30,4.6,1,6.6,0,,329.67
CUST12204,2022-03-08,Standard,19.99,Monthly,Central,Social Media,Standard Support,34,9.4,0,7.5,0,,679.66
CUST12205,2024-02-03,Standard,19.99,Monthly,North,Referral,Self-Service,8,9.9,2,4.6,1,2024-09-30,159.92
CUST12206,2024-09-02,Basic,9.99,Monthly,Central,Organic Search,Self-Service,2,0.0,2,4.6,1,2024-11-01,19.98
CUST12207,2023-10-28,Premium,39.99,Monthly,North,Organic Search,Standard Support,14,18.0,1,10.0,0,,559.86
CUST12208,2024-03-28,Premium,39.99,Monthly,West,Organic Search,Self-Service,9,14.6,2,5.4,1,2024-12-23,359.91
CUST12209,2021-05-21,Standard,19.99,Monthly,Central,Referral,Self-Service,44,5.6,0,7.2,0,,879.56
CUST12210,2024-03-27,Standard,19.99,Monthly,West,Organic Search,Standard Support,9,4.9,3,8.1,0,,179.91
CUST12211,2023-06-06,Basic,9.99,Monthly,East,Social Media,Standard Support,19,7.8,1,7.2,0,,189.81
CUST12212,2022-07-23,Standard,19.99,Monthly,South,Social Media,Self-Service,29,13.8,1,7.4,0,,579.71
CUST12213,2023-06-03,Premium,39.99,Annual,Central,Organic Search,Self-Service,19,16.1,3,6.4,0,,835.79
CUST12214,2024-08-12,Standard,19.99,Annual,North,Email Campaign,Standard Support,1,0.0,3,4.7,1,2024-09-11,21.99
CUST12215,2024-11-01,Premium,39.99,Monthly,South,Paid Ads,Priority Support,2,6.8,0,6.3,0,,79.98
CUST12216,2022-05-08,Premium,39.99,Monthly,Central,Organic Search,Standard Support,32,18.7,2,5.7,0,,1279.68
CUST12217,2021-05-24,Premium,39.99,Monthly,South,Organic Search,Self-Service,43,18.8,1,4.5,0,,1719.57
CUST12218,2022-08-07,Basic,9.99,Monthly,South,Organic Search,Self-Service,29,4.8,0,7.3,0,,289.71
CUST12219,2024-02-21,Premium,39.99,Annual,West,Social Media,Standard Support,10,16.8,0,7.0,0,,439.89
CUST12220,2021-09-13,Standard,19.99,Monthly,North,Organic Search,Priority Support,40,18.6,0,6.7,0,,799.6
CUST12221,2024-09-30,Basic,9.99,Monthly,East,Paid Ads,Self-Service,3,7.6,1,5.8,0,,29.97
CUST12222,2023-04-25,Premium,39.99,Monthly,South,Social Media,Self-Service,20,15.4,0,8.6,0,,799.8
CUST12223,2021-04-06,Premium,39.99,Monthly,South,Organic Search,Self-Service,5,20.9,1,6.5,1,2021-09-03,199.95
CUST12224,2023-03-30,Standard,19.99,Annual,West,Paid Ads,Self-Service,12,5.5,2,3.3,1,2024-03-24,263.87
CUST12225,2023-07-13,Basic,9.99,Monthly,North,Paid Ads,Self-Service,2,6.0,1,6.7,1,2023-09-11,19.98
CUST12226,2022-09-23,Basic,9.99,Annual,Central,Referral,Priority Support,27,9.0,0,10.0,0,,296.7
CUST12227,2024-03-21,Basic,9.99,Monthly,Central,Organic Search,Priority Support,9,7.7,1,10.0,0,,89.91
CUST12228,2022-04-07,Premium,39.99,Monthly,West,Organic Search,Self-Service,33,15.0,0,7.4,0,,1319.67
CUST12229,2021-03-14,Basic,9.99,Monthly,North,Referral,Standard Support,46,8.6,1,7.8,0,,459.54
CUST12230,2024-10-12,Standard,19.99,Monthly,East,Email Campaign,Self-Service,2,18.6,1,5.6,1,2024-12-11,39.98
CUST12231,2021-11-18,Basic,9.99,Monthly,Central,Paid Ads,Self-Service,22,6.2,2,8.5,1,2023-09-09,219.78
CUST12232,2024-07-24,Standard,19.99,Monthly,South,Paid Ads,Self-Service,5,16.0,0,6.9,0,,99.95
CUST12233,2022-08-31,Standard,19.99,Monthly,Central,Paid Ads,Self-Service,28,10.7,0,9.0,0,,559.72
CUST12234,2022-07-22,Standard,19.99,Monthly,North,Organic Search,Self-Service,29,8.3,2,7.8,0,,579.71
CUST12235,2021-03-05,Basic,9.99,Annual,Central,Paid Ads,Standard Support,8,4.2,2,7.0,1,2021-10-31,87.91
CUST12236,2021-12-04,Basic,9.99,Monthly,South,Paid Ads,Standard Support,37,12.0,0,8.7,0,,369.63
CUST12237,2023-01-10,Standard,19.99,Annual,North,Paid Ads,Standard Support,24,9.0,2,5.0,0,,527.74
CUST12238,2024-09-02,Standard,19.99,Monthly,West,Referral,Standard Support,4,14.2,1,6.0,0,,79.96
CUST12239,2024-03-21,Premium,39.99,Monthly,North,Paid Ads,Self-Service,2,10.2,0,5.9,1,2024-05-20,79.98
CUST12240,2023-04-04,Standard,19.99,Monthly,North,Social Media,Self-Service,21,4.8,0,6.4,0,,419.79
CUST12241,2021-11-30,Basic,9.99,Monthly,South,Referral,Self-Service,21,4.1,1,6.4,1,2023-08-22,209.79
CUST12242,2023-11-21,Basic,9.99,Annual,Central,Organic Search,Standard Support,13,8.4,0,9.6,0,,142.86
CUST12243,2022-02-14,Basic,9.99,Monthly,West,Referral,Self-Service,35,14.8,3,6.6,0,,349.65
CUST12244,2022-12-18,Standard,19.99,Monthly,East,Referral,Self-Service,23,8.4,1,4.2,1,2024-11-07,459.77
CUST12245,2021-06-18,Basic,9.99,Monthly,East,Paid Ads,Standard Support,43,4.4,0,7.9,0,,429.57
CUST12246,2022-02-25,Premium,39.99,Monthly,North,Referral,Standard Support,34,16.4,1,7.0,0,,1359.66
CUST12247,2023-02-22,Basic,9.99,Monthly,West,Organic Search,Self-Service,22,15.1,0,3.8,0,,219.78
CUST12248,2021-01-01,Basic,9.99,Monthly,West,Social Media,Standard Support,48,10.6,1,6.4,0,,479.52
CUST12249,2023-06-23,Basic,9.99,Monthly,Central,Paid Ads,Self-Service,18,5.1,3,6.5,1,2024-12-14,179.82
CUST12250,2021-05-15,Standard,19.99,Monthly,East,Email Campaign,Self-Service,39,15.7,2,7.6,1,2024-07-28,779.61
CUST12251,2024-03-31,Standard,19.99,Monthly,West,Email Campaign,Self-Service,4,9.5,4,5.7,1,2024-07-29,79.96
CUST12252,2021-08-27,Basic,9.99,Annual,South,Email Campaign,Self-Service,29,6.9,0,6.3,1,2024-01-14,318.68
CUST12253,2021-11-21,Basic,9.99,Annual,Central,Referral,Priority Support,37,6.9,1,8.4,0,,406.59
CUST12254,2023-10-14,Basic,9.99,Monthly,North,Referral,Self-Service,2,3.9,3,9.4,1,2023-12-13,19.98
CUST12255,2024-12-19,Standard,19.99,Monthly,East,Organic Search,Self-Service,1,9.0,0,6.2,1,2024-12-31,19.99
CUST12256,2022-10-23,Standard,19.99,Monthly,North,Paid Ads,Self-Service,25,14.0,4,6.5,1,2024-11-11,499.75
CUST12257,2024-10-22,Premium,39.99,Annual,North,Social Media,Self-Service,2,11.7,1,7.4,0,,87.98
CUST12258,2023-09-26,Standard,19.99,Annual,West,Paid Ads,Standard Support,15,10.1,0,6.8,0,,329.83
CUST12259,2021-07-06,Basic,9.99,Monthly,North,Social Media,Standard Support,41,12.1,0,9.3,1,2024-11-17,409.59
CUST12260,2021-01-23,Basic,9.99,Annual,West,Organic Search,Standard Support,47,6.1,2,7.7,0,,516.48
CUST12261,2022-05-15,Basic,9.99,Monthly,South,Email Campaign,Self-Service,32,5.7,4,7.8,0,,319.68
CUST12262,2022-09-23,Standard,19.99,Monthly,Central,Paid Ads,Self-Service,6,13.8,2,7.1,1,2023-03-22,119.94
CUST12263,2024-01-16,Premium,39.99,Monthly,North,Organic Search,Standard Support,11,15.8,0,9.3,0,,439.89
CUST12264,2024-08-18,Premium,39.99,Monthly,South,Paid Ads,Self-Service,4,14.2,3,6.6,0,,159.96
CUST12265,2022-03-28,Standard,19.99,Annual,Central,Paid Ads,Self-Service,33,11.7,2,5.2,0,,725.64
CUST12266,2023-02-03,Premium,39.99,Monthly,Central,Referral,Self-Service,23,11.5,2,6.8,0,,919.77
CUST12267,2023-02-05,Basic,9.99,Monthly,South,Organic Search,Self-Service,23,0.4,2,5.3,0,,229.77
CUST12268,2024-10-05,Basic,9.99,Monthly,East,Referral,Standard Support,2,1.8,0,6.8,0,,19.98
CUST12269,2022-02-14,Standard,19.99,Monthly,East,Paid Ads,Priority Support,35,12.8,0,10.0,0,,699.65
CUST12270,2024-12-18,Basic,9.99,Monthly,North,Paid Ads,Self-Service,1,9.6,2,7.1,0,,9.99
CUST12271,2023-09-01,Standard,19.99,Annual,East,Social Media,Standard Support,14,11.0,0,6.1,1,2024-10-25,307.85
CUST12272,2022-07-14,Basic,9.99,Monthly,South,Paid Ads,Standard Support,10,5.6,1,6.4,1,2023-05-10,99.9
CUST12273,2024-06-02,Standard,19.99,Monthly,North,Social Media,Self-Service,7,16.1,3,7.3,0,,139.93
CUST12274,2024-05-04,Basic,9.99,Annual,North,Referral,Priority Support,5,2.8,0,4.2,1,2024-10-01,54.95
CUST12275,2024-10-23,Basic,9.99,Monthly,West,Paid Ads,Priority Support,2,14.0,2,5.7,1,2024-12-22,19.98
CUST12276,2021-02-22,Basic,9.99,Annual,West,Organic Search,Self-Service,46,11.8,0,7.7,0,,505.49
CUST12277,2022-08-21,Standard,19.99,Monthly,East,Social Media,Standard Support,28,7.5,0,7.2,0,,559.72
CUST12278,2024-05-25,Basic,9.99,Monthly,South,Paid Ads,Self-Service,7,4.2,2,6.6,0,,69.93
CUST12279,2022-04-14,Basic,9.99,Annual,North,Paid Ads,Standard Support,7,0.7,0,4.4,1,2022-11-10,76.92
CUST12280,2022-02-02,Standard,19.99,Monthly,North,Organic Search,Self-Service,35,12.2,1,5.5,0,,699.65
CUST12281,2024-04-18,Basic,9.99,Annual,West,Referral,Self-Service,8,1.7,0,8.6,0,,87.91
CUST12282,2023-01-20,Basic,9.99,Monthly,Central,Email Campaign,Standard Support,23,14.0,1,6.0,0,,229.77
CUST12283,2024-06-26,Standard,19.99,Monthly,East,Social Media,Standard Support,6,7.1,1,6.2,0,,119.94
CUST12284,2023-01-10,Premium,39.99,Monthly,East,Email Campaign,Standard Support,24,10.7,0,7.1,0,,959.76
CUST12285,2022-12-02,Basic,9.99,Monthly,Central,Paid Ads,Standard Support,24,7.5,0,7.0,1,2024-11-21,239.76
CUST12286,2023-01-31,Standard,19.99,Monthly,North,Organic Search,Self-Service,23,6.2,1,6.4,0,,459.77
CUST12287,2023-09-01,Standard,19.99,Monthly,Central,Paid Ads,Standard Support,16,14.4,2,8.9,0,,319.84
CUST12288,2021-05-19,Standard,19.99,Monthly,North,Referral,Standard Support,44,3.4,0,8.8,0,,879.56
CUST12289,2024-09-03,Basic,9.99,Monthly,South,Paid Ads,Standard Support,3,10.9,1,6.2,0,,29.97
CUST12290,2021-09-30,Standard,19.99,Annual,Central,Organic Search,Self-Service,39,13.5,2,3.4,0,,857.57
CUST12291,2022-12-19,Premium,39.99,Monthly,North,Paid Ads,Standard Support,24,18.2,1,6.0,0,,959.76
CUST12292,2023-02-07,Basic,9.99,Monthly,North,Referral,Self-Service,5,3.6,2,5.9,1,2023-07-07,49.95
CUST12293,2022-06-01,Premium,39.99,Monthly,North,Paid Ads,Standard Support,31,17.8,0,7.6,0,,1239.69
CUST12294,2023-05-14,Standard,19.99,Monthly,West,Organic Search,Self-Service,19,13.5,3,6.2,0,,379.81
CUST12295,2024-01-23,Basic,9.99,Monthly,South,Paid Ads,Standard Support,11,5.7,1,6.9,0,,109.89
CUST12296,2021-05-18,Basic,9.99,Monthly,North,Social Media,Self-Service,17,9.4,1,6.0,1,2022-10-10,169.83
CUST12297,2024-03-01,Basic,9.99,Annual,North,Email Campaign,Standard Support,10,6.9,1,4.1,0,,109.89
CUST12298,2024-06-11,Basic,9.99,Annual,South,Social Media,Self-Service,6,9.3,3,5.8,1,2024-12-08,65.93
CUST12299,2023-11-20,Standard,19.99,Monthly,Central,Paid Ads,Self-Service,9,13.3,1,6.3,1,2024-08-16,179.91
CUST12300,2022-11-03,Standard,19.99,Monthly,North,Social Media,Priority Support,26,9.8,0,7.1,0,,519.74
CUST12301,2023-11-27,Premium,39.99,Monthly,East,Referral,Priority Support,13,19.8,0,9.6,0,,519.87
CUST12302,2023-01-26,Standard,19.99,Monthly,West,Organic Search,Priority Support,23,7.1,1,7.9,0,,459.77
CUST12303,2022-11-11,Standard,19.99,Monthly,Central,Organic Search,Standard Support,11,10.8,1,7.7,1,2023-10-07,219.89
CUST12304,2023-05-23,Basic,9.99,Monthly,South,Referral,Self-Service,19,9.3,2,5.6,0,,189.81
CUST12305,2023-12-31,Basic,9.99,Monthly,North,Paid Ads,Self-Service,9,7.2,1,2.9,1,2024-09-26,89.91
CUST12306,2021-07-09,Basic,9.99,Annual,North,Social Media,Standard Support,42,0.1,0,7.3,0,,461.54
CUST12307,2023-06-10,Premium,39.99,Annual,South,Paid Ads,Priority Support,19,18.3,0,9.0,0,,835.79
CUST12308,2024-03-09,Premium,39.99,Annual,West,Social Media,Self-Service,9,10.4,0,,0,,395.9
CUST12309,2022-06-15,Basic,9.99,Monthly,Central,Email Campaign,Self-Service,31,11.3,1,7.5,0,,309.69
CUST12310,2023-12-26,Standard,19.99,Annual,West,Paid Ads,Standard Support,9,3.7,2,7.0,1,2024-09-21,197.9
CUST12311,2023-04-13,Standard,19.99,Monthly,East,Paid Ads,Self-Service,6,7.4,2,8.9,1,2023-10-10,119.94
CUST12312,2021-08-20,Standard,19.99,Monthly,North,Referral,Standard Support,40,13.7,0,8.0,0,,799.6
CUST12313,2023-03-30,Basic,9.99,Annual,North,Paid Ads,Self-Service,20,7.0,2,8.4,1,2024-11-19,219.78
CUST12314,2022-09-17,Premium,39.99,Monthly,Central,Paid Ads,Standard Support,27,16.3,0,6.7,0,,1079.73
CUST12315,2021-03-12,Basic,9.99,Annual,West,Social Media,Standard Support,46,7.5,0,7.2,0,,505.49
CUST12316,2022-03-03,Premium,39.99,Annual,East,Organic Search,Self-Service,34,13.1,0,6.5,0,,1495.63
CUST12317,2021-02-08,Basic,9.99,Annual,South,Social Media,Standard Support,47,11.4,1,7.8,0,,516.48
CUST12318,2022-04-26,Standard,19.99,Monthly,West,Organic Search,Self-Service,32,9.1,3,8.3,0,,639.68
CUST12319,2021-06-10,Basic,9.99,Monthly,South,Paid Ads,Standard Support,16,7.7,0,8.6,1,2022-10-03,159.84
CUST12320,2022-07-11,Basic,9.99,Monthly,North,Organic Search,Standard Support,30,12.1,1,4.9,0,,299.7
CUST12321,2024-04-14,Basic,9.99,Monthly,South,Paid Ads,Standard Support,8,9.8,0,9.5,0,,79.92
CUST12322,2021-01-27,Premium,39.99,Monthly,West,Organic Search,Priority Support,47,11.4,0,8.4,0,,1879.53
CUST12323,2022-12-19,Basic,9.99,Annual,Central,Organic Search,Self-Service,23,8.7,2,4.4,1,2024-11-08,252.75
CUST12324,2023-11-24,Premium,39.99,Monthly,Central,Organic Search,Self-Service,13,10.5,3,6.9,0,,519.87
CUST12325,2024-07-18,Standard,19.99,Annual,East,Social Media,Self-Service,4,5.8,5,5.3,1,2024-11-15,87.96
CUST12326,2021-01-19,Standard,19.99,Monthly,North,Organic Search,Self-Service,48,10.2,1,6.2,0,,959.52
CUST12327,2023-04-05,Basic,9.99,Monthly,East,Email Campaign,Standard Support,2,3.1,1,7.6,1,2023-06-04,19.98
CUST12328,2024-03-27,Basic,9.99,Monthly,Central,Email Campaign,Self-Service,6,14.1,5,7.4,1,2024-09-23,59.94
CUST12329,2024-09-10,Premium,39.99,Monthly,North,Email Campaign,Standard Support,3,11.6,1,9.2,0,,119.97
CUST12330,2021-04-21,Standard,19.99,Annual,West,Referral,Self-Service,45,14.8,2,7.0,0,,989.5
CUST12331,2022-02-18,Standard,19.99,Monthly,West,Referral,Standard Support,25,9.1,0,7.6,1,2024-03-09,499.75
CUST12332,2023-01-13,Basic,9.99,Monthly,Central,Social Media,Standard Support,23,4.8,2,6.7,0,,229.77
CUST12333,2023-10-09,Basic,9.99,Monthly,North,Organic Search,Standard Support,14,8.1,0,6.6,0,,139.86
CUST12334,2022-03-03,Basic,9.99,Annual,North,Social Media,Self-Service,5,1.9,0,6.1,1,2022-07-31,54.95
CUST12335,2021-10-20,Standard,19.99,Monthly,North,Social Media,Standard Support,38,11.8,1,7.5,0,,759.62
CUST12336,2024-12-09,Standard,19.99,Annual,South,Paid Ads,Self-Service,1,12.0,1,8.8,0,,21.99
CUST12337,2023-02-05,Premium,39.99,Monthly,South,Email Campaign,Self-Service,23,16.1,0,4.2,0,,919.77
CUST12338,2023-04-16,Standard,19.99,Annual,South,Referral,Self-Service,20,13.6,0,7.2,0,,439.78
CUST12339,2023-01-22,Basic,9.99,Annual,Central,Email Campaign,Priority Support,23,4.1,0,8.9,0,,252.75
CUST12340,2022-06-02,Basic,9.99,Monthly,South,Social Media,Standard Support,31,6.1,1,7.1,0,,309.69
CUST12341,2022-07-15,Standard,19.99,Annual,South,Email Campaign,Standard Support,30,13.5,2,9.0,0,,659.67
CUST12342,2024-10-21,Basic,9.99,Monthly,West,Organic Search,Standard Support,2,2.1,0,8.9,0,,19.98
CUST12343,2022-05-01,Basic,9.99,Monthly,North,Social Media,Self-Service,32,4.9,1,5.1,0,,319.68
CUST12344,2024-09-28,Basic,9.99,Monthly,North,Paid Ads,Standard Support,1,5.8,1,6.9,1,2024-10-28,9.99
CUST12345,2024-03-27,Basic,9.99,Monthly,Central,Social Media,Priority Support,9,0.8,0,7.4,1,2024-12-22,89.91
CUST12346,2023-11-24,Standard,19.99,Monthly,East,Referral,Standard Support,13,10.2,2,8.2,0,,259.87
CUST12347,2023-04-27,Basic,9.99,Monthly,East,Organic Search,Standard Support,20,2.7,1,8.2,1,2024-12-17,199.8
CUST12348,2022-02-16,Basic,9.99,Annual,East,Organic Search,Self-Service,34,10.4,1,8.3,0,,373.63
CUST12349,2022-06-29,Standard,19.99,Monthly,North,Email Campaign,Self-Service,19,6.8,0,6.5,1,2024-01-20,379.81
CUST12350,2023-07-16,Standard,19.99,Monthly,Central,Paid Ads,Standard Support,17,11.4,0,8.4,0,,339.83
CUST12351,2021-08-17,Premium,39.99,Monthly,Central,Email Campaign,Standard Support,41,15.8,1,3.8,0,,1639.59
CUST12352,2021-06-09,Standard,19.99,Annual,South,Organic Search,Self-Service,25,13.1,2,5.4,1,2023-06-29,549.73
CUST12353,2024-09-03,Basic,9.99,Monthly,East,Referral,Self-Service,3,4.6,2,7.8,1,2024-12-02,29.97
CUST12354,2023-11-16,Standard,19.99,Monthly,East,Organic Search,Standard Support,13,17.4,0,7.4,0,,259.87
CUST12355,2024-08-01,Premium,39.99,Monthly,South,Paid Ads,Self-Service,3,17.9,5,7.1,1,2024-10-30,119.97
CUST12356,2021-12-06,Standard,19.99,Monthly,Central,Paid Ads,Standard Support,37,14.8,0,9.7,0,,739.63
CUST12357,2024-06-06,Basic,9.99,Monthly,South,Paid Ads,Standard Support,6,8.7,1,10.0,0,,59.94
CUST12358,2023-09-14,Basic,9.99,Annual,East,Social Media,Self-Service,15,8.9,2,7.9,0,,164.84
CUST12359,2022-11-02,Basic,9.99,Annual,South,Paid Ads,Self-Service,22,0.0,4,6.4,1,2024-08-23,241.76
CUST12360,2024-03-05,Basic,9.99,Monthly,East,Organic Search,Self-Service,10,6.9,1,9.0,0,,99.9
CUST12361,2024-05-21,Basic,9.99,Annual,West,Organic Search,Priority Support,7,2.5,1,5.5,0,,76.92
CUST12362,2021-07-17,Basic,9.99,Monthly,East,Referral,Priority Support,42,2.8,0,5.9,0,,419.58
CUST12363,2024-04-22,Basic,9.99,Annual,North,Organic Search,Standard Support,8,9.5,1,3.8,0,,87.91
CUST12364,2022-10-11,Basic,9.99,Monthly,East,Organic Search,Standard Support,27,8.0,1,6.6,0,,269.73
CUST12365,2023-07-12,Premium,39.99,Monthly,East,Paid Ads,Priority Support,11,17.3,0,8.9,1,2024-06-06,439.89
CUST12366,2022-04-21,Standard,19.99,Monthly,North,Referral,Standard Support,32,14.7,2,8.5,0,,639.68
CUST12367,2021-03-22,Premium,39.99,Monthly,SOUTH,Email Campaign,Standard Support,46,27.7,1,5.5,0,,1839.54
CUST12368,2024-05-30,Basic,9.99,Annual,East,Organic Search,Standard Support,7,4.2,0,8.1,0,,76.92
CUST12369,2022-09-09,Standard,19.99,Annual,West,Paid Ads,Standard Support,28,13.9,1,,0,,615.69
CUST12370,2021-03-17,Standard,19.99,Monthly,North,Organic Search,Standard Support,46,8.5,0,7.1,0,,919.54
CUST12371,2022-10-15,Premium,39.99,Monthly,North,Social Media,Priority Support,26,10.2,0,5.8,0,,1039.74
CUST12372,2023-05-29,Standard,19.99,Annual,East,Referral,Self-Service,19,7.9,0,5.0,0,,417.79
CUST12373,2023-09-21,Standard,19.99,Annual,West,Social Media,Standard Support,15,14.5,0,8.3,0,,329.83
CUST12374,2022-10-05,Premium,39.99,Monthly,South,Paid Ads,Priority Support,4,18.6,0,6.7,1,2023-02-02,159.96
CUST12375,2024-04-09,Premium,39.99,Monthly,North,Paid Ads,Standard Support,8,13.1,3,7.4,1,2024-12-05,319.92
CUST12376,2021-05-04,Standard,19.99,Monthly,South,Email Campaign,Self-Service,44,2.8,1,7.4,0,,879.56
CUST12377,2023-03-07,Basic,9.99,Monthly,North,Paid Ads,Standard Support,22,0.0,0,7.2,0,,219.78
CUST12378,2023-06-24,Premium,39.99,Monthly,West,Organic Search,Self-Service,18,19.5,1,6.5,0,,719.82
CUST12379,2023-02-18,Premium,39.99,Monthly,Central,Email Campaign,Standard Support,22,21.7,0,9.1,0,,879.78
CUST12380,2023-04-18,Standard,19.99,Monthly,Central,Organic Search,Self-Service,17,11.8,2,7.3,1,2024-09-09,339.83
CUST12381,2022-01-12,Premium,39.99,Monthly,North,Social Media,Self-Service,36,24.6,1,6.2,0,,1439.64
CUST12382,2024-07-22,Premium,39.99,Monthly,West,Organic Search,Self-Service,5,15.4,2,7.2,0,,199.95
CUST12383,2024-07-09,Premium,39.99,Annual,South,Paid Ads,Self-Service,5,13.8,2,5.3,0,,219.95
CUST12384,2022-11-15,Premium,39.99,Monthly,North,Referral,Standard Support,6,10.2,1,8.1,1,2023-05-14,239.94
CUST12385,2023-03-04,Basic,9.99,Annual,Central,Paid Ads,Standard Support,4,9.2,0,8.4,1,2023-07-02,43.96
CUST12386,2023-01-16,Basic,9.99,Annual,West,Paid Ads,Standard Support,23,16.2,1,6.9,0,,252.75
CUST12387,2023-04-20,Premium,39.99,Monthly,Central,Social Media,Self-Service,20,16.6,2,8.5,0,,799.8
CUST12388,2022-10-22,Basic,9.99,Monthly,South,Social Media,Self-Service,26,6.4,0,4.7,0,,259.74
CUST12389,2024-05-13,Basic,9.99,Monthly,Central,Organic Search,Self-Service,3,7.5,3,5.6,1,2024-08-11,29.97
CUST12390,2021-10-22,Basic,9.99,Monthly,East,Organic Search,Standard Support,38,5.8,1,8.9,0,,379.62
CUST12391,2022-01-09,Premium,39.99,Monthly,South,Paid Ads,Standard Support,36,12.5,1,8.3,0,,1439.64
CUST12392,2022-07-25,Basic,9.99,Annual,West,Paid Ads,Standard Support,19,6.5,1,5.9,1,2024-02-15,208.79
CUST12393,2022-05-01,Basic,9.99,Annual,North,Organic Search,Self-Service,32,1.9,2,7.2,0,,351.65
CUST12394,2022-12-06,Basic,9.99,Annual,Central,Organic Search,Standard Support,25,9.6,0,5.6,0,,274.73
CUST12395,2022-01-21,Basic,9.99,Monthly,West,Paid Ads,Priority Support,4,1.1,0,9.4,1,2022-05-21,39.96
CUST12396,2024-11-25,Standard,19.99,Monthly,South,Social Media,Standard Support,1,11.7,1,6.9,0,,19.99
CUST12397,2024-05-03,Premium,39.99,Monthly,Central,Paid Ads,Self-Service,8,22.7,0,7.6,1,2024-12-29,319.92
CUST12398,2022-04-30,Basic,9.99,Monthly,North,Social Media,Self-Service,32,9.9,0,7.2,0,,319.68
CUST12399,2021-06-11,Premium,39.99,Monthly,West,Referral,Self-Service,43,16.3,0,7.2,0,,1719.57
CUST12400,2024-02-09,Standard,19.99,Annual,West,Referral,Self-Service,10,8.0,2,6.2,0,,219.89
CUST12401,2023-08-11,Premium,39.99,Monthly,North,Email Campaign,Standard Support,16,16.0,1,9.3,0,,639.84
CUST12402,2024-12-29,Standard,19.99,Monthly,South,Email Campaign,Self-Service,1,11.7,2,4.8,1,2024-12-31,19.99
CUST12403,2024-08-29,Premium,39.99,Monthly,West,Social Media,Self-Service,4,16.6,0,8.3,0,,159.96
CUST12404,2021-06-29,Standard,19.99,Monthly,South,Email Campaign,Self-Service,42,14.4,5,6.4,0,,839.58
CUST12405,2021-05-03,Basic,9.99,Monthly,North,Email Campaign,Standard Support,44,2.4,3,7.0,0,,439.56
CUST12406,2022-09-24,Premium,39.99,Annual,East,Referral,Priority Support,27,17.3,1,8.6,0,,1187.7
CUST12407,2023-01-08,Standard,19.99,Monthly,North,Referral,Self-Service,24,14.3,0,5.0,0,,479.76
CUST12408,2022-01-03,Premium,39.99,Monthly,West,Referral,Standard Support,36,14.6,2,8.9,0,,1439.64
CUST12409,2023-07-30,Basic,9.99,Monthly,Central,Paid Ads,Self-Service,1,4.5,1,6.4,1,2023-08-29,9.99
CUST12410,2021-09-12,Standard,19.99,Annual,West,Organic Search,Standard Support,40,19.6,1,6.0,0,,879.56
CUST12411,2024-05-26,Premium,39.99,Annual,West,Organic Search,Self-Service,7,7.3,1,4.2,0,,307.92
CUST12412,2022-06-09,Basic,9.99,Monthly,West,Social Media,Self-Service,2,6.0,3,7.2,1,2022-08-08,19.98
CUST12413,2022-01-02,Standard,19.99,Monthly,Central,Referral,Standard Support,36,13.3,0,5.4,0,,719.64
CUST12414,2021-08-31,Standard,19.99,Monthly,East,Social Media,Standard Support,40,19.2,0,7.5,0,,799.6
CUST12415,2021-03-13,Basic,9.99,Monthly,Central,Social Media,Standard Support,46,9.1,0,9.8,0,,459.54
CUST12416,2022-12-25,Premium,39.99,Annual,Central,Social Media,Self-Service,24,16.7,1,7.8,0,,1055.74
CUST12417,2024-09-28,Basic,9.99,Monthly,North,Social Media,Self-Service,3,4.7,1,7.9,1,2024-12-27,29.97
CUST12418,2024-09-22,Premium,39.99,Monthly,North,Social Media,Self-Service,3,19.3,1,5.2,1,2024-12-21,119.97
CUST12419,2021-02-07,Basic,9.99,Monthly,Central,Email Campaign,Self-Service,47,12.5,0,,0,,469.53
CUST12420,2021-07-23,Standard,19.99,Monthly,East,Paid Ads,Self-Service,41,5.7,0,7.3,0,,819.59
CUST12421,2021-06-02,Standard,19.99,Annual,South,Email Campaign,Self-Service,43,10.0,1,6.0,0,,945.53
CUST12422,2024-08-01,Basic,9.99,Monthly,Central,Paid Ads,Self-Service,5,2.9,1,8.0,0,,49.95
CUST12423,2023-08-26,Basic,9.99,Monthly,Central,Paid Ads,Self-Service,16,3.7,1,7.6,0,,159.84
CUST12424,2022-07-05,Basic,9.99,Monthly,West,Paid Ads,Self-Service,30,8.8,0,5.9,0,,299.7
CUST12425,2024-03-19,Standard,19.99,Monthly,West,Social Media,Self-Service,9,8.0,1,7.4,0,,179.91
CUST12426,2024-12-27,Standard,19.99,Monthly,Central,Referral,Self-Service,1,10.4,1,6.4,0,,19.99
CUST12427,2023-01-19,Basic,9.99,Monthly,West,Organic Search,Standard Support,23,14.4,1,8.6,0,,229.77
CUST12428,2024-07-08,Standard,19.99,Monthly,North,Referral,Self-Service,2,7.3,1,5.5,1,2024-09-06,39.98
CUST12429,2021-09-25,Premium,39.99,Monthly,West,Social Media,Standard Support,39,18.5,1,6.6,0,,1559.61
CUST12430,2022-11-10,Standard,19.99,Monthly,Central,Referral,Self-Service,26,11.5,1,4.9,0,,519.74
CUST12431,2024-04-17,Basic,9.99,Monthly,Central,Referral,Self-Service,8,9.1,0,6.9,0,,79.92
CUST12432,2021-11-06,Premium,39.99,Monthly,West,Social Media,Self-Service,38,12.6,1,6.9,0,,1519.62
CUST12433,2024-11-16,Basic,9.99,Monthly,West,Email Campaign,Self-Service,1,10.6,1,5.8,1,2024-12-16,9.99
CUST12434,2024-05-02,Standard,19.99,Annual,South,Organic Search,Self-Service,8,6.2,0,9.0,0,,175.91
CUST12435,2024-08-19,Basic,9.99,Monthly,East,Social Media,Self-Service,4,3.8,0,6.0,0,,39.96
CUST12436,2024-04-20,Premium,39.99,Monthly,North,Referral,Self-Service,2,14.5,1,6.6,1,2024-06-19,79.98
CUST12437,2021-05-01,Standard,19.99,Monthly,Central,Social Media,Self-Service,44,7.5,0,7.1,0,,879.56
CUST12438,2024-11-04,Basic,9.99,Annual,Central,Paid Ads,Standard Support,1,11.2,0,8.5,0,,10.99
CUST12439,2021-03-25,Basic,9.99,Annual,West,Referral,Self-Service,45,11.2,1,7.2,0,,494.51
CUST12440,2021-01-16,Standard,19.99,Annual,West,Social Media,Self-Service,48,11.6,2,7.1,0,,1055.47
CUST12441,2022-01-01,Premium,39.99,Annual,North,Email Campaign,Standard Support,36,18.0,0,6.7,0,,1583.6
CUST12442,2024-01-26,Standard,19.99,Monthly,West,Paid Ads,Self-Service,11,13.0,1,7.8,0,,219.89
CUST12443,2022-02-22,Basic,9.99,Monthly,North,Referral,Self-Service,34,5.2,4,8.1,0,,339.66
CUST12444,2022-01-22,Basic,9.99,Annual,North,Referral,Self-Service,35,2.1,1,7.0,0,,384.62
CUST12445,2023-06-16,Standard,19.99,Monthly,South,Social Media,Standard Support,18,9.4,1,6.5,0,,359.82
CUST12446,2024-11-04,Basic,9.99,Annual,East,Social Media,Self-Service,1,2.6,1,5.3,0,,10.99
CUST12447,2022-01-27,Standard,19.99,Monthly,West,Organic Search,Standard Support,35,6.6,2,9.9,0,,699.65
CUST12448,2024-05-23,Basic,9.99,Monthly,South,Organic Search,Self-Service,7,3.2,3,7.3,0,,69.93
CUST12449,2023-10-17,Standard,19.99,Monthly,South,Social Media,Priority Support,14,12.3,1,4.8,0,,279.86
CUST12450,2022-01-10,Basic,9.99,Monthly,South,Social Media,Priority Support,6,1.3,1,5.6,1,2022-07-09,59.94
CUST12451,2024-11-12,Basic,9.99,Monthly,South,Referral,Self-Service,1,2.0,1,5.4,1,2024-12-12,9.99
CUST12452,2022-05-19,Premium,39.99,Monthly,South,Email Campaign,Self-Service,16,14.6,2,5.8,1,2023-09-11,639.84
CUST12453,2021-07-23,Standard,19.99,Monthly,Central,Paid Ads,Self-Service,33,9.9,2,3.8,1,2024-04-08,659.67
CUST12454,2024-05-28,Basic,9.99,Annual,East,Organic Search,Standard Support,4,11.9,1,9.2,1,2024-09-25,43.96
CUST12455,2024-08-20,Basic,9.99,Monthly,South,Referral,Standard Support,4,15.1,0,8.0,0,,39.96
CUST12456,2021-04-21,Basic,9.99,Monthly,North,Paid Ads,Self-Service,45,10.7,0,5.1,0,,449.55
CUST12457,2022-10-27,Standard,19.99,Monthly,South,Paid Ads,Standard Support,26,12.4,0,5.3,0,,519.74
CUST12458,2023-01-10,Basic,9.99,Annual,Central,Referral,Self-Service,24,8.9,2,7.5,0,,263.74
CUST12459,2021-10-07,Basic,9.99,Monthly,West,Paid Ads,Priority Support,39,8.8,0,9.5,0,,389.61
CUST12460,2021-04-07,Premium,39.99,Monthly,North,Social Media,Self-Service,45,10.7,2,6.6,0,,1799.55
CUST12461,2022-03-26,Basic,9.99,Monthly,West,Email Campaign,Self-Service,33,5.4,2,7.6,0,,329.67
CUST12462,2023-03-22,Standard,19.99,Monthly,North,Paid Ads,Self-Service,21,10.7,3,6.5,0,,419.79
CUST12463,2023-09-28,Standard,19.99,Monthly,North,Email Campaign,Self-Service,1,5.0,3,6.9,1,2023-10-28,19.99
CUST12464,2022-07-29,Basic,9.99,Monthly,Central,Email Campaign,Standard Support,29,7.1,2,5.2,0,,289.71
CUST12465,2021-03-15,Premium,39.99,Monthly,Central,Organic Search,Priority Support,46,20.2,1,10.0,0,,1839.54
CUST12466,2023-08-28,Standard,19.99,Monthly,West,Paid Ads,Self-Service,16,6.9,4,7.9,0,,319.84
CUST12467,2023-04-10,Premium,39.99,Annual,East,Organic Search,Self-Service,21,12.4,1,5.8,0,,923.77
CUST12468,2021-11-04,Premium,39.99,Monthly,North,Referral,Standard Support,38,20.8,1,8.0,0,,1519.62
CUST12469,2024-07-20,Standard,19.99,Monthly,West,Social Media,Standard Support,5,11.9,0,7.6,0,,99.95
CUST12470,2023-05-01,Basic,9.99,Annual,Central,Social Media,Self-Service,20,3.4,1,6.5,0,,219.78
CUST12471,2024-10-27,Standard,19.99,Monthly,East,Paid Ads,Self-Service,2,9.4,1,8.7,0,,39.98
CUST12472,2022-04-14,Basic,9.99,Annual,North,Social Media,Standard Support,33,1.9,1,6.5,0,,362.64
CUST12473,2021-08-11,Basic,9.99,Annual,North,Paid Ads,Self-Service,41,17.1,0,3.6,0,,450.55
CUST12474,2023-03-11,Premium,39.99,Monthly,North,Social Media,Standard Support,22,13.6,3,8.0,0,,879.78
CUST12475,2021-02-12,Basic,9.99,Annual,West,Referral,Priority Support,47,13.0,0,9.5,0,,516.48
CUST12476,2022-11-08,Standard,19.99,Monthly,South,Referral,Self-Service,26,10.6,4,3.5,1,2024-12-27,519.74
CUST12477,2022-04-17,Standard,19.99,Monthly,Central,Organic Search,Self-Service,32,7.7,1,4.4,0,,639.68
CUST12478,2021-01-30,Standard,19.99,Annual,West,Social Media,Self-Service,39,2.8,1,6.8,1,2024-04-14,857.57
CUST12479,2021-10-31,Standard,19.99,Annual,North,Organic Search,Standard Support,38,7.4,2,6.8,0,,835.58
CUST12480,2022-03-25,Basic,9.99,Monthly,West,Email Campaign,Self-Service,28,9.5,2,6.8,1,2024-07-12,279.72
CUST12481,2022-06-05,Basic,9.99,Monthly,East,Email Campaign,Self-Service,31,3.6,0,9.0,0,,309.69
CUST12482,2022-08-18,Basic,9.99,Annual,North,Social Media,Self-Service,28,0.2,1,6.8,0,,307.69
CUST12483,2024-03-04,Basic,9.99,Monthly,West,Organic Search,Self-Service,9,8.5,2,7.3,1,2024-11-29,89.91
CUST12484,2023-05-22,Basic,9.99,Monthly,West,Organic Search,Self-Service,2,0.0,2,3.2,1,2023-07-21,19.98
CUST12485,2022-04-18,Standard,19.99,Monthly,North,Paid Ads,Standard Support,32,5.8,1,5.0,0,,639.68
CUST12486,2021-05-24,Premium,39.99,Monthly,Central,Social Media,Self-Service,43,20.9,1,5.3,0,,1719.57
CUST12487,2022-04-28,Premium,39.99,Monthly,East,Organic Search,Standard Support,2,17.4,3,8.9,1,2022-06-27,79.98
CUST12488,2024-01-13,Basic,9.99,Annual,South,Referral,Self-Service,11,11.3,2,7.9,0,,120.88
CUST12489,2022-04-27,Standard,19.99,Monthly,East,Paid Ads,Self-Service,32,8.5,0,5.9,0,,639.68
CUST12490,2022-05-14,Basic,9.99,Monthly,Central,Referral,Standard Support,32,0.0,2,7.7,0,,319.68
CUST12491,2021-05-19,Premium,39.99,Annual,North,Paid Ads,Self-Service,34,11.7,1,5.9,1,2024-03-04,1495.63
CUST12492,2022-03-12,Basic,9.99,Annual,West,Organic Search,Self-Service,34,0.8,2,6.7,0,,373.63
CUST12493,2024-06-24,Basic,9.99,Annual,Central,Email Campaign,Priority Support,6,2.2,0,7.0,0,,65.93
CUST12494,2023-11-27,Standard,19.99,Monthly,North,Organic Search,Standard Support,13,10.8,0,5.2,0,,259.87
CUST12495,2023-01-28,Premium,39.99,Monthly,Central,Paid Ads,Self-Service,23,19.4,3,8.2,0,,919.77
CUST12496,2024-11-30,Basic,9.99,Monthly,North,Organic Search,Self-Service,1,7.5,1,8.8,0,,9.99
CUST12497,2022-10-29,Standard,19.99,Monthly,South,Paid Ads,Self-Service,26,8.1,5,6.3,0,,519.74
CUST12498,2024-12-05,Standard,19.99,Monthly,West,Organic Search,Self-Service,1,5.0,3,7.9,1,2024-12-31,19.99
CUST12499,2021-11-08,Basic,9.99,Monthly,Central,Email Campaign,Priority Support,38,1.2,2,9.1,0,,379.62
CUST12500,2022-02-21,Basic,9.99,Monthly,North,Organic Search,Standard Support,11,5.3,0,6.0,1,2023-01-17,109.89
CUST12501,2022-10-07,Basic,9.99,Annual,North,Email Campaign,Self-Service,19,6.6,2,7.4,1,2024-04-29,208.79
CUST12502,2024-11-22,Basic,9.99,Monthly,North,Social Media,Self-Service,1,5.2,2,4.7,0,,9.99
CUST12503,2024-12-06,Standard,19.99,Monthly,East,Email Campaign,Standard Support,1,9.7,1,10.0,1,2024-12-31,19.99
CUST12504,2022-03-27,Premium,39.99,Monthly,East,Social Media,Self-Service,26,18.6,2,8.7,1,2024-05-15,1039.74
CUST12505,2023-03-04,Basic,9.99,Monthly,East,Referral,Self-Service,3,8.9,2,5.2,1,2023-06-02,29.97
CUST12506,2024-11-23,Premium,39.99,Monthly,North,Paid Ads,Standard Support,1,15.9,0,8.0,0,,39.99
CUST12507,2022-10-08,Basic,9.99,Annual,West,Paid Ads,Standard Support,27,13.9,0,8.1,0,,296.7
CUST12508,2024-05-19,Standard,19.99,Monthly,Central,Referral,Priority Support,7,7.1,1,6.7,0,,139.93
CUST12509,2024-12-30,Standard,19.99,Monthly,North,Paid Ads,Priority Support,1,16.9,0,8.7,0,,19.99
CUST12510,2023-02-01,Premium,39.99,Monthly,South,Social Media,Self-Service,23,8.3,2,8.7,0,,919.77
CUST12511,2021-07-30,Basic,9.99,Annual,South,Paid Ads,Self-Service,41,8.9,3,3.8,0,,450.55
CUST12512,2024-12-01,Standard,19.99,Monthly,South,Organic Search,Self-Service,1,9.5,1,6.8,0,,19.99
CUST12513,2021-07-24,Basic,9.99,Monthly,North,Social Media,Self-Service,41,5.6,3,5.1,1,2024-12-05,409.59
CUST12514,2024-10-20,Basic,9.99,Annual,South,Organic Search,Self-Service,1,0.0,0,7.5,1,2024-11-19,10.99
CUST12515,2024-02-14,Basic,9.99,Monthly,North,Paid Ads,Standard Support,10,0.0,1,10.0,0,,99.9
CUST12516,2021-05-26,Basic,9.99,Monthly,East,Email Campaign,Self-Service,43,11.0,0,4.4,0,,429.57
CUST12517,2021-09-18,Basic,9.99,Annual,East,Paid Ads,Standard Support,40,7.1,0,7.4,0,,439.56
CUST12518,2021-05-11,Basic,9.99,Annual,South,Organic Search,Self-Service,44,0.1,0,7.1,0,,483.52
CUST12519,2021-08-09,Premium,39.99,Monthly,West,Organic Search,Standard Support,4,7.7,0,6.0,1,2021-12-07,159.96
CUST12520,2023-11-14,Standard,19.99,Annual,Central,Email Campaign,Self-Service,13,13.6,1,8.2,0,,285.86
CUST12521,2021-12-12,Standard,19.99,Monthly,East,Organic Search,Self-Service,37,10.3,1,6.9,0,,739.63
CUST12522,2024-05-12,Basic,9.99,Monthly,East,Social Media,Self-Service,1,7.2,3,5.7,1,2024-06-11,9.99
CUST12523,2024-07-07,Premium,39.99,Monthly,East,Referral,Self-Service,5,14.2,0,6.9,0,,199.95
CUST12524,2021-10-18,Basic,9.99,Monthly,Central,Email Campaign,Self-Service,32,6.5,2,2.8,1,2024-06-04,319.68
CUST12525,2023-07-13,Standard,19.99,Monthly,North,Paid Ads,Self-Service,17,14.7,1,5.6,0,,339.83
CUST12526,2021-08-07,Basic,9.99,Monthly,South,Referral,Self-Service,38,0.0,3,4.5,1,2024-09-20,379.62
CUST12527,2021-12-28,Standard,19.99,Monthly,West,Referral,Self-Service,36,12.2,3,3.9,0,,719.64
CUST12528,2022-05-13,Standard,19.99,Annual,North,Social Media,Priority Support,32,10.4,1,8.3,0,,703.65
CUST12529,2024-12-22,Premium,39.99,Monthly,Central,Organic Search,Self-Service,1,17.8,0,4.3,1,2024-12-31,39.99
CUST12530,2024-04-27,Premium,39.99,Monthly,North,Organic Search,Self-Service,5,14.8,2,5.8,1,2024-09-24,199.95
CUST12531,2023-05-17,Basic,9.99,Monthly,West,Organic Search,Self-Service,19,11.4,2,6.5,0,,189.81
CUST12532,2022-03-17,Standard,19.99,Annual,East,Referral,Self-Service,34,15.4,1,6.5,0,,747.63
CUST12533,2021-10-16,Basic,9.99,Monthly,West,Email Campaign,Self-Service,39,7.7,1,3.3,0,,389.61
CUST12534,2023-01-29,Standard,19.99,Monthly,East,Referral,Standard Support,23,10.5,0,10.0,0,,459.77
CUST12535,2024-08-16,Standard,19.99,Monthly,East,Referral,Standard Support,2,0.6,0,6.9,1,2024-10-15,39.98
CUST12536,2022-08-14,Basic,9.99,Monthly,West,Referral,Standard Support,29,16.2,1,6.6,0,,289.71
CUST12537,2021-01-09,Standard,19.99,Monthly,South,Referral,Standard Support,48,10.5,1,7.8,0,,959.52
CUST12538,2022-10-24,Standard,19.99,Monthly,North,Email Campaign,Priority Support,23,9.0,0,8.9,1,2024-09-13,459.77
CUST12539,2024-08-03,Basic,9.99,Annual,South,Email Campaign,Standard Support,5,1.0,2,10.0,0,,54.95
CUST12540,2021-12-03,Premium,39.99,Monthly,South,Paid Ads,Priority Support,37,15.3,0,1.3,0,,1479.63
CUST12541,2024-01-23,Basic,9.99,Monthly,Central,Social Media,Self-Service,11,10.8,3,6.6,0,,109.89
CUST12542,2023-04-02,Basic,9.99,Monthly,North,Organic Search,Self-Service,21,6.4,2,7.2,0,,209.79
CUST12543,2024-09-20,Basic,9.99,Annual,Central,Paid Ads,Self-Service,1,3.3,2,6.3,1,2024-10-20,10.99
CUST12544,2021-05-06,Standard,19.99,Monthly,South,Social Media,Standard Support,44,15.6,0,5.6,0,,879.56
CUST12545,2021-08-08,Standard,19.99,Annual,West,Email Campaign,Self-Service,41,11.1,2,8.7,0,,901.55
CUST12546,2022-04-18,Premium,39.99,Monthly,North,Organic Search,Standard Support,32,19.2,1,8.2,0,,1279.68
CUST12547,2023-12-29,Basic,9.99,Monthly,West,Paid Ads,Standard Support,12,4.2,0,7.1,0,,119.88
CUST12548,2023-04-29,Basic,9.99,Monthly,West,Social Media,Standard Support,20,3.1,0,9.1,0,,199.8
CUST12549,2022-04-13,Premium,39.99,Monthly,North,Social Media,Self-Service,6,21.8,1,5.4,1,2022-10-10,239.94
CUST12550,2022-01-18,Basic,9.99,Monthly,North,Organic Search,Self-Service,19,6.6,1,4.9,1,2023-08-11,189.81
CUST12551,2024-05-19,Basic,9.99,Monthly,North,Email Campaign,Self-Service,7,7.0,3,7.7,0,,69.93
CUST12552,2021-02-27,Basic,9.99,Monthly,Central,Referral,Priority Support,46,8.2,2,7.8,0,,459.54
CUST12553,2021-12-27,Standard,19.99,Annual,East,Organic Search,Self-Service,36,8.2,1,5.9,0,,791.6
CUST12554,2023-11-24,Basic,9.99,Monthly,West,Paid Ads,Self-Service,13,4.2,3,9.0,0,,129.87
CUST12555,2021-03-31,Standard,19.99,Monthly,West,Referral,Self-Service,41,11.5,2,7.2,1,2024-08-12,819.59
CUST12556,2023-03-27,Premium,39.99,Monthly,South,Paid Ads,Self-Service,21,11.8,2,7.1,0,,839.79
CUST12557,2024-03-23,Basic,9.99,Monthly,West,Paid Ads,Self-Service,9,6.5,1,7.5,0,,89.91
CUST12558,2024-01-22,Basic,9.99,Monthly,West,Referral,Self-Service,1,2.4,1,6.0,1,2024-02-21,9.99
CUST12559,2024-02-13,Basic,9.99,Monthly,Central,Email Campaign,Self-Service,10,2.3,1,7.5,0,,99.9
CUST12560,2024-02-10,Basic,9.99,Monthly,East,Paid Ads,Standard Support,10,4.3,0,6.0,0,,99.9
CUST12561,2023-12-06,Standard,19.99,Monthly,East,Organic Search,Self-Service,13,15.0,1,3.4,0,,259.87
CUST12562,2022-08-15,Premium,39.99,Monthly,Central,Email Campaign,Priority Support,28,13.6,0,9.9,0,,1119.72
CUST12563,2021-02-05,Standard,19.99,Monthly,East,Referral,Priority Support,47,13.5,1,8.5,0,,939.53
CUST12564,2022-09-21,Basic,9.99,Annual,Central,Social Media,Self-Service,27,8.5,2,7.0,0,,296.7
CUST12565,2023-04-20,Standard,19.99,Annual,North,Referral,Self-Service,5,8.4,3,5.3,1,2023-09-17,109.94
CUST12566,2024-02-19,Standard,19.99,Monthly,West,Organic Search,Self-Service,8,7.3,3,6.7,1,2024-10-16,159.92
CUST12567,2022-03-09,Basic,9.99,Monthly,Central,Paid Ads,Standard Support,34,8.1,0,7.8,0,,339.66
CUST12568,2023-11-06,Standard,19.99,Monthly,North,Organic Search,Self-Service,11,14.6,0,4.0,1,2024-10-01,219.89
CUST12569,2022-04-24,Basic,9.99,Monthly,West,Paid Ads,Self-Service,22,5.9,1,5.2,1,2024-02-13,219.78
CUST12570,2022-12-02,Standard,19.99,Monthly,North,Social Media,Standard Support,25,11.6,0,7.5,0,,499.75
CUST12571,2021-05-11,Standard,19.99,Annual,East,Referral,Self-Service,44,10.3,3,7.9,0,,967.52
CUST12572,2023-10-14,Standard,19.99,Monthly,Central,Referral,Standard Support,7,10.6,3,9.5,1,2024-05-11,139.93
CUST12573,2023-10-07,Basic,9.99,Monthly,Central,Paid Ads,Self-Service,15,9.6,3,6.0,0,,149.85
CUST12574,2021-05-24,Basic,9.99,Monthly,East,Paid Ads,Priority Support,32,1.2,0,6.7,1,2024-01-09,319.68
CUST12575,2021-10-26,Standard,19.99,Monthly,South,Referral,Priority Support,38,15.3,1,6.1,0,,759.62
CUST12576,2023-01-04,Basic,9.99,Monthly,Central,Organic Search,Self-Service,24,3.7,0,8.4,0,,239.76
CUST12577,2023-10-08,Standard,19.99,Monthly,North,Social Media,Self-Service,5,10.7,1,7.4,1,2024-03-06,99.95
CUST12578,2023-11-25,Premium,39.99,Annual,South,Organic Search,Self-Service,13,16.4,1,7.0,0,,571.86
CUST12579,2024-01-31,Premium,39.99,Monthly,North,Social Media,Priority Support,11,16.2,0,6.3,0,,439.89
CUST12580,2021-07-06,Premium,39.99,Monthly,Central,Paid Ads,Standard Support,42,9.1,0,7.1,0,,1679.58
CUST12581,2023-09-07,Standard,19.99,Monthly,Central,Referral,Standard Support,16,9.9,1,6.5,0,,319.84
CUST12582,2024-03-04,Basic,9.99,Annual,North,Email Campaign,Standard Support,10,10.8,1,8.8,0,,109.89
CUST12583,2023-03-27,Standard,19.99,Annual,West,Paid Ads,Self-Service,2,11.0,4,4.7,1,2023-05-26,43.98
CUST12584,2024-05-16,Standard,19.99,Monthly,South,Paid Ads,Priority Support,7,9.3,1,8.1,0,,139.93
CUST12585,2024-04-12,Standard,19.99,Monthly,North,Referral,Standard Support,3,10.9,0,6.8,1,2024-07-11,59.97
CUST12586,2024-12-30,Standard,19.99,Monthly,Central,Organic Search,Self-Service,1,9.5,0,7.3,0,,19.99
CUST12587,2022-01-19,Basic,9.99,Annual,South,Referral,Self-Service,15,2.1,1,6.0,1,2023-04-14,164.84
CUST12588,2023-01-29,Basic,9.99,Monthly,West,Paid Ads,Self-Service,22,3.3,1,7.0,1,2024-11-19,219.78
CUST12589,2021-06-18,Basic,9.99,Monthly,North,Social Media,Priority Support,43,2.6,1,8.9,0,,429.57
CUST12590,2022-08-16,Basic,9.99,Monthly,Central,Paid Ads,Self-Service,28,9.2,1,7.7,0,,279.72
CUST12591,2023-01-28,Premium,39.99,Monthly,East,Referral,Self-Service,23,16.0,2,6.2,0,,919.77
CUST12592,2023-03-15,Premium,39.99,Monthly,East,Referral,Priority Support,21,11.4,0,8.1,0,,839.79
CUST12593,2022-05-27,Basic,9.99,Annual,South,Organic Search,Self-Service,31,0.1,2,5.4,0,,340.66
CUST12594,2023-06-27,Basic,9.99,Monthly,West,Social Media,Priority Support,4,13.5,2,6.8,1,2023-10-25,39.96
CUST12595,2024-06-07,Standard,19.99,Monthly,West,Referral,Standard Support,6,11.9,1,8.8,1,2024-12-04,119.94
CUST12596,2021-03-22,Premium,39.99,Monthly,South,Organic Search,Self-Service,46,18.4,1,6.7,0,,1839.54
CUST12597,2021-10-16,Standard,19.99,Monthly,North,Referral,Priority Support,39,5.7,0,8.4,0,,779.61
CUST12598,2021-09-10,Basic,9.99,Monthly,West,Paid Ads,Self-Service,40,8.8,0,5.3,0,,399.6
CUST12599,2021-10-09,Premium,39.99,Monthly,North,Paid Ads,Standard Support,39,16.0,0,8.7,0,,1559.61
CUST12600,2023-03-09,Basic,9.99,Monthly,South,Email Campaign,Self-Service,22,0.0,0,5.7,0,,219.78
CUST12601,2022-02-09,Basic,9.99,Monthly,South,Email Campaign,Self-Service,35,1.0,1,6.6,0,,349.65
CUST12602,2024-07-04,Basic,9.99,Annual,South,Referral,Standard Support,6,8.4,3,9.7,0,,65.93
CUST12603,2022-05-19,Basic,9.99,Monthly,East,Organic Search,Standard Support,21,1.5,2,6.8,1,2024-02-08,209.79
CUST12604,2022-11-07,Basic,9.99,Monthly,East,Organic Search,Self-Service,26,4.4,3,5.5,0,,259.74
CUST12605,2021-07-13,Standard,19.99,Monthly,West,Organic Search,Self-Service,21,0.0,3,6.7,1,2023-04-04,419.79
CUST12606,2024-08-31,Standard,19.99,Monthly,South,Organic Search,Self-Service,4,12.1,1,7.1,0,,79.96
CUST12607,2022-02-13,Basic,9.99,Monthly,South,Referral,Standard Support,35,3.7,0,7.7,0,,349.65
CUST12608,2023-12-27,Standard,19.99,Monthly,South,Paid Ads,Standard Support,12,10.1,3,10.0,0,,239.88
CUST12609,2022-10-08,Basic,9.99,Annual,North,Email Campaign,Priority Support,27,8.9,0,4.9,0,,296.7
CUST12610,2023-08-07,Basic,9.99,Annual,Central,Social Media,Standard Support,17,10.1,2,6.1,0,,186.81
CUST12611,2023-07-25,Basic,9.99,Monthly,West,Referral,Standard Support,17,9.0,1,4.8,0,,169.83
CUST12612,2023-08-06,Standard,19.99,Annual,Central,Social Media,Standard Support,16,6.0,2,7.9,1,2024-11-28,351.82
CUST12613,2023-12-16,Basic,9.99,Annual,Central,Paid Ads,Standard Support,12,5.3,1,10.0,0,,131.87
CUST12614,2023-12-20,Standard,19.99,Annual,West,Organic Search,Self-Service,12,11.8,1,2.8,0,,263.87
CUST12615,2021-11-16,Standard,19.99,Monthly,West,Paid Ads,Self-Service,9,13.0,1,5.1,1,2022-08-13,179.91
CUST12616,2023-02-27,Standard,19.99,Annual,West,Social Media,Standard Support,22,10.3,0,6.5,1,2024-12-18,483.76
CUST12617,2023-10-31,Basic,9.99,Monthly,North,Email Campaign,Priority Support,14,5.8,0,5.5,1,2024-12-24,139.86
CUST12618,2022-06-06,Basic,9.99,Annual,West,Organic Search,Self-Service,31,5.0,3,5.8,0,,340.66
CUST12619,2024-10-15,Basic,9.99,Monthly,West,Email Campaign,Priority Support,2,11.6,0,8.4,0,,19.98
CUST12620,2022-11-30,Basic,9.99,Monthly,North,Email Campaign,Standard Support,25,10.9,1,7.1,0,,249.75
CUST12621,2023-03-09,Standard,19.99,Monthly,North,Organic Search,Standard Support,22,11.2,0,8.7,0,,439.78
CUST12622,2022-07-26,Standard,19.99,Monthly,West,Organic Search,Standard Support,29,8.6,0,8.1,0,,579.71
CUST12623,2024-06-06,Standard,19.99,Annual,South,Organic Search,Self-Service,6,12.7,2,6.0,0,,131.93
CUST12624,2021-01-18,Basic,9.99,Monthly,South,Paid Ads,Self-Service,48,12.9,0,6.4,0,,479.52
CUST12625,2024-07-07,Basic,9.99,Annual,East,Organic Search,Standard Support,5,9.1,0,9.4,0,,54.95
CUST12626,2021-01-06,Standard,19.99,Monthly,North,Referral,Self-Service,48,2.4,3,7.9,0,,959.52
CUST12627,2023-03-31,Basic,9.99,Monthly,North,Paid Ads,Standard Support,4,12.1,0,8.8,1,2023-07-29,39.96
CUST12628,2024-06-01,Premium,39.99,Monthly,North,Social Media,Self-Service,4,18.3,0,5.5,1,2024-09-29,159.96
CUST12629,2022-08-22,Basic,9.99,Monthly,North,Paid Ads,Standard Support,28,1.2,0,5.4,0,,279.72
CUST12630,2022-07-04,Standard,19.99,Annual,North,Organic Search,Standard Support,30,9.5,1,7.3,0,,659.67
CUST12631,2022-10-07,Basic,9.99,Monthly,East,Organic Search,Self-Service,6,2.7,3,4.6,1,2023-04-05,59.94
CUST12632,2022-04-10,Premium,39.99,Monthly,Central,Paid Ads,Self-Service,33,13.7,2,6.0,0,,1319.67
CUST12633,2023-11-22,Standard,19.99,Monthly,North,Paid Ads,Standard Support,13,9.0,3,8.3,0,,259.87
CUST12634,2023-09-22,Basic,9.99,Monthly,South,Paid Ads,Self-Service,15,11.3,1,6.9,0,,149.85
CUST12635,2021-03-26,Basic,9.99,Monthly,West,Social Media,Priority Support,45,10.9,1,7.5,0,,449.55
CUST12636,2024-08-07,Basic,9.99,Annual,East,Referral,Standard Support,4,5.4,0,7.7,0,,43.96
CUST12637,2021-03-21,Basic,9.99,Monthly,West,Referral,Self-Service,46,12.7,2,7.3,0,,459.54
CUST12638,2021-09-10,Premium,39.99,Monthly,West,Social Media,Self-Service,40,16.0,0,7.0,0,,1599.6
CUST12639,2024-03-23,Basic,9.99,Monthly,West,Organic Search,Standard Support,8,1.4,3,5.8,1,2024-11-18,79.92
CUST12640,2022-08-13,Premium,39.99,Annual,East,Social Media,Priority Support,29,13.8,0,7.3,0,,1275.68
CUST12641,2023-09-09,Premium,39.99,Monthly,Central,Paid Ads,Self-Service,8,22.7,1,7.2,1,2024-05-06,319.92
CUST12642,2022-10-26,Premium,39.99,Monthly,East,Referral,Priority Support,26,22.6,1,9.1,0,,1039.74
CUST12643,2024-09-29,Standard,19.99,Monthly,South,Organic Search,Standard Support,3,11.5,0,9.9,0,,59.97
CUST12644,2022-02-14,Premium,39.99,Annual,North,Email Campaign,Self-Service,35,14.8,0,6.6,0,,1539.62
CUST12645,2022-12-01,Basic,9.99,Monthly,North,Paid Ads,Self-Service,25,5.4,1,4.8,0,,249.75
CUST12646,2023-10-16,Premium,39.99,Monthly,Central,Referral,Self-Service,7,18.6,4,5.2,1,2024-05-13,279.93
CUST12647,2024-11-03,Basic,9.99,Monthly,North,Organic Search,Standard Support,1,4.7,1,9.2,0,,9.99
CUST12648,2024-03-08,Premium,39.99,Annual,East,Referral,Self-Service,9,19.2,2,8.7,0,,395.9
CUST12649,2021-06-09,Basic,9.99,Monthly,East,Referral,Self-Service,43,4.5,4,8.3,0,,429.57
CUST12650,2023-12-12,Standard,19.99,Monthly,North,Social Media,Self-Service,12,12.9,1,7.6,0,,239.88
CUST12651,2024-11-15,Basic,9.99,Monthly,North,Email Campaign,Standard Support,1,5.5,1,5.5,1,2024-12-15,9.99
CUST12652,2023-05-23,Premium,39.99,Monthly,North,Referral,Self-Service,19,12.3,1,6.8,0,,759.81
CUST12653,2024-04-05,Basic,9.99,Monthly,South,Organic Search,Standard Support,9,5.0,0,8.9,0,,89.91
CUST12654,2021-07-21,Standard,19.99,Monthly,North,Social Media,Standard Support,41,7.8,0,6.9,0,,819.59
CUST12655,2021-02-23,Basic,9.99,Monthly,Central,Organic Search,Self-Service,46,3.2,0,5.9,0,,459.54
CUST12656,2023-09-06,Premium,39.99,Annual,West,Paid Ads,Self-Service,16,14.3,2,5.8,0,,703.82
CUST12657,2022-07-16,Basic,9.99,Monthly,North,Paid Ads,Standard Support,21,7.5,1,7.9,1,2024-04-06,209.79
CUST12658,2023-11-09,Standard,19.99,Monthly,South,Organic Search,Self-Service,13,12.2,0,6.6,0,,259.87
CUST12659,2023-04-26,Basic,9.99,Monthly,West,Social Media,Standard Support,20,4.2,1,6.9,0,,199.8
CUST12660,2023-01-19,Standard,19.99,Annual,West,Social Media,Self-Service,23,12.0,4,7.2,0,,505.75
CUST12661,2021-12-08,Standard,19.99,Annual,Central,Paid Ads,Self-Service,37,9.8,1,7.4,0,,813.59
CUST12662,2022-12-30,Premium,39.99,Annual,West,Social Media,Self-Service,10,16.2,1,4.6,1,2023-10-26,439.89
CUST12663,2024-04-24,Premium,39.99,Monthly,North,Organic Search,Standard Support,8,18.1,1,8.6,0,,319.92
CUST12664,2023-10-08,Basic,9.99,Annual,East,Paid Ads,Standard Support,15,13.4,4,6.8,0,,164.84
CUST12665,2024-07-10,Basic,9.99,Monthly,Central,Paid Ads,Standard Support,3,3.3,0,6.5,1,2024-10-08,29.97
CUST12666,2022-12-20,Standard,19.99,Monthly,South,Organic Search,Priority Support,24,10.1,1,8.6,0,,479.76
CUST12667,2021-01-23,Basic,9.99,Monthly,East,Email Campaign,Self-Service,47,2.6,1,8.2,0,,469.53
CUST12668,2024-11-13,Basic,9.99,Annual,West,Referral,Self-Service,1,2.4,0,5.7,1,2024-12-13,10.99
CUST12669,2022-09-11,Premium,39.99,Monthly,South,Organic Search,Priority Support,19,18.9,0,8.6,1,2024-04-03,759.81
CUST12670,2022-08-31,Basic,9.99,Annual,North,Paid Ads,Standard Support,28,0.7,2,6.2,0,,307.69
CUST12671,2023-07-18,Standard,19.99,Monthly,North,Social Media,Self-Service,12,9.3,2,6.4,1,2024-07-12,239.88
CUST12672,2022-11-20,Standard,19.99,Monthly,East,Organic Search,Standard Support,11,7.3,1,7.9,1,2023-10-16,219.89
CUST12673,2024-05-11,Basic,9.99,Annual,East,Organic Search,Self-Service,7,1.1,0,4.6,0,,76.92
CUST12674,2023-02-12,Standard,19.99,Monthly,North,Social Media,Standard Support,22,10.9,0,8.9,0,,439.78
CUST12675,2021-02-28,Basic,9.99,Annual,South,Referral,Priority Support,46,10.4,0,8.2,0,,505.49
CUST12676,2024-12-28,Standard,19.99,Annual,North,Organic Search,Standard Support,1,9.2,0,6.6,0,,21.99
CUST12677,2022-11-03,Basic,9.99,Annual,East,Referral,Self-Service,26,8.4,1,7.2,0,,285.71
CUST12678,2021-04-13,Basic,9.99,Annual,Central,Organic Search,Self-Service,45,4.8,3,6.8,0,,494.51
CUST12679,2024-09-16,Premium,39.99,Annual,East,Organic Search,Self-Service,2,15.0,1,7.2,1,2024-11-15,87.98
CUST12680,2023-04-08,Standard,19.99,Monthly,East,Referral,Self-Service,21,17.7,1,6.4,0,,419.79
CUST12681,2023-10-02,Basic,9.99,Monthly,North,Social Media,Standard Support,15,0.0,1,9.2,0,,149.85
CUST12682,2022-11-16,Basic,9.99,Monthly,North,Email Campaign,Priority Support,25,10.0,0,5.9,0,,249.75
CUST12683,2024-05-16,Standard,19.99,Annual,West,Referral,Standard Support,7,8.8,0,5.6,0,,153.92
CUST12684,2021-05-01,Standard,19.99,Monthly,East,Social Media,Standard Support,44,4.9,0,8.8,0,,879.56
CUST12685,2021-05-28,Standard,19.99,Monthly,Central,Referral,Standard Support,43,11.4,1,8.2,0,,859.57
CUST12686,2024-07-12,Basic,9.99,Monthly,South,Organic Search,Self-Service,2,16.7,1,7.1,1,2024-09-10,19.98
CUST12687,2023-08-20,Premium,39.99,Annual,South,Referral,Standard Support,16,19.1,1,6.6,0,,703.82
CUST12688,2021-03-03,Standard,19.99,Monthly,West,Social Media,Self-Service,7,7.1,2,5.9,1,2021-09-29,139.93
CUST12689,2023-03-21,Basic,9.99,Monthly,South,Social Media,Self-Service,21,8.5,0,7.2,0,,209.79
CUST12690,2023-07-17,Basic,9.99,Annual,West,Email Campaign,Self-Service,17,3.0,1,5.9,0,,186.81
CUST12691,2024-09-21,Basic,9.99,Annual,West,Organic Search,Self-Service,3,2.2,0,8.0,0,,32.97
CUST12692,2022-01-23,Basic,9.99,Monthly,East,Referral,Self-Service,35,8.3,1,4.1,0,,349.65
CUST12693,2024-02-14,Standard,19.99,Monthly,West,Email Campaign,Self-Service,10,9.1,0,5.9,0,,199.9
CUST12694,2024-04-08,Basic,9.99,Monthly,North,Paid Ads,Self-Service,8,10.9,3,6.3,0,,79.92
CUST12695,2021-07-15,Basic,9.99,Monthly,Central,Paid Ads,Self-Service,42,4.3,0,3.7,0,,419.58
CUST12696,2023-02-23,Basic,9.99,Monthly,South,Organic Search,Self-Service,22,2.3,2,2.4,0,,219.78
CUST12697,2022-09-13,Basic,9.99,Annual,Central,Social Media,Self-Service,28,5.9,1,6.1,0,,307.69
CUST12698,2022-07-27,Basic,9.99,Annual,North,Referral,Standard Support,29,7.8,1,8.1,0,,318.68
CUST12699,2021-10-29,Basic,9.99,Monthly,West,Email Campaign,Standard Support,38,1.2,0,8.8,0,,379.62
CUST12700,2024-02-13,Premium,39.99,Monthly,West,Organic Search,Priority Support,10,24.0,0,9.1,0,,399.9
CUST12701,2021-07-28,Premium,39.99,Annual,East,Paid Ads,Standard Support,41,14.1,1,6.3,0,,1803.55
CUST12702,2022-12-09,Standard,19.99,Monthly,West,Social Media,Self-Service,25,1.8,0,4.8,0,,499.75
CUST12703,2024-04-11,Premium,39.99,Monthly,Central,Organic Search,Standard Support,8,15.5,0,5.6,0,,319.92
CUST12704,2022-05-29,Basic,9.99,Monthly,East,Paid Ads,Self-Service,1,1.6,1,8.5,1,2022-06-28,9.99
CUST12705,2021-11-12,Standard,19.99,Annual,North,Email Campaign,Standard Support,38,14.4,1,6.3,0,,835.58
CUST12706,2021-01-28,Basic,9.99,Monthly,East,Email Campaign,Priority Support,47,10.9,0,9.8,0,,469.53
CUST12707,2023-12-21,Basic,9.99,Monthly,South,Referral,Standard Support,9,16.2,0,10.0,1,2024-09-16,89.91
CUST12708,2021-03-26,Standard,19.99,Monthly,Central,Paid Ads,Priority Support,45,11.7,1,6.0,0,,899.55
CUST12709,2022-04-21,Basic,9.99,Annual,West,Organic Search,Self-Service,32,0.2,1,5.4,0,,351.65
CUST12710,2022-07-22,Premium,39.99,Monthly,North,Organic Search,Standard Support,29,21.6,0,5.8,0,,1159.71
CUST12711,2023-06-30,Standard,19.99,Annual,South,Paid Ads,Priority Support,18,12.6,1,10.0,0,,395.8
CUST12712,2023-09-02,Standard,19.99,Monthly,North,Paid Ads,Priority Support,16,15.9,1,9.2,0,,319.84
CUST12713,2023-12-12,Basic,9.99,Monthly,North,Social Media,Standard Support,12,5.3,0,9.5,0,,119.88
CUST12714,2024-03-25,Premium,39.99,Annual,North,Social Media,Standard Support,9,4.2,1,6.5,0,,395.9
CUST12715,2021-01-10,Basic,9.99,Annual,Central,Organic Search,Self-Service,4,5.4,1,5.8,1,2021-05-10,43.96
CUST12716,2021-03-23,Basic,9.99,Monthly,Central,Referral,Self-Service,45,0.0,3,7.7,0,,449.55
CUST12717,2022-06-21,Basic,9.99,Annual,South,Paid Ads,Standard Support,30,3.4,3,10.0,0,,329.67
CUST12718,2021-08-11,Standard,19.99,Monthly,West,Paid Ads,Self-Service,28,13.5,1,8.7,1,2023-11-29,559.72
CUST12719,2021-02-25,Standard,19.99,Monthly,South,Referral,Self-Service,46,12.5,0,5.5,0,,919.54
CUST12720,2021-06-22,Basic,9.99,Monthly,West,Email Campaign,Self-Service,42,4.2,1,9.3,0,,419.58
CUST12721,2022-11-22,Basic,9.99,Annual,Central,Paid Ads,Self-Service,25,-1.0,0,7.5,0,,274.73
CUST12722,2024-01-20,Standard,19.99,Monthly,West,Referral,Standard Support,11,6.9,0,5.6,0,,219.89
CUST12723,2022-08-11,Basic,9.99,Annual,West,Paid Ads,Standard Support,29,12.1,0,8.3,0,,318.68
CUST12724,2023-03-02,Basic,9.99,Monthly,East,Paid Ads,Priority Support,22,4.7,0,6.2,0,,219.78
CUST12725,2021-07-08,Standard,19.99,Annual,North,Organic Search,Priority Support,12,9.9,0,8.6,1,2022-07-03,263.87
CUST12726,2023-07-09,Basic,9.99,Monthly,East,Social Media,Self-Service,17,2.9,3,5.0,1,2024-11-30,169.83
CUST12727,2021-11-12,Premium,39.99,Annual,North,Email Campaign,Standard Support,38,21.1,1,7.5,0,,1671.58
CUST12728,2021-08-23,Premium,39.99,Monthly,Central,Organic Search,Standard Support,40,20.0,0,7.1,0,,1599.6
CUST12729,2021-12-31,Premium,39.99,Monthly,North,Paid Ads,Self-Service,32,20.1,4,5.7,1,2024-08-17,1279.68
CUST12730,2024-10-20,Premium,39.99,Monthly,West,Organic Search,Self-Service,2,15.0,1,8.3,0,,79.98
CUST12731,2024-08-25,Premium,39.99,Monthly,East,Paid Ads,Self-Service,3,17.6,2,5.4,1,2024-11-23,119.97
CUST12732,2021-04-17,Basic,9.99,Monthly,Central,Referral,Self-Service,45,7.9,3,7.2,0,,449.55
CUST12733,2021-06-02,Basic,9.99,Monthly,North,Referral,Standard Support,43,0.0,0,6.8,0,,429.57
CUST12734,2022-11-23,Basic,9.99,Monthly,East,Social Media,Self-Service,20,10.2,1,7.5,1,2024-07-15,199.8
CUST12735,2023-08-07,Premium,39.99,Monthly,North,Organic Search,Priority Support,17,16.5,3,8.0,0,,679.83
CUST12736,2022-08-11,Premium,39.99,Monthly,East,Organic Search,Self-Service,15,16.6,6,5.0,1,2023-11-04,599.85
CUST12737,2021-04-08,Standard,19.99,Monthly,North,Organic Search,Self-Service,45,12.9,1,6.4,0,,899.55
CUST12738,2022-11-02,Premium,39.99,Annual,Central,Paid Ads,Priority Support,26,19.7,0,6.3,0,,1143.71
CUST12739,2023-09-12,Basic,9.99,Monthly,West,Email Campaign,Self-Service,15,6.6,0,7.0,0,,149.85
CUST12740,2021-12-02,Standard,19.99,Annual,East,Email Campaign,Standard Support,37,16.8,1,6.8,0,,813.59
CUST12741,2021-10-10,Basic,9.99,Monthly,Central,Referral,Self-Service,39,4.4,2,6.1,0,,389.61
CUST12742,2022-11-25,Basic,9.99,Monthly,South,Social Media,Priority Support,10,3.7,0,5.9,1,2023-09-21,99.9
CUST12743,2021-07-03,Premium,39.99,Monthly,South,Organic Search,Self-Service,34,21.8,3,8.0,1,2024-04-18,1359.66
CUST12744,2021-12-14,Standard,19.99,Monthly,North,Paid Ads,Standard Support,35,5.6,2,7.9,1,2024-10-29,699.65
CUST12745,2023-11-25,Basic,9.99,Monthly,East,Paid Ads,Self-Service,13,12.1,1,5.5,0,,129.87
CUST12746,2024-01-18,Basic,9.99,Monthly,South,Paid Ads,Self-Service,3,6.0,0,5.2,1,2024-04-17,29.97
CUST12747,2023-05-04,Premium,39.99,Annual,North,Referral,Self-Service,20,18.9,1,9.3,0,,879.78
CUST12748,2022-10-21,Basic,9.99,Monthly,North,Social Media,Self-Service,6,9.3,3,6.5,1,2023-04-19,59.94
CUST12749,2024-07-30,Standard,19.99,Monthly,East,Paid Ads,Standard Support,5,3.6,1,10.0,0,,99.95
CUST12750,2022-07-07,Standard,19.99,Monthly,Central,Organic Search,Self-Service,30,11.2,1,5.1,0,,599.7
CUST12751,2024-07-10,Premium,39.99,Monthly,West,Referral,Self-Service,4,18.2,1,7.4,1,2024-11-07,159.96
CUST12752,2023-11-29,Basic,9.99,Monthly,West,Social Media,Self-Service,13,2.0,2,5.1,0,,129.87
CUST12753,2021-09-29,Premium,39.99,Annual,North,Organic Search,Self-Service,39,16.6,1,6.1,0,,1715.57
CUST12754,2024-11-26,Basic,9.99,Monthly,Central,Paid Ads,Priority Support,1,0.0,1,9.6,0,,9.99
CUST12755,2022-11-04,Basic,9.99,Monthly,West,Social Media,Standard Support,26,1.5,1,9.5,0,,259.74
CUST12756,2024-01-18,Basic,9.99,Monthly,South,Social Media,Self-Service,1,3.2,1,5.8,1,2024-02-17,9.99
CUST12757,2024-03-29,Standard,19.99,Monthly,North,Paid Ads,Self-Service,9,12.7,0,6.0,0,,179.91
CUST12758,2021-01-04,Standard,19.99,Monthly,Central,Referral,Self-Service,48,8.6,2,8.1,0,,959.52
CUST12759,2024-12-27,Basic,9.99,Monthly,Central,Social Media,Self-Service,1,12.9,1,5.8,0,,9.99
CUST12760,2022-11-05,Standard,19.99,Annual,South,Email Campaign,Standard Support,26,8.5,1,7.9,0,,571.71
CUST12761,2024-05-22,Premium,39.99,Monthly,South,Paid Ads,Self-Service,7,18.6,2,4.3,0,,279.93
CUST12762,2023-02-06,Premium,39.99,Monthly,West,Social Media,Self-Service,2,13.1,3,6.8,1,2023-04-07,79.98
CUST12763,2021-05-18,Standard,19.99,Annual,Central,Organic Search,Self-Service,44,14.6,3,6.7,0,,967.52
CUST12764,2023-09-18,Standard,19.99,Annual,West,Paid Ads,Self-Service,15,11.0,0,8.4,0,,329.83
CUST12765,2021-09-06,Basic,9.99,Monthly,East,Organic Search,Priority Support,40,14.4,0,7.7,0,,399.6
CUST12766,2023-12-15,Basic,9.99,Annual,West,Paid Ads,Self-Service,12,0.7,1,5.9,0,,131.87
CUST12767,2022-11-15,Basic,9.99,Monthly,North,Organic Search,Standard Support,18,5.6,3,6.6,1,2024-05-08,179.82
CUST12768,2023-02-09,Basic,9.99,Annual,North,Referral,Standard Support,21,3.5,2,7.2,1,2024-10-31,230.77
CUST12769,2022-06-29,Basic,9.99,Monthly,South,Organic Search,Priority Support,12,8.6,0,8.8,1,2023-06-24,119.88
CUST12770,2023-04-01,Basic,9.99,Annual,West,Social Media,Standard Support,21,8.8,1,4.3,0,,230.77
CUST12771,2022-06-02,Standard,19.99,Monthly,North,Organic Search,Self-Service,31,5.4,0,4.9,0,,619.69
CUST12772,2024-07-26,Standard,19.99,Monthly,South,Paid Ads,Self-Service,5,14.0,2,6.4,0,,99.95
CUST12773,2022-11-09,Standard,19.99,Monthly,East,Referral,Priority Support,26,11.6,3,10.0,0,,519.74
CUST12774,2023-07-09,Basic,9.99,Annual,South,Email Campaign,Standard Support,18,6.8,0,6.8,0,,197.8
CUST12775,2021-07-21,Basic,9.99,Monthly,North,Referral,Priority Support,41,3.7,0,7.8,0,,409.59
CUST12776,2022-05-31,Standard,19.99,Monthly,North,Organic Search,Standard Support,31,12.2,1,9.0,0,,619.69
CUST12777,2023-05-28,Premium,39.99,Monthly,West,Social Media,Standard Support,19,12.8,0,6.4,0,,759.81
CUST12778,2021-06-22,Premium,39.99,Monthly,East,Organic Search,Self-Service,42,19.6,0,5.9,0,,1679.58
CUST12779,2021-02-19,Standard,19.99,Monthly,West,Social Media,Self-Service,30,14.7,4,4.7,1,2023-08-08,599.7
CUST12780,2023-04-12,Basic,9.99,Monthly,North,Referral,Self-Service,8,6.0,0,7.3,1,2023-12-08,79.92
CUST12781,2022-09-01,Standard,19.99,Monthly,West,Referral,Standard Support,28,8.7,0,8.2,0,,559.72
CUST12782,2022-03-20,Basic,9.99,Monthly,Central,Paid Ads,Self-Service,18,1.1,0,7.4,1,2023-09-11,179.82
CUST12783,2022-04-13,Basic,9.99,Monthly,North,Paid Ads,Standard Support,33,0.0,2,6.0,0,,329.67
CUST12784,2021-06-22,Basic,9.99,Monthly,West,Organic Search,Self-Service,22,4.5,0,6.1,1,2023-04-13,219.78
CUST12785,2021-08-01,Basic,9.99,Monthly,East,Organic Search,Standard Support,41,4.2,1,7.3,0,,409.59
CUST12786,2023-08-04,Premium,39.99,Annual,Central,Social Media,Standard Support,17,14.3,0,6.7,0,,747.81
CUST12787,2024-09-04,Premium,39.99,Monthly,North,Referral,Self-Service,3,21.8,2,10.0,0,,119.97
CUST12788,2021-06-17,Basic,9.99,Annual,Central,Paid Ads,Self-Service,43,2.7,2,9.0,0,,472.53
CUST12789,2021-09-20,Basic,9.99,Monthly,North,Paid Ads,Standard Support,39,5.9,3,5.0,0,,389.61
CUST12790,2022-04-27,Premium,39.99,Monthly,Central,Paid Ads,Self-Service,32,14.0,2,6.2,0,,1279.68
CUST12791,2024-04-09,Premium,39.99,Annual,West,Referral,Standard Support,8,8.6,1,6.3,0,,351.91
CUST12792,2023-06-21,Standard,19.99,Monthly,West,Organic Search,Self-Service,11,9.2,3,5.7,1,2024-05-16,219.89
CUST12793,2022-11-13,Basic,9.99,Annual,West,Organic Search,Self-Service,25,5.6,1,6.0,0,,274.73
CUST12794,2022-02-25,Standard,19.99,Monthly,West,Paid Ads,Standard Support,33,13.1,1,5.4,1,2024-11-11,659.67
CUST12795,2021-06-12,Premium,39.99,Annual,North,Social Media,Self-Service,43,20.1,1,5.0,0,,1891.53
CUST12796,2024-05-08,Standard,19.99,Monthly,North,Social Media,Self-Service,2,8.6,1,4.9,1,2024-07-07,39.98
CUST12797,2021-05-09,Standard,19.99,Annual,West,Referral,Standard Support,44,4.7,1,9.9,0,,967.52
CUST12798,2021-06-27,Basic,9.99,Monthly,North,Paid Ads,Self-Service,4,5.2,1,7.7,1,2021-10-25,39.96
CUST12799,2022-01-03,Premium,39.99,Annual,East,Organic Search,Self-Service,36,17.0,2,6.6,0,,1583.6
CUST12800,2022-03-01,Basic,9.99,Monthly,North,Paid Ads,Self-Service,34,10.8,3,4.5,0,,339.66
CUST12801,2023-04-17,Basic,9.99,Monthly,Central,Referral,Priority Support,20,9.8,0,9.3,0,,199.8
CUST12802,2023-04-19,Premium,39.99,Monthly,East,Organic Search,Self-Service,20,22.7,1,6.1,0,,799.8
CUST12803,2024-02-05,Standard,19.99,Annual,Central,Organic Search,Self-Service,11,7.0,1,6.8,0,,241.88
CUST12804,2023-10-02,Basic,9.99,Monthly,North,Referral,Self-Service,15,12.1,1,4.9,0,,149.85
CUST12805,2021-09-11,Basic,9.99,Monthly,South,Referral,Self-Service,25,0.9,2,7.5,1,2023-10-01,249.75
CUST12806,2022-06-04,Basic,9.99,Monthly,East,Social Media,Self-Service,31,4.0,1,9.1,0,,309.69
CUST12807,2022-07-27,Basic,9.99,Monthly,Central,Organic Search,Self-Service,29,7.0,1,8.7,0,,289.71
CUST12808,2021-08-19,Premium,39.99,Monthly,Central,Paid Ads,Self-Service,37,15.2,3,6.6,1,2024-09-02,1479.63
CUST12809,2024-06-19,Basic,9.99,Annual,Central,Organic Search,Self-Service,5,7.7,0,6.8,1,2024-11-16,54.95
CUST12810,2021-07-21,Basic,9.99,Monthly,Central,Paid Ads,Self-Service,41,4.3,1,7.4,0,,409.59
CUST12811,2024-01-11,Standard,19.99,Monthly,West,Social Media,Standard Support,11,7.8,1,8.2,0,,219.89
CUST12812,2021-09-13,Basic,9.99,Annual,South,Organic Search,Standard Support,40,9.6,0,5.9,0,,439.56
CUST12813,2021-05-19,Premium,39.99,Annual,South,Social Media,Self-Service,44,15.3,0,7.7,0,,1935.52
CUST12814,2024-01-09,Basic,9.99,Monthly,North,Referral,Self-Service,11,11.9,4,8.5,0,,109.89
CUST12815,2024-01-10,Standard,19.99,Monthly,West,Email Campaign,Standard Support,10,8.6,0,7.3,1,2024-11-05,199.9
CUST12816,2022-01-04,Premium,39.99,Monthly,East,Referral,Self-Service,36,21.0,3,7.2,0,,1439.64
CUST12817,2024-09-23,Basic,9.99,Monthly,East,Organic Search,Standard Support,3,13.3,1,6.3,0,,29.97
CUST12818,2024-06-19,Standard,19.99,Monthly,East,Social Media,Self-Service,6,2.4,2,4.0,0,,119.94
CUST12819,2021-07-26,Basic,9.99,Monthly,West,Email Campaign,Self-Service,1,7.6,1,7.7,1,2021-08-25,9.99
CUST12820,2022-07-29,Basic,9.99,Annual,North,Paid Ads,Self-Service,29,6.5,0,9.5,0,,318.68
CUST12821,2023-06-07,Standard,19.99,Monthly,West,Social Media,Self-Service,4,20.2,3,4.9,1,2023-10-05,79.96
CUST12822,2023-04-06,Basic,9.99,Monthly,Central,Email Campaign,Priority Support,21,1.9,0,6.8,0,,209.79
CUST12823,2024-08-14,Standard,19.99,Monthly,East,Organic Search,Standard Support,4,10.6,0,4.4,0,,79.96
CUST12824,2023-04-16,Basic,9.99,Annual,West,Organic Search,Standard Support,20,8.3,2,6.7,0,,219.78
CUST12825,2023-01-05,Basic,9.99,Annual,West,Email Campaign,Self-Service,24,13.2,1,5.0,0,,263.74
CUST12826,2023-01-24,Basic,9.99,Annual,West,Referral,Standard Support,23,4.9,0,7.9,0,,252.75
CUST12827,2021-05-09,Premium,39.99,Monthly,East,Paid Ads,Self-Service,23,15.6,2,4.5,1,2023-03-30,919.77
CUST12828,2021-01-28,Premium,39.99,Annual,East,Organic Search,Self-Service,47,13.8,3,1.2,0,,2067.48
CUST12829,2024-01-03,Standard,19.99,Annual,East,Organic Search,Standard Support,12,5.9,1,6.9,0,,263.87
CUST12830,2021-01-22,Basic,9.99,Monthly,East,Organic Search,Self-Service,47,3.5,2,5.8,0,,469.53
CUST12831,2022-03-09,Basic,9.99,Monthly,East,Organic Search,Standard Support,34,9.6,0,8.0,0,,339.66
CUST12832,2023-08-29,Basic,9.99,Monthly,West,Social Media,Standard Support,10,1.5,0,6.6,1,2024-06-24,99.9
CUST12833,2022-03-24,Basic,9.99,Monthly,North,Organic Search,Self-Service,33,0.0,1,9.8,0,,329.67
CUST12834,2022-09-03,Basic,9.99,Annual,West,Social Media,Self-Service,28,8.7,1,8.1,0,,307.69
CUST12835,2023-09-01,Basic,9.99,Monthly,North,Organic Search,Standard Support,16,8.7,1,6.7,0,,159.84
CUST12836,2022-05-02,Basic,9.99,Annual,East,Paid Ads,Standard Support,32,0.0,1,9.7,0,,351.65
CUST12837,2021-09-11,Standard,19.99,Annual,West,Organic Search,Priority Support,40,13.9,0,9.0,0,,879.56
CUST12838,2023-09-12,Basic,9.99,Monthly,North,Organic Search,Standard Support,15,6.5,0,9.0,0,,149.85
CUST12839,2021-02-18,Standard,19.99,Monthly,West,Organic Search,Standard Support,47,4.5,1,9.4,0,,939.53
CUST12840,2022-12-21,Premium,39.99,Annual,West,Organic Search,Self-Service,24,10.0,1,7.3,0,,1055.74
CUST12841,2022-07-24,Premium,39.99,Monthly,North,Paid Ads,Priority Support,28,16.7,2,7.3,1,2024-11-10,1119.72
CUST12842,2021-02-24,Basic,9.99,Monthly,West,Paid Ads,Standard Support,46,2.0,0,9.8,0,,459.54
CUST12843,2023-11-30,Standard,19.99,Monthly,South,Paid Ads,Self-Service,7,12.5,2,7.8,1,2024-06-27,139.93
CUST12844,2021-04-10,Basic,9.99,Annual,North,Social Media,Self-Service,45,2.7,1,6.2,0,,494.51
CUST12845,2024-11-05,Basic,9.99,Monthly,West,Referral,Self-Service,1,6.9,1,6.5,1,2024-12-05,9.99
CUST12846,2022-07-11,Basic,9.99,Monthly,East,Email Campaign,Priority Support,8,10.9,0,7.5,1,2023-03-08,79.92
CUST12847,2023-12-18,Basic,9.99,Monthly,West,Paid Ads,Priority Support,12,4.0,1,7.0,0,,119.88
CUST12848,2022-11-28,Basic,9.99,Monthly,North,Organic Search,Self-Service,9,6.9,1,6.6,1,2023-08-25,89.91
CUST12849,2023-12-18,Standard,19.99,Monthly,East,Organic Search,Self-Service,12,18.7,1,8.2,0,,239.88
CUST12850,2023-05-02,Basic,9.99,Monthly,South,Paid Ads,Self-Service,4,4.7,2,8.7,1,2023-08-30,39.96
CUST12851,2023-04-15,Basic,9.99,Monthly,South,Social Media,Self-Service,20,6.6,1,6.2,0,,199.8
CUST12852,2021-04-10,Standard,19.99,Monthly,Central,Organic Search,Self-Service,10,1.8,1,5.5,1,2022-02-04,199.9
CUST12853,2021-09-15,Basic,9.99,Annual,North,Organic Search,Priority Support,40,8.8,0,8.2,0,,439.56
CUST12854,2021-05-31,Basic,9.99,Monthly,Central,Organic Search,Self-Service,43,5.6,0,7.4,0,,429.57
CUST12855,2021-02-02,Standard,19.99,Monthly,South,Referral,Standard Support,47,12.1,1,7.8,0,,939.53
CUST12856,2023-07-11,Basic,9.99,Monthly,South,Email Campaign,Priority Support,17,9.9,2,7.7,0,,169.83
CUST12857,2024-04-26,Premium,39.99,Monthly,West,Referral,Self-Service,2,15.5,0,6.1,1,2024-06-25,79.98
CUST12858,2022-02-13,Basic,9.99,Monthly,West,Paid Ads,Priority Support,9,2.1,0,8.2,1,2022-11-10,89.91
CUST12859,2024-12-09,Basic,9.99,Monthly,West,Paid Ads,Self-Service,1,5.4,3,8.4,0,,9.99
CUST12860,2022-01-21,Premium,39.99,Monthly,West,Referral,Self-Service,33,12.9,3,8.0,1,2024-10-07,1319.67
CUST12861,2022-11-18,Basic,9.99,Monthly,Central,Paid Ads,Standard Support,25,6.0,0,10.0,0,,249.75
CUST12862,2023-11-03,Standard,19.99,Monthly,East,Paid Ads,Self-Service,13,7.3,3,5.1,1,2024-11-27,259.87
CUST12863,2023-11-02,Basic,9.99,Annual,Central,Email Campaign,Standard Support,14,8.0,0,8.8,0,,153.85
CUST12864,2021-08-13,Standard,19.99,Monthly,Central,Social Media,Standard Support,41,10.7,0,7.8,0,,819.59
CUST12865,2022-07-09,Basic,9.99,Annual,West,Email Campaign,Standard Support,30,10.8,1,7.0,0,,329.67
CUST12866,2022-11-04,Standard,19.99,Monthly,East,Paid Ads,Priority Support,26,10.0,0,7.2,0,,519.74
CUST12867,2024-10-31,Premium,39.99,Monthly,West,Organic Search,Standard Support,2,18.7,1,7.6,1,2024-12-30,79.98
CUST12868,2024-08-25,Premium,39.99,Monthly,East,Organic Search,Self-Service,4,14.2,0,5.9,0,,159.96
CUST12869,2023-08-19,Standard,19.99,Monthly,West,Referral,Self-Service,16,13.8,4,4.1,1,2024-12-11,319.84
CUST12870,2022-06-20,Standard,19.99,Monthly,South,Paid Ads,Self-Service,30,10.0,1,7.8,0,,599.7
CUST12871,2023-10-15,Basic,9.99,Monthly,East,Paid Ads,Self-Service,3,7.5,1,6.1,1,2024-01-13,29.97
CUST12872,2021-01-07,Basic,9.99,Annual,South,Organic Search,Self-Service,48,8.6,3,5.7,0,,527.47
CUST12873,2022-08-12,Basic,9.99,Monthly,Central,Paid Ads,Standard Support,29,0.8,2,10.0,0,,289.71
CUST12874,2021-11-18,Standard,19.99,Annual,East,Organic Search,Self-Service,37,14.7,0,6.7,0,,813.59
CUST12875,2022-12-28,Standard,19.99,Monthly,South,Organic Search,Standard Support,24,11.0,0,8.6,0,,479.76
CUST12876,2023-02-10,Basic,9.99,Monthly,West,Social Media,Self-Service,23,1.4,1,4.4,0,,229.77
CUST12877,2021-06-17,Basic,9.99,Annual,South,Organic Search,Self-Service,43,7.7,4,8.5,0,,472.53
CUST12878,2021-05-04,Premium,39.99,Monthly,North,Email Campaign,Self-Service,21,15.3,1,4.2,1,2023-01-24,839.79
CUST12879,2023-01-02,Premium,39.99,Annual,East,Paid Ads,Self-Service,24,21.7,0,4.0,0,,1055.74
CUST12880,2022-09-04,Standard,19.99,Monthly,South,Social Media,Self-Service,7,11.4,2,5.1,1,2023-04-02,139.93
CUST12881,2022-07-09,Basic,9.99,Monthly,South,Paid Ads,Self-Service,11,0.0,1,7.8,1,2023-06-04,109.89
CUST12882,2022-07-27,Premium,39.99,Monthly,Central,Organic Search,Priority Support,29,12.9,0,9.0,0,,1159.71
CUST12883,2022-12-05,Standard,19.99,Monthly,East,Paid Ads,Standard Support,25,11.3,2,8.5,0,,499.75
CUST12884,2021-11-05,Basic,9.99,Monthly,South,Organic Search,Standard Support,34,11.0,0,9.3,1,2024-08-21,339.66
CUST12885,2024-04-24,Premium,39.99,Annual,North,Paid Ads,Self-Service,8,19.6,0,5.9,0,,351.91
CUST12886,2022-08-27,Standard,19.99,Monthly,East,Organic Search,Standard Support,28,7.7,1,8.8,0,,559.72
CUST12887,2023-05-11,Standard,19.99,Monthly,East,Paid Ads,Priority Support,8,8.0,0,8.9,1,2024-01-06,159.92
CUST12888,2022-01-18,Standard,19.99,Monthly,North,Social Media,Standard Support,35,12.0,3,9.6,0,,699.65
CUST12889,2024-02-01,Basic,9.99,Annual,North,Organic Search,Self-Service,11,0.5,2,6.5,0,,120.88
CUST12890,2023-09-09,Basic,9.99,Annual,WEST,Referral,Standard Support,15,4.0,1,7.3,0,,164.84
CUST12891,2023-04-05,Standard,19.99,Annual,West,Organic Search,Self-Service,21,5.5,2,4.9,0,,461.77
CUST12892,2024-07-06,Standard,19.99,Monthly,North,Organic Search,Self-Service,5,4.6,2,5.7,0,,99.95
CUST12893,2021-03-19,Basic,9.99,Monthly,Central,Organic Search,Priority Support,27,9.8,0,8.7,1,2023-06-07,269.73
CUST12894,2024-04-20,Standard,19.99,Monthly,West,Paid Ads,Self-Service,8,9.2,2,5.7,0,,159.92
CUST12895,2021-07-18,Basic,9.99,Monthly,South,Paid Ads,Standard Support,42,10.3,2,7.5,0,,419.58
CUST12896,2022-09-23,Basic,9.99,Annual,North,Referral,Standard Support,27,6.5,1,7.5,0,,296.7
CUST12897,2022-04-12,Basic,9.99,Monthly,South,Email Campaign,Standard Support,12,11.7,0,6.4,1,2023-04-07,119.88
CUST12898,2024-11-22,Basic,9.99,Monthly,North,Paid Ads,Self-Service,1,3.2,1,5.9,0,,9.99
CUST12899,2022-04-16,Standard,19.99,Monthly,North,Paid Ads,Standard Support,23,13.3,1,5.5,1,2024-03-06,459.77
CUST12900,2021-10-21,Premium,39.99,Annual,West,Social Media,Priority Support,38,11.1,0,7.7,0,,1671.58
CUST12901,2022-12-01,Standard,19.99,Monthly,North,Paid Ads,Self-Service,25,5.0,0,4.4,0,,499.75
CUST12902,2022-02-20,Basic,9.99,Monthly,East,Referral,Priority Support,31,3.1,0,7.8,1,2024-09-07,309.69
CUST12903,2024-12-01,Basic,9.99,Annual,East,Email Campaign,Standard Support,1,0.7,0,9.2,0,,10.99
CUST12904,2024-07-27,Basic,9.99,Monthly,Central,Organic Search,Standard Support,1,7.0,0,7.5,1,2024-08-26,9.99
CUST12905,2021-06-02,Premium,39.99,Monthly,East,Referral,Self-Service,43,16.4,1,5.0,0,,1719.57
CUST12906,2023-05-03,Standard,19.99,Monthly,South,Referral,Priority Support,20,9.2,0,9.2,0,,399.8
CUST12907,2022-09-16,Basic,9.99,Monthly,Central,Email Campaign,Standard Support,27,5.3,0,9.9,0,,269.73
CUST12908,2022-07-10,Basic,9.99,Monthly,North,Social Media,Standard Support,30,2.0,1,6.3,1,2024-12-26,299.7
CUST12909,2023-06-18,Basic,9.99,Annual,East,Organic Search,Standard Support,18,11.4,2,7.7,0,,197.8
CUST12910,2021-03-17,Basic,9.99,Monthly,South,Email Campaign,Priority Support,46,0.0,0,9.1,0,,459.54
CUST12911,2023-10-04,Standard,19.99,Monthly,East,Referral,Standard Support,12,6.4,1,7.9,1,2024-09-28,239.88
CUST12912,2024-03-23,Premium,39.99,Annual,West,Organic Search,Self-Service,5,15.1,1,4.9,1,2024-08-20,219.95
CUST12913,2023-12-08,Standard,19.99,Monthly,North,Organic Search,Standard Support,8,14.1,1,7.9,1,2024-08-04,159.92
CUST12914,2022-07-23,Standard,19.99,Monthly,North,Referral,Standard Support,29,2.9,0,7.9,0,,579.71
CUST12915,2021-01-23,Basic,9.99,Monthly,Central,Email Campaign,Priority Support,47,6.1,0,8.2,0,,469.53
CUST12916,2021-01-20,Premium,39.99,Monthly,South,Paid Ads,Self-Service,48,18.5,2,6.9,0,,1919.52
CUST12917,2022-10-29,Basic,9.99,Annual,East,Paid Ads,Standard Support,26,2.8,0,6.1,0,,285.71
CUST12918,2021-09-12,Basic,9.99,Annual,East,Organic Search,Standard Support,40,6.7,0,5.5,0,,439.56
CUST12919,2022-01-29,Basic,9.99,Annual,East,Organic Search,Standard Support,35,7.5,0,6.7,0,,384.62
CUST12920,2021-03-26,Standard,19.99,Annual,East,Social Media,Standard Support,45,9.4,0,6.8,0,,989.5
CUST12921,2021-10-06,Standard,19.99,Monthly,North,Paid Ads,Self-Service,39,19.9,2,6.4,0,,779.61
CUST12922,2021-02-21,Standard,19.99,Monthly,East,Paid Ads,Standard Support,46,16.3,0,5.2,0,,919.54
CUST12923,2021-12-14,Standard,19.99,Annual,East,Social Media,Self-Service,37,6.9,2,8.6,0,,813.59
CUST12924,2023-10-03,Premium,39.99,Monthly,East,Organic Search,Priority Support,15,14.6,0,7.1,0,,599.85
CUST12925,2021-04-23,Standard,19.99,Annual,South,Paid Ads,Self-Service,44,4.6,0,6.4,0,,967.52
CUST12926,2024-09-05,Basic,9.99,Monthly,Central,Referral,Standard Support,3,9.3,0,8.4,0,,29.97
CUST12927,2021-05-04,Premium,39.99,Monthly,Central,Email Campaign,Standard Support,44,13.5,2,8.3,0,,1759.56
CUST12928,2021-02-26,Standard,19.99,Monthly,North,Social Media,Standard Support,34,14.2,3,8.5,1,2023-12-13,679.66
CUST12929,2024-06-12,Standard,19.99,Monthly,East,Organic Search,Standard Support,6,3.3,0,7.4,0,,119.94
CUST12930,2024-08-01,Basic,9.99,Annual,Central,Email Campaign,Self-Service,5,8.2,0,9.4,0,,54.95
CUST12931,2023-11-28,Premium,39.99,Monthly,West,Referral,Standard Support,13,19.5,1,8.5,0,,519.87
CUST12932,2022-02-03,Basic,9.99,Annual,West,Referral,Standard Support,35,7.2,0,7.7,0,,384.62
CUST12933,2024-10-02,Basic,9.99,Monthly,East,Paid Ads,Self-Service,3,5.2,3,7.2,0,,29.97
CUST12934,2023-08-07,Premium,39.99,Monthly,East,Paid Ads,Self-Service,10,14.4,1,6.2,1,2024-06-02,399.9
CUST12935,2023-09-18,Basic,9.99,Monthly,South,Organic Search,Standard Support,15,5.5,2,5.3,0,,149.85
CUST12936,2022-07-28,Premium,39.99,Monthly,West,Organic Search,Self-Service,29,10.8,2,6.5,0,,1159.71
CUST12937,2023-08-04,Standard,19.99,Monthly,South,Social Media,Self-Service,17,8.4,2,8.1,0,,339.83
CUST12938,2021-07-02,Standard,19.99,Monthly,West,Social Media,Self-Service,42,15.1,1,8.3,0,,839.58
CUST12939,2024-03-08,Basic,9.99,Monthly,Central,Paid Ads,Self-Service,5,4.9,2,7.6,1,2024-08-05,49.95
CUST12940,2024-08-05,Premium,39.99,Monthly,East,Organic Search,Standard Support,4,10.1,0,7.1,0,,159.96
CUST12941,2022-09-09,Standard,19.99,Monthly,North,Referral,Self-Service,28,8.1,2,5.8,0,,559.72
CUST12942,2022-02-13,Basic,9.99,Monthly,Central,Organic Search,Standard Support,35,10.9,0,6.2,0,,349.65
CUST12943,2024-02-12,Standard,19.99,Annual,East,Organic Search,Self-Service,10,10.4,2,7.1,0,,219.89
CUST12944,2022-01-06,Basic,9.99,Monthly,East,Email Campaign,Self-Service,36,9.1,2,8.1,0,,359.64
CUST12945,2022-02-11,Premium,39.99,Monthly,West,Organic Search,Self-Service,35,14.7,0,7.4,0,,1399.65
CUST12946,2022-04-11,Standard,19.99,Monthly,North,Social Media,Standard Support,33,10.6,0,8.1,0,,659.67
CUST12947,2024-07-12,Basic,9.99,Monthly,Central,Email Campaign,Standard Support,5,12.5,0,9.1,0,,49.95
CUST12948,2024-03-24,Basic,9.99,Monthly,West,Email Campaign,Self-Service,9,12.1,1,5.2,0,,89.91
CUST12949,2022-11-12,Basic,9.99,Monthly,West,Paid Ads,Self-Service,26,4.1,1,5.4,0,,259.74
CUST12950,2022-04-16,Basic,9.99,Monthly,South,Paid Ads,Standard Support,33,6.0,0,5.9,0,,329.67
CUST12951,2021-08-31,Standard,19.99,Annual,South,Social Media,Self-Service,40,8.9,2,9.1,0,,879.56
CUST12952,2021-03-01,Basic,9.99,Annual,East,Organic Search,Priority Support,46,3.9,0,6.4,0,,505.49
CUST12953,2023-05-11,Standard,19.99,Monthly,West,Organic Search,Standard Support,20,5.4,0,7.7,0,,399.8
CUST12954,2023-08-14,Basic,9.99,Monthly,North,Referral,Standard Support,3,5.0,2,9.0,1,2023-11-12,29.97
CUST12955,2023-01-05,Standard,19.99,Monthly,Central,Paid Ads,Standard Support,24,10.2,1,8.9,0,,479.76
CUST12956,2021-01-19,Basic,9.99,Monthly,North,Referral,Priority Support,48,7.9,0,8.8,0,,479.52
CUST12957,2022-02-10,Basic,9.99,Monthly,Central,Referral,Standard Support,35,8.6,1,4.8,0,,349.65
CUST12958,2022-08-21,Standard,19.99,Monthly,Central,Paid Ads,Priority Support,28,12.8,1,8.0,0,,559.72
CUST12959,2021-01-21,Basic,9.99,Monthly,East,Organic Search,Self-Service,11,11.0,2,9.0,1,2021-12-17,109.89
CUST12960,2024-06-26,Standard,19.99,Monthly,Central,Referral,Self-Service,2,11.3,1,6.1,1,2024-08-25,39.98
CUST12961,2022-01-12,Standard,19.99,Monthly,North,Referral,Self-Service,19,8.0,2,6.6,1,2023-08-05,379.81
CUST12962,2022-05-30,Standard,19.99,Monthly,South,Organic Search,Self-Service,31,12.2,0,5.7,0,,619.69
CUST12963,2021-12-01,Standard,19.99,Annual,Central,Organic Search,Standard Support,37,4.2,2,10.0,0,,813.59
CUST12964,2022-05-29,Basic,9.99,Annual,East,Paid Ads,Self-Service,16,1.3,4,6.2,1,2023-09-21,175.82
CUST12965,2021-07-04,Basic,9.99,Monthly,North,Paid Ads,Priority Support,42,11.3,1,4.5,0,,419.58
CUST12966,2023-01-19,Premium,39.99,Monthly,South,Paid Ads,Self-Service,23,13.1,1,8.6,0,,919.77
CUST12967,2021-07-28,Basic,9.99,Annual,South,Organic Search,Self-Service,41,10.1,4,7.8,0,,450.55
CUST12968,2022-08-15,Basic,9.99,Annual,South,Social Media,Standard Support,28,4.1,1,7.3,0,,307.69
CUST12969,2024-07-09,Basic,9.99,Monthly,North,Paid Ads,Self-Service,2,3.1,2,5.3,1,2024-09-07,19.98
CUST12970,2022-03-11,Standard,19.99,Annual,Central,Social Media,Priority Support,34,9.4,1,6.6,0,,747.63
CUST12971,2021-01-27,Basic,9.99,Monthly,South,Organic Search,Self-Service,21,6.7,1,7.2,1,2022-10-19,209.79
CUST12972,2023-05-30,Basic,9.99,Monthly,West,Paid Ads,Priority Support,19,7.2,0,7.6,0,,189.81
CUST12973,2022-05-18,Basic,9.99,Monthly,North,Referral,Self-Service,31,12.3,3,6.7,0,,309.69
CUST12974,2022-09-23,Basic,9.99,Annual,South,Paid Ads,Self-Service,27,9.4,1,6.4,0,,296.7
CUST12975,2023-03-20,Standard,19.99,Monthly,Central,Paid Ads,Standard Support,21,14.7,0,6.5,0,,419.79
CUST12976,2023-03-29,Basic,9.99,Monthly,North,Paid Ads,Standard Support,21,9.8,2,8.5,0,,209.79
CUST12977,2021-01-26,Basic,9.99,Monthly,South,Social Media,Standard Support,47,5.4,1,5.6,0,,469.53
CUST12978,2024-04-30,Basic,9.99,Monthly,East,Organic Search,Self-Service,6,4.8,0,8.3,1,2024-10-27,59.94
CUST12979,2023-06-21,Basic,9.99,Annual,East,Email Campaign,Self-Service,18,5.0,0,7.1,0,,197.8
CUST12980,2024-12-08,Standard,19.99,Annual,West,Paid Ads,Standard Support,1,9.3,1,3.9,1,2024-12-31,21.99
CUST12981,2024-03-24,Basic,9.99,Annual,Central,Organic Search,Standard Support,9,10.4,0,7.1,0,,98.9
CUST12982,2023-08-27,Basic,9.99,Monthly,East,Social Media,Self-Service,9,2.8,1,6.0,1,2024-05-23,89.91
CUST12983,2023-09-18,Premium,39.99,Annual,South,Referral,Priority Support,8,16.7,1,6.5,1,2024-05-15,351.91
CUST12984,2024-10-28,Basic,9.99,Annual,East,Referral,Standard Support,1,3.9,2,8.3,1,2024-11-27,10.99
CUST12985,2021-07-26,Basic,9.99,Annual,West,Paid Ads,Self-Service,41,6.8,0,9.6,0,,450.55
CUST12986,2023-02-20,Basic,9.99,Annual,West,Referral,Standard Support,22,11.1,0,6.0,0,,241.76
CUST12987,2022-08-30,Standard,19.99,Annual,South,Email Campaign,Self-Service,28,13.9,1,7.3,0,,615.69
CUST12988,2024-08-08,Standard,19.99,Monthly,West,Email Campaign,Self-Service,4,13.6,3,5.1,1,2024-12-06,79.96
CUST12989,2022-09-01,Standard,19.99,Monthly,South,Email Campaign,Standard Support,28,12.4,0,6.1,0,,559.72
CUST12990,2022-07-27,Basic,9.99,Annual,East,Referral,Self-Service,4,5.2,2,7.5,1,2022-11-24,43.96
CUST12991,2022-06-14,Premium,39.99,Annual,East,Paid Ads,Self-Service,31,23.7,0,6.8,0,,1363.66
CUST12992,2021-06-25,Standard,19.99,Annual,East,Referral,Self-Service,42,4.7,1,4.9,0,,923.54
CUST12993,2021-12-21,Basic,9.99,Annual,East,Referral,Standard Support,36,5.2,0,3.9,0,,395.6
CUST12994,2024-03-21,Standard,19.99,Monthly,West,Paid Ads,Self-Service,6,9.1,0,4.9,1,2024-09-17,119.94
CUST12995,2024-01-08,Premium,39.99,Annual,North,Organic Search,Standard Support,11,14.6,1,7.6,0,,483.88
CUST12996,2022-01-23,Basic,9.99,Monthly,South,Referral,Standard Support,35,4.0,1,4.8,0,,349.65
CUST12997,2023-08-08,Basic,9.99,Monthly,South,Social Media,Self-Service,17,5.4,2,8.2,0,,169.83
CUST12998,2021-05-08,Standard,19.99,Monthly,Central,Referral,Standard Support,44,15.9,1,6.3,0,,879.56
CUST12999,2022-03-10,Basic,9.99,Monthly,West,Paid Ads,Self-Service,17,1.1,1,5.8,1,2023-08-02,169.83
CUST13000,2023-10-16,Basic,9.99,Annual,South,Social Media,Standard Support,14,0.0,1,7.1,0,,153.85
CUST13001,2024-07-08,Standard,19.99,Monthly,South,Paid Ads,Standard Support,5,3.2,1,8.2,1,2024-12-05,99.95
CUST13002,2023-07-13,Standard,19.99,Monthly,East,Referral,Self-Service,17,7.9,0,7.0,0,,339.83
CUST13003,2022-05-10,Premium,39.99,Annual,West,Referral,Self-Service,22,18.4,1,6.1,1,2024-02-29,967.76
CUST13004,2024-10-15,Basic,9.99,Monthly,South,Referral,Self-Service,2,13.0,0,7.8,0,,19.98
CUST13005,2021-08-12,Premium,39.99,Monthly,South,Organic Search,Self-Service,41,16.7,0,6.6,0,,1639.59
CUST13006,2021-10-07,Standard,19.99,Monthly,South,Referral,Standard Support,18,14.1,4,2.3,1,2023-03-31,359.82
CUST13007,2021-09-16,Standard,19.99,Monthly,South,Email Campaign,Priority Support,40,5.0,0,6.0,0,,799.6
CUST13008,2021-11-07,Basic,9.99,Monthly,East,Paid Ads,Standard Support,38,11.4,1,6.5,0,,379.62
CUST13009,2022-01-09,Basic,9.99,Monthly,North,Email Campaign,Priority Support,36,9.8,0,8.9,0,,359.64
CUST13010,2021-01-28,Standard,19.99,Annual,East,Social Media,Priority Support,47,12.9,0,5.6,0,,1033.48
CUST13011,2023-01-30,Premium,39.99,Monthly,North,Social Media,Standard Support,23,11.6,2,5.7,0,,919.77
CUST13012,2021-11-24,Premium,39.99,Annual,West,Social Media,Self-Service,37,24.5,2,3.9,0,,1627.59
CUST13013,2021-03-31,Basic,9.99,Monthly,South,Email Campaign,Self-Service,45,9.4,1,3.6,0,,449.55
CUST13014,2024-01-05,Standard,19.99,Monthly,South,Organic Search,Self-Service,12,7.8,0,4.7,0,,239.88
CUST13015,2021-07-20,Basic,9.99,Monthly,Central,Referral,Priority Support,26,2.0,2,5.8,1,2023-09-08,259.74
CUST13016,2024-11-23,Standard,19.99,Monthly,West,Paid Ads,Priority Support,1,7.2,0,9.4,0,,19.99
CUST13017,2024-09-27,Basic,9.99,Annual,Central,Paid Ads,Standard Support,3,6.7,2,9.4,0,,32.97
CUST13018,2021-09-03,Standard,19.99,Monthly,South,Paid Ads,Standard Support,40,6.3,0,7.6,0,,799.6
CUST13019,2022-10-05,Premium,39.99,Monthly,Central,Social Media,Self-Service,14,16.1,1,6.8,1,2023-11-29,559.86
CUST13020,2022-04-16,Premium,39.99,Monthly,Central,Organic Search,Self-Service,33,19.7,0,6.7,0,,1319.67
CUST13021,2023-10-06,Standard,19.99,Monthly,East,Email Campaign,Standard Support,15,11.8,1,9.6,0,,299.85
CUST13022,2024-10-18,Standard,19.99,Monthly,West,Social Media,Standard Support,2,11.3,1,8.4,0,,39.98
CUST13023,2021-10-13,Basic,9.99,Annual,North,Social Media,Self-Service,22,6.2,2,5.0,1,2023-08-04,241.76
CUST13024,2023-01-08,Standard,19.99,Annual,Central,Referral,Self-Service,24,10.4,1,5.8,0,,527.74
CUST13025,2024-12-10,Basic,9.99,Monthly,West,Organic Search,Standard Support,1,11.2,2,8.6,0,,9.99
CUST13026,2024-06-01,Basic,9.99,Monthly,East,Social Media,Priority Support,7,7.0,0,3.7,0,,69.93
CUST13027,2021-04-29,Basic,9.99,Monthly,East,Paid Ads,Self-Service,16,4.3,0,3.9,1,2022-08-22,159.84
CUST13028,2021-08-08,Basic,9.99,Monthly,West,Email Campaign,Self-Service,41,2.1,2,6.3,0,,409.59
CUST13029,2023-03-18,Standard,19.99,Monthly,Central,Organic Search,Standard Support,8,12.8,0,6.1,1,2023-11-13,159.92
CUST13030,2022-10-05,Standard,19.99,Annual,Central,Paid Ads,Self-Service,7,11.6,0,4.5,1,2023-05-03,153.92
CUST13031,2024-11-15,Premium,39.99,Annual,West,Referral,Standard Support,1,15.3,0,6.8,0,,43.99
CUST13032,2024-01-15,Basic,9.99,Annual,East,Organic Search,Self-Service,11,12.1,0,5.8,0,,120.88
CUST13033,2022-06-18,Basic,9.99,Monthly,Central,Paid Ads,Self-Service,1,6.1,1,4.3,1,2022-07-18,9.99
CUST13034,2023-09-01,Basic,9.99,Annual,North,Organic Search,Self-Service,16,10.7,1,5.7,0,,175.82
CUST13035,2022-08-03,Premium,39.99,Monthly,Central,Paid Ads,Standard Support,29,17.1,0,6.7,0,,1159.71
CUST13036,2021-10-23,Premium,39.99,Monthly,Central,Organic Search,Standard Support,38,14.3,1,8.7,0,,1519.62
CUST13037,2022-06-15,Standard,19.99,Monthly,West,Referral,Standard Support,31,10.1,0,9.0,0,,619.69
CUST13038,2022-10-18,Premium,39.99,Monthly,Central,Paid Ads,Priority Support,26,10.4,0,7.2,0,,1039.74
CUST13039,2023-10-10,Premium,39.99,Monthly,North,Organic Search,Standard Support,14,20.0,0,6.4,0,,559.86
CUST13040,2023-10-04,Basic,9.99,Monthly,South,Organic Search,Self-Service,15,0.0,3,6.8,0,,149.85
CUST13041,2021-01-19,Premium,39.99,Annual,West,Organic Search,Standard Support,48,18.2,1,5.7,0,,2111.47
CUST13042,2022-01-30,Basic,9.99,Monthly,North,Organic Search,Standard Support,35,0.0,0,6.0,0,,349.65
CUST13043,2022-08-30,Basic,9.99,Monthly,North,Social Media,Standard Support,28,4.6,1,7.2,0,,279.72
CUST13044,2024-12-19,Basic,9.99,Monthly,North,Organic Search,Self-Service,1,9.3,0,5.2,0,,9.99
CUST13045,2022-08-15,Standard,19.99,Monthly,South,Email Campaign,Priority Support,28,10.7,1,5.0,0,,559.72
CUST13046,2023-03-30,Premium,39.99,Monthly,North,Organic Search,Standard Support,21,14.9,2,6.5,0,,839.79
CUST13047,2023-11-06,Basic,9.99,Annual,South,Social Media,Self-Service,14,10.3,1,8.0,0,,153.85
CUST13048,2023-12-19,Basic,9.99,Monthly,West,Paid Ads,Self-Service,12,7.7,0,6.8,0,,119.88
CUST13049,2021-09-18,Standard,19.99,Monthly,North,Social Media,Self-Service,40,8.0,2,8.0,0,,799.6
CUST13050,2021-08-23,Basic,9.99,Monthly,South,Organic Search,Self-Service,15,0.3,0,6.6,1,2022-11-16,149.85
CUST13051,2024-04-28,Premium,39.99,Monthly,Central,Social Media,Self-Service,8,19.2,3,7.2,0,,319.92
CUST13052,2022-11-28,Basic,9.99,Monthly,West,Paid Ads,Standard Support,25,6.3,1,8.1,0,,249.75
CUST13053,2023-03-04,Basic,9.99,Monthly,South,Organic Search,Standard Support,22,0.1,1,5.9,0,,219.78
CUST13054,2024-05-03,Standard,19.99,Annual,Central,Paid Ads,Self-Service,1,4.8,2,7.0,1,2024-06-02,21.99
CUST13055,2023-11-16,Premium,39.99,Monthly,South,Paid Ads,Priority Support,13,19.7,1,10.0,0,,519.87
CUST13056,2024-01-28,Standard,19.99,Monthly,South,Paid Ads,Self-Service,11,16.8,1,4.0,0,,219.89
CUST13057,2021-12-20,Premium,39.99,Monthly,North,Social Media,Self-Service,33,14.2,2,9.9,1,2024-09-05,1319.67
CUST13058,2022-12-12,Premium,39.99,Monthly,Central,Organic Search,Priority Support,25,10.7,0,5.4,0,,999.75
CUST13059,2021-06-05,Basic,9.99,Monthly,Central,Referral,Standard Support,43,8.6,1,5.6,0,,429.57
CUST13060,2024-01-02,Basic,9.99,Monthly,South,Email Campaign,Priority Support,12,0.8,0,7.6,1,2024-12-27,119.88
CUST13061,2022-06-07,Basic,9.99,Annual,North,Referral,Standard Support,26,6.4,2,6.7,1,2024-07-26,285.71
CUST13062,2021-01-20,Basic,9.99,Annual,West,Paid Ads,Standard Support,41,0.5,1,6.3,1,2024-06-03,450.55
CUST13063,2022-01-12,Standard,19.99,Monthly,West,Organic Search,Self-Service,35,5.3,0,6.2,1,2024-11-27,699.65
CUST13064,2021-10-06,Basic,9.99,Monthly,South,Social Media,Standard Support,19,1.7,1,6.7,1,2023-04-29,189.81
CUST13065,2023-12-01,Premium,39.99,Monthly,West,Paid Ads,Self-Service,2,11.7,3,6.5,1,2024-01-30,79.98
CUST13066,2023-07-02,Basic,9.99,Monthly,Central,Email Campaign,Self-Service,18,3.4,0,5.7,0,,179.82
CUST13067,2022-10-19,Basic,9.99,Annual,South,Organic Search,Standard Support,26,5.1,0,8.7,0,,285.71
CUST13068,2021-03-18,Basic,9.99,Monthly,North,Paid Ads,Standard Support,46,6.4,3,10.0,0,,459.54
CUST13069,2023-11-29,Basic,9.99,Annual,Central,Organic Search,Self-Service,13,14.3,1,7.5,0,,142.86
CUST13070,2023-12-20,Basic,9.99,Monthly,North,Organic Search,Priority Support,12,9.0,0,8.8,0,,119.88
CUST13071,2022-06-10,Standard,19.99,Monthly,East,Social Media,Standard Support,15,11.2,1,8.2,1,2023-09-03,299.85
CUST13072,2024-07-09,Premium,39.99,Monthly,North,Paid Ads,Self-Service,3,24.0,2,6.9,1,2024-10-07,119.97
CUST13073,2024-04-15,Basic,9.99,Annual,North,Organic Search,Self-Service,8,4.5,1,3.4,0,,87.91
CUST13074,2022-01-07,Basic,9.99,Annual,East,Email Campaign,Priority Support,36,7.6,0,8.0,0,,395.6
CUST13075,2022-06-18,Standard,19.99,Monthly,North,Referral,Standard Support,14,11.6,2,5.2,1,2023-08-12,279.86
CUST13076,2023-10-17,Basic,9.99,Monthly,North,Social Media,Self-Service,5,7.7,0,9.6,1,2024-03-15,49.95
CUST13077,2022-04-14,Basic,9.99,Monthly,West,Social Media,Self-Service,33,10.6,0,4.4,0,,329.67
CUST13078,2023-03-17,Standard,19.99,Monthly,Central,Paid Ads,Self-Service,21,16.0,3,4.2,0,,419.79
CUST13079,2023-05-10,Standard,19.99,Monthly,West,Paid Ads,Self-Service,4,3.1,4,7.7,1,2023-09-07,79.96
CUST13080,2021-03-07,Basic,9.99,Annual,Central,Referral,Standard Support,46,9.8,3,5.8,0,,505.49
CUST13081,2024-03-25,Basic,9.99,Annual,Central,Social Media,Standard Support,9,6.9,1,9.0,0,,98.9
CUST13082,2024-07-31,Standard,19.99,Monthly,North,Organic Search,Self-Service,2,4.1,1,6.9,1,2024-09-29,39.98
CUST13083,2023-08-11,Standard,19.99,Annual,Central,Referral,Self-Service,10,10.3,2,4.8,1,2024-06-06,219.89
CUST13084,2021-11-28,Basic,9.99,Monthly,South,Referral,Self-Service,37,9.9,1,5.8,0,,369.63
CUST13085,2023-04-25,Standard,19.99,Annual,West,Referral,Standard Support,20,8.7,1,7.8,0,,439.78
CUST13086,2022-11-19,Basic,9.99,Monthly,North,Email Campaign,Self-Service,14,0.0,2,2.7,1,2024-01-13,139.86
CUST13087,2024-06-21,Basic,9.99,Monthly,North,Referral,Self-Service,6,2.0,1,7.4,0,,59.94
CUST13088,2024-08-28,Standard,19.99,Monthly,East,Organic Search,Self-Service,2,10.6,2,4.7,1,2024-10-27,39.98
CUST13089,2022-02-25,Premium,39.99,Monthly,South,Paid Ads,Standard Support,34,19.3,0,10.0,0,,1359.66
CUST13090,2022-11-26,Standard,19.99,Monthly,North,Email Campaign,Self-Service,25,5.6,1,10.0,0,,499.75
CUST13091,2024-12-09,Standard,19.99,Annual,East,Paid Ads,Self-Service,1,5.1,2,9.1,0,,21.99
CUST13092,2022-05-21,Standard,19.99,Annual,East,Organic Search,Priority Support,31,9.3,0,8.4,0,,681.66
CUST13093,2023-02-28,Basic,9.99,Monthly,East,Referral,Self-Service,17,2.9,3,4.2,1,2024-07-22,169.83
CUST13094,2022-12-02,Basic,9.99,Monthly,East,Referral,Priority Support,25,7.2,0,6.0,0,,249.75
CUST13095,2021-02-06,Standard,19.99,Annual,West,Social Media,Self-Service,47,3.3,3,6.0,0,,1033.48
CUST13096,2021-12-24,Premium,39.99,Monthly,North,Email Campaign,Self-Service,36,11.6,1,8.3,0,,1439.64
CUST13097,2023-01-21,Basic,9.99,Monthly,East,Paid Ads,Self-Service,23,5.7,2,5.2,0,,229.77
CUST13098,2021-01-04,Standard,19.99,Monthly,South,Email Campaign,Priority Support,48,7.8,0,5.9,0,,959.52
CUST13099,2022-07-12,Premium,39.99,Annual,Central,Social Media,Priority Support,28,15.6,2,8.4,1,2024-10-29,1231.69
CUST13100,2021-08-31,Basic,9.99,Monthly,Central,Social Media,Standard Support,18,8.5,1,8.9,1,2023-02-22,179.82
CUST13101,2024-11-10,Basic,9.99,Annual,West,Paid Ads,Standard Support,1,1.4,1,8.5,0,,10.99
CUST13102,2021-06-01,Basic,9.99,Annual,West,Referral,Standard Support,43,10.1,2,7.8,0,,472.53
CUST13103,2021-12-28,Basic,9.99,Monthly,Central,Paid Ads,Self-Service,18,0.0,2,7.9,1,2023-06-21,179.82
CUST13104,2024-04-15,Premium,39.99,Annual,West,Social Media,Standard Support,8,14.9,1,8.2,0,,351.91
CUST13105,2021-01-09,Standard,19.99,Monthly,East,Paid Ads,Standard Support,19,8.9,0,7.1,1,2022-08-02,379.81
CUST13106,2023-09-06,Standard,19.99,Monthly,North,Organic Search,Self-Service,6,9.7,2,7.5,1,2024-03-04,119.94
CUST13107,2024-02-26,Basic,9.99,Monthly,East,Referral,Self-Service,10,0.0,3,8.0,0,,99.9
CUST13108,2024-02-21,Standard,19.99,Monthly,Central,Social Media,Standard Support,2,5.6,1,6.0,1,2024-04-21,39.98
CUST13109,2023-04-21,Premium,39.99,Monthly,West,Organic Search,Standard Support,20,12.9,1,9.0,0,,799.8
CUST13110,2023-04-22,Basic,9.99,Annual,Central,Social Media,Priority Support,20,14.1,0,4.1,0,,219.78
CUST13111,2021-05-16,Premium,39.99,Monthly,North,Paid Ads,Self-Service,44,12.1,3,6.4,0,,1759.56
CUST13112,2021-01-08,Basic,9.99,Annual,East,Organic Search,Self-Service,10,12.0,3,5.8,1,2021-11-04,109.89
CUST13113,2023-10-30,Basic,9.99,Monthly,West,Organic Search,Self-Service,11,0.0,0,4.6,1,2024-09-24,109.89
CUST13114,2024-03-29,Premium,39.99,Annual,South,Referral,Standard Support,9,23.0,0,6.4,0,,395.9
CUST13115,2022-02-27,Standard,19.99,Monthly,North,Email Campaign,Standard Support,34,18.9,0,6.8,0,,679.66
CUST13116,2024-04-12,Premium,39.99,Monthly,East,Email Campaign,Self-Service,8,11.5,1,7.2,1,2024-12-08,319.92
CUST13117,2022-10-23,Standard,19.99,Annual,North,Organic Search,Priority Support,26,10.8,0,6.7,0,,571.71
CUST13118,2023-01-26,Standard,19.99,Monthly,South,Organic Search,Priority Support,23,4.7,0,10.0,0,,459.77
CUST13119,2023-09-15,Basic,9.99,Monthly,South,Social Media,Standard Support,13,10.1,1,4.9,1,2024-10-09,129.87
CUST13120,2022-04-17,Standard,19.99,Monthly,North,Email Campaign,Standard Support,32,9.1,0,9.0,0,,639.68
CUST13121,2024-08-27,Standard,19.99,Monthly,South,Paid Ads,Standard Support,4,6.3,1,6.0,1,2024-12-25,79.96
CUST13122,2024-08-19,Premium,39.99,Monthly,West,Social Media,Standard Support,4,-1.0,0,7.3,0,,159.96
CUST13123,2024-03-11,Basic,9.99,Monthly,South,Referral,Standard Support,9,5.7,0,6.9,0,,89.91
CUST13124,2022-06-29,Basic,9.99,Monthly,West,Social Media,Self-Service,30,0.0,0,6.2,0,,299.7
CUST13125,2021-12-02,Basic,9.99,Monthly,South,Paid Ads,Self-Service,37,11.2,2,7.9,0,,369.63
CUST13126,2021-05-17,Basic,9.99,Monthly,Central,Referral,Self-Service,39,13.2,2,9.3,1,2024-07-30,389.61
CUST13127,2022-05-09,Premium,39.99,Monthly,East,Social Media,Self-Service,9,7.8,2,9.9,1,2023-02-03,359.91
CUST13128,2022-01-11,Standard,19.99,Monthly,Central,Paid Ads,Priority Support,36,7.9,0,9.7,0,,719.64
CUST13129,2021-10-26,Standard,19.99,Monthly,South,Paid Ads,Self-Service,38,10.5,3,7.0,0,,759.62
CUST13130,2021-10-23,Standard,19.99,Monthly,West,Organic Search,Standard Support,38,12.1,1,6.4,0,,759.62
CUST13131,2022-01-22,Standard,19.99,Monthly,South,Email Campaign,Priority Support,35,14.9,0,4.9,0,,699.65
CUST13132,2022-08-16,Standard,19.99,Annual,East,Paid Ads,Standard Support,28,12.3,4,8.3,0,,615.69
CUST13133,2022-09-03,Premium,39.99,Annual,North,Email Campaign,Standard Support,28,16.8,0,10.0,0,,1231.69
CUST13134,2023-05-13,Basic,9.99,Monthly,South,Social Media,Standard Support,2,0.0,0,6.9,1,2023-07-12,19.98
CUST13135,2023-04-24,Standard,19.99,Annual,Central,Organic Search,Priority Support,20,7.5,0,9.5,0,,439.78
CUST13136,2023-12-09,Standard,19.99,Monthly,North,Social Media,Self-Service,12,15.6,1,8.0,0,,239.88
CUST13137,2024-01-24,Basic,9.99,Annual,West,Organic Search,Priority Support,11,4.3,0,6.5,0,,120.88
CUST13138,2021-07-27,Premium,39.99,Annual,East,Social Media,Standard Support,41,21.2,0,5.8,0,,1803.55
CUST13139,2024-03-27,Premium,39.99,Monthly,North,Email Campaign,Self-Service,9,-1.0,0,6.1,0,,359.91
CUST13140,2021-10-21,Basic,9.99,Monthly,West,Social Media,Priority Support,38,10.8,0,8.4,0,,379.62
CUST13141,2023-06-08,Basic,9.99,Annual,West,Social Media,Self-Service,19,4.8,0,6.2,0,,208.79
CUST13142,2022-06-25,Standard,19.99,Monthly,West,Organic Search,Standard Support,30,10.2,0,8.6,0,,599.7
CUST13143,2023-05-14,Standard,19.99,Annual,West,Referral,Standard Support,19,10.8,1,8.8,0,,417.79
CUST13144,2023-12-28,Standard,19.99,Monthly,South,Social Media,Self-Service,1,15.6,3,3.8,1,2024-01-27,19.99
CUST13145,2023-01-28,Basic,9.99,Monthly,Central,Social Media,Priority Support,17,2.2,0,6.5,1,2024-06-21,169.83
CUST13146,2021-10-26,Standard,19.99,Annual,South,Email Campaign,Self-Service,38,7.8,2,6.7,0,,835.58
CUST13147,2022-05-31,Basic,9.99,Annual,West,Paid Ads,Priority Support,31,3.2,0,6.7,0,,340.66
CUST13148,2024-06-19,Basic,9.99,Monthly,West,Referral,Self-Service,5,13.6,1,7.0,1,2024-11-16,49.95
CUST13149,2021-03-19,Standard,19.99,Monthly,South,Email Campaign,Self-Service,2,8.0,3,6.8,1,2021-05-18,39.98
CUST13150,2024-11-10,Premium,39.99,Monthly,North,Social Media,Standard Support,1,10.9,0,7.1,0,,39.99
CUST13151,2022-10-29,Basic,9.99,Monthly,West,Paid Ads,Standard Support,26,9.4,1,7.1,0,,259.74
CUST13152,2024-02-04,Basic,9.99,Monthly,North,Paid Ads,Self-Service,11,6.0,0,8.8,0,,109.89
CUST13153,2023-01-29,Premium,39.99,Annual,West,Email Campaign,Self-Service,23,16.3,3,5.4,0,,1011.75
CUST13154,2022-10-02,Basic,9.99,Monthly,North,Paid Ads,Self-Service,26,7.3,2,6.3,1,2024-11-20,259.74
CUST13155,2024-10-31,Standard,19.99,Monthly,East,Referral,Standard Support,2,12.8,1,7.6,1,2024-12-30,39.98
CUST13156,2021-04-17,Premium,39.99,Monthly,North,Organic Search,Self-Service,39,19.1,1,6.6,1,2024-06-30,1559.61
CUST13157,2022-04-12,Basic,9.99,Monthly,South,Referral,Self-Service,33,2.9,3,5.0,0,,329.67
CUST13158,2024-02-09,Basic,9.99,Monthly,East,Referral,Self-Service,4,0.0,1,6.4,1,2024-06-08,39.96
CUST13159,2024-08-16,Basic,9.99,Monthly,West,Social Media,Self-Service,4,6.4,2,6.8,0,,39.96
CUST13160,2023-09-11,Basic,9.99,Monthly,West,Social Media,Priority Support,15,12.3,1,6.2,0,,149.85
CUST13161,2024-10-01,Standard,19.99,Monthly,West,Email Campaign,Self-Service,3,12.0,0,4.5,0,,59.97
CUST13162,2021-01-06,Standard,19.99,Monthly,South,Paid Ads,Priority Support,48,8.7,1,5.6,0,,959.52
CUST13163,2023-07-09,Standard,19.99,Monthly,Central,Email Campaign,Self-Service,18,7.8,1,4.2,0,,359.82
CUST13164,2021-12-07,Basic,9.99,Annual,East,Organic Search,Self-Service,37,7.0,1,6.4,0,,406.59
CUST13165,2021-07-24,Premium,39.99,Annual,North,Organic Search,Self-Service,9,15.4,0,5.4,1,2022-04-20,395.9
CUST13166,2022-08-02,Standard,19.99,Annual,East,Referral,Self-Service,5,5.1,2,6.0,1,2022-12-30,109.94
CUST13167,2023-11-08,Basic,9.99,Monthly,West,Paid Ads,Standard Support,6,10.9,2,6.0,1,2024-05-06,59.94
CUST13168,2021-08-20,Standard,19.99,Annual,Central,Social Media,Standard Support,40,6.1,0,8.1,0,,879.56
CUST13169,2023-08-11,Basic,9.99,Monthly,East,Organic Search,Self-Service,16,3.7,2,4.9,0,,159.84
CUST13170,2021-08-14,Basic,9.99,Monthly,South,Email Campaign,Priority Support,41,11.4,0,5.4,0,,409.59
CUST13171,2024-04-21,Standard,19.99,Annual,North,Email Campaign,Priority Support,8,8.0,2,9.2,0,,175.91
CUST13172,2021-07-01,Standard,19.99,Monthly,West,Social Media,Standard Support,42,6.8,0,5.0,0,,839.58
CUST13173,2022-02-01,Premium,39.99,Annual,South,Organic Search,Self-Service,35,18.7,0,5.3,0,,1539.62
CUST13174,2024-10-09,Basic,9.99,Annual,West,Paid Ads,Standard Support,2,2.4,0,8.8,0,,21.98
CUST13175,2024-12-24,Basic,9.99,Monthly,West,Referral,Standard Support,1,9.0,2,7.7,0,,9.99
CUST13176,2023-01-04,Basic,9.99,Monthly,South,Organic Search,Self-Service,24,7.6,2,6.3,0,,239.76
CUST13177,2024-01-02,Basic,9.99,Annual,East,Referral,Standard Support,12,6.6,1,7.8,0,,131.87
CUST13178,2021-12-20,Basic,9.99,Annual,Central,Referral,Self-Service,36,7.7,2,5.8,0,,395.6
CUST13179,2021-10-15,Basic,9.99,Monthly,West,Paid Ads,Standard Support,39,0.0,1,8.5,0,,389.61
CUST13180,2022-07-26,Premium,39.99,Monthly,North,Social Media,Priority Support,29,12.3,1,10.0,0,,1159.71
CUST13181,2023-07-09,Basic,9.99,Monthly,South,Paid Ads,Priority Support,18,10.2,0,10.0,0,,179.82
CUST13182,2021-10-03,Premium,39.99,Annual,Central,Organic Search,Standard Support,39,13.4,1,7.3,0,,1715.57
CUST13183,2023-07-20,Basic,9.99,Monthly,North,Organic Search,Standard Support,17,1.8,0,7.1,0,,169.83
CUST13184,2021-03-29,Basic,9.99,Annual,North,Organic Search,Self-Service,45,5.3,3,6.9,0,,494.51
CUST13185,2022-06-04,Basic,9.99,Monthly,Central,Social Media,Self-Service,31,10.5,0,8.3,0,,309.69
CUST13186,2024-05-09,Basic,9.99,Monthly,West,Paid Ads,Self-Service,7,8.0,0,9.0,0,,69.93
CUST13187,2023-05-07,Basic,9.99,Monthly,East,Organic Search,Self-Service,20,4.6,1,8.5,0,,199.8
CUST13188,2023-01-09,Basic,9.99,Monthly,Central,Organic Search,Self-Service,2,0.8,3,6.0,1,2023-03-10,19.98
CUST13189,2023-09-10,Basic,9.99,Monthly,East,Organic Search,Standard Support,15,3.8,0,6.3,0,,149.85
CUST13190,2021-08-04,Standard,19.99,Monthly,South,Social Media,Priority Support,41,19.4,0,5.8,0,,819.59
CUST13191,2021-06-12,Basic,9.99,Monthly,Central,Paid Ads,Self-Service,43,4.8,0,9.7,0,,429.57
CUST13192,2022-01-11,Basic,9.99,Annual,North,Social Media,Priority Support,36,12.2,1,8.9,0,,395.6
CUST13193,2023-02-06,Standard,19.99,Monthly,South,Referral,Self-Service,23,14.3,1,7.2,0,,459.77
CUST13194,2024-05-08,Standard,19.99,Monthly,North,Social Media,Priority Support,7,6.3,0,9.8,0,,139.93
CUST13195,2023-01-24,Basic,9.99,Monthly,West,Social Media,Priority Support,23,5.4,1,6.8,0,,229.77
CUST13196,2022-04-27,Standard,19.99,Monthly,East,Email Campaign,Standard Support,32,7.9,0,8.3,0,,639.68
CUST13197,2022-09-08,Standard,19.99,Monthly,North,Social Media,Standard Support,28,10.5,1,5.4,0,,559.72
CUST13198,2024-09-05,Standard,19.99,Annual,South,Social Media,Self-Service,2,5.0,0,5.3,1,2024-11-04,43.98
CUST13199,2024-10-06,Basic,9.99,Monthly,North,Organic Search,Self-Service,2,3.8,2,8.7,0,,19.98
CUST13200,2023-10-18,Standard,19.99,Monthly,South,Social Media,Self-Service,14,10.0,2,3.2,0,,279.86
CUST13201,2024-03-01,Standard,19.99,Monthly,Central,Organic Search,Standard Support,10,7.4,0,6.9,0,,199.9
CUST13202,2023-07-21,Premium,39.99,Annual,Central,Paid Ads,Self-Service,17,21.7,0,5.2,0,,747.81
CUST13203,2024-09-06,Basic,9.99,Annual,West,Organic Search,Standard Support,3,11.3,1,6.7,0,,32.97
CUST13204,2024-10-05,Basic,9.99,Monthly,North,Organic Search,Self-Service,2,4.0,1,6.9,0,,19.98
CUST13205,2022-09-24,Basic,9.99,Monthly,North,Paid Ads,Standard Support,27,10.7,0,7.1,0,,269.73
CUST13206,2024-02-05,Premium,39.99,Monthly,East,Organic Search,Self-Service,11,15.4,2,5.3,0,,439.89
CUST13207,2022-10-01,Premium,39.99,Monthly,Central,Organic Search,Standard Support,27,15.8,2,8.7,0,,1079.73
CUST13208,2022-07-11,Standard,19.99,Annual,North,Social Media,Priority Support,30,8.4,0,5.4,0,,659.67
CUST13209,2023-08-15,Standard,19.99,Annual,North,Organic Search,Self-Service,16,12.8,0,9.3,0,,351.82
CUST13210,2022-04-25,Standard,19.99,Annual,South,Paid Ads,Priority Support,32,13.2,2,7.1,0,,703.65
CUST13211,2023-09-21,Premium,39.99,Annual,South,Email Campaign,Self-Service,15,17.4,1,7.4,0,,659.84
CUST13212,2024-05-13,Basic,9.99,Monthly,West,Referral,Self-Service,7,10.6,1,5.1,0,,69.93
CUST13213,2021-10-15,Premium,39.99,Monthly,North,Referral,Standard Support,39,21.5,1,9.5,0,,1559.61
CUST13214,2023-03-05,Premium,39.99,Monthly,East,Referral,Self-Service,22,21.3,1,6.1,0,,879.78
CUST13215,2022-07-22,Standard,19.99,Annual,North,Paid Ads,Priority Support,29,7.2,0,7.9,0,,637.68
CUST13216,2023-04-03,Standard,19.99,Monthly,West,Organic Search,Standard Support,21,13.4,0,4.6,0,,419.79
CUST13217,2022-12-15,Basic,9.99,Monthly,North,Organic Search,Standard Support,3,5.0,0,8.6,1,2023-03-15,29.97
CUST13218,2023-08-10,Basic,9.99,Annual,East,Paid Ads,Self-Service,16,2.7,0,6.4,0,,175.82
CUST13219,2021-05-30,Standard,19.99,Annual,South,Paid Ads,Self-Service,43,5.0,0,5.4,0,,945.53
CUST13220,2024-08-29,Premium,39.99,Monthly,Central,Paid Ads,Standard Support,4,15.0,1,8.6,0,,159.96
CUST13221,2022-05-30,Premium,39.99,Monthly,North,Organic Search,Standard Support,31,8.9,0,8.1,0,,1239.69
CUST13222,2023-02-02,Premium,39.99,Monthly,Central,Organic Search,Self-Service,18,16.4,1,5.7,1,2024-07-26,719.82
CUST13223,2023-04-28,Basic,9.99,Monthly,North,Social Media,Self-Service,20,5.5,0,8.6,0,,199.8
CUST13224,2022-11-06,Premium,39.99,Monthly,North,Referral,Priority Support,26,22.1,0,7.1,0,,1039.74
CUST13225,2023-03-18,Standard,19.99,Monthly,East,Paid Ads,Self-Service,14,11.2,1,5.7,1,2024-05-11,279.86
CUST13226,2023-04-07,Basic,9.99,Annual,North,Social Media,Self-Service,21,12.6,4,5.7,0,,230.77
CUST13227,2021-06-23,Standard,19.99,Monthly,South,Email Campaign,Self-Service,42,9.8,3,8.1,0,,839.58
CUST13228,2024-06-23,Premium,39.99,Annual,South,Email Campaign,Self-Service,6,16.0,3,7.7,0,,263.93
CUST13229,2024-11-16,Premium,39.99,Monthly,North,Social Media,Self-Service,1,14.8,1,6.1,0,,39.99
CUST13230,2022-03-21,Premium,39.99,Annual,West,Paid Ads,Priority Support,15,21.1,0,7.6,1,2023-06-14,659.84
CUST13231,2024-12-24,Premium,39.99,Monthly,North,Paid Ads,Standard Support,1,21.7,1,6.8,0,,39.99
CUST13232,2024-03-06,Standard,19.99,Monthly,North,Organic Search,Priority Support,10,13.4,0,6.9,0,,199.9
CUST13233,2023-02-09,Standard,19.99,Annual,West,Email Campaign,Standard Support,23,5.4,3,7.8,0,,505.75
CUST13234,2024-11-30,Basic,9.99,Monthly,East,Paid Ads,Standard Support,1,3.0,1,5.5,0,,9.99
CUST13235,2021-11-02,Basic,9.99,Monthly,Central,Organic Search,Standard Support,38,7.7,1,8.6,0,,379.62
CUST13236,2023-02-17,Premium,39.99,Annual,West,Social Media,Standard Support,22,13.2,3,8.7,0,,967.76
CUST13237,2022-04-12,Standard,19.99,Annual,West,Social Media,Self-Service,33,10.6,1,7.5,0,,725.64
CUST13238,2022-06-01,Basic,9.99,Annual,Central,Organic Search,Standard Support,31,7.9,1,7.4,0,,340.66
CUST13239,2023-08-04,Basic,9.99,Monthly,West,Referral,Priority Support,16,0.0,2,7.2,1,2024-11-26,159.84
CUST13240,2022-09-10,Basic,9.99,Monthly,West,Organic Search,Standard Support,28,5.4,0,7.9,0,,279.72
CUST13241,2024-03-29,Standard,19.99,Annual,North,Referral,Priority Support,9,16.2,0,7.3,0,,197.9
CUST13242,2023-03-17,Standard,19.99,Monthly,South,Organic Search,Self-Service,21,1.5,3,8.0,0,,419.79
CUST13243,2022-04-08,Standard,19.99,Monthly,West,Referral,Standard Support,33,8.6,2,6.4,0,,659.67
CUST13244,2021-12-28,Basic,9.99,Monthly,South,Paid Ads,Priority Support,36,7.6,0,8.3,0,,359.64
CUST13245,2021-10-22,Premium,39.99,Monthly,West,Organic Search,Standard Support,38,19.2,0,9.1,0,,1519.62
CUST13246,2024-01-19,Basic,9.99,Monthly,North,Social Media,Self-Service,6,1.4,2,7.4,1,2024-07-17,59.94
CUST13247,2024-10-27,Basic,9.99,Monthly,East,Organic Search,Standard Support,2,7.4,2,8.3,0,,19.98
CUST13248,2024-03-13,Basic,9.99,Monthly,North,Social Media,Standard Support,9,3.2,1,6.2,0,,89.91
CUST13249,2023-12-22,Basic,9.99,Monthly,North,Paid Ads,Priority Support,12,8.4,0,6.0,1,2024-12-16,119.88
CUST13250,2024-02-14,Premium,39.99,Monthly,West,Social Media,Standard Support,10,19.0,1,10.0,0,,399.9
CUST13251,2022-08-22,Premium,39.99,Annual,South,Paid Ads,Self-Service,3,18.7,1,10.0,1,2022-11-20,131.97
CUST13252,2023-03-17,Basic,9.99,Annual,South,Organic Search,Self-Service,21,5.9,2,6.0,0,,230.77
CUST13253,2021-09-23,Standard,19.99,Monthly,South,Social Media,Self-Service,5,8.5,3,6.6,1,2022-02-20,99.95
CUST13254,2021-10-20,Premium,39.99,Monthly,North,Social Media,Self-Service,38,10.9,2,6.5,0,,1519.62
CUST13255,2022-08-04,Standard,19.99,Monthly,South,Paid Ads,Priority Support,29,12.5,0,5.4,0,,579.71
CUST13256,2024-02-08,Standard,19.99,Monthly,North,Organic Search,Self-Service,1,16.1,1,6.8,1,2024-03-09,19.99
CUST13257,2022-08-13,Premium,39.99,Monthly,South,Organic Search,Standard Support,29,15.7,0,6.3,0,,1159.71
CUST13258,2021-03-25,Standard,19.99,Monthly,North,Referral,Self-Service,45,5.9,2,6.9,0,,899.55
CUST13259,2023-09-28,Basic,9.99,Monthly,Central,Organic Search,Self-Service,15,11.3,2,6.7,0,,149.85
CUST13260,2021-05-05,Premium,39.99,Annual,West,Social Media,Standard Support,44,23.1,1,6.7,0,,1935.52
CUST13261,2023-07-24,Premium,39.99,Monthly,South,Referral,Self-Service,17,19.1,1,7.1,0,,679.83
CUST13262,2024-02-18,Basic,9.99,Monthly,Central,Referral,Standard Support,2,7.8,1,9.7,1,2024-04-18,19.98
CUST13263,2024-03-01,Premium,39.99,Monthly,South,Referral,Self-Service,7,10.4,4,5.7,1,2024-09-27,279.93
CUST13264,2021-09-24,Premium,39.99,Monthly,West,Social Media,Self-Service,39,19.1,0,9.9,0,,1559.61
CUST13265,2024-03-14,Premium,39.99,Monthly,Central,Social Media,Standard Support,9,19.0,0,6.3,0,,359.91
CUST13266,2022-06-24,Basic,9.99,Monthly,West,Organic Search,Self-Service,24,6.0,3,4.4,1,2024-06-13,239.76
CUST13267,2023-04-17,Standard,19.99,Monthly,South,Organic Search,Self-Service,20,6.6,0,6.2,0,,399.8
CUST13268,2024-02-26,Premium,39.99,Annual,East,Social Media,Standard Support,10,16.4,1,7.9,0,,439.89
CUST13269,2022-04-05,Basic,9.99,Monthly,West,Paid Ads,Self-Service,33,8.0,0,7.8,0,,329.67
CUST13270,2024-05-12,Basic,9.99,Annual,West,Social Media,Self-Service,7,1.4,0,9.8,0,,76.92
CUST13271,2023-08-24,Basic,9.99,Monthly,North,Social Media,Standard Support,16,11.2,2,7.0,0,,159.84
CUST13272,2021-02-26,Premium,39.99,Monthly,East,Social Media,Standard Support,46,16.8,0,7.2,0,,1839.54
CUST13273,2023-02-23,Standard,19.99,Monthly,East,Paid Ads,Standard Support,22,7.3,0,8.0,0,,439.78
CUST13274,2023-03-03,Standard,19.99,Monthly,East,Referral,Priority Support,22,10.7,1,9.0,0,,439.78
CUST13275,2022-09-29,Basic,9.99,Monthly,West,Paid Ads,Self-Service,27,3.8,3,6.4,0,,269.73
CUST13276,2021-08-31,Basic,9.99,Annual,West,Referral,Standard Support,26,14.3,2,8.6,1,2023-10-20,285.71
CUST13277,2023-09-13,Premium,39.99,Monthly,East,Referral,Priority Support,7,12.2,1,5.8,1,2024-04-10,279.93
CUST13278,2022-06-11,Standard,19.99,Monthly,South,Social Media,Standard Support,18,8.8,2,8.0,1,2023-12-03,359.82
CUST13279,2022-07-17,Basic,9.99,Monthly,South,Referral,Standard Support,11,7.9,0,8.5,1,2023-06-12,109.89
CUST13280,2024-12-27,Standard,19.99,Annual,North,Organic Search,Priority Support,1,7.8,0,7.8,0,,21.99
CUST13281,2021-09-16,Basic,9.99,Monthly,North,Organic Search,Standard Support,40,10.7,0,5.1,0,,399.6
CUST13282,2024-03-18,Basic,9.99,Monthly,West,Organic Search,Self-Service,9,7.2,2,5.0,1,2024-12-13,89.91
CUST13283,2022-01-17,Standard,19.99,Monthly,North,Paid Ads,Standard Support,12,13.9,1,7.1,1,2023-01-12,239.88
CUST13284,2024-01-22,Basic,9.99,Annual,West,Organic Search,Priority Support,10,9.4,0,7.7,1,2024-11-17,109.89
CUST13285,2022-04-27,Standard,19.99,Monthly,South,Referral,Standard Support,31,1.5,2,8.6,1,2024-11-12,619.69
CUST13286,2022-12-25,Standard,19.99,Monthly,Central,Organic Search,Standard Support,24,10.7,1,6.7,0,,479.76
CUST13287,2023-01-12,Premium,39.99,Monthly,East,Referral,Self-Service,23,15.0,1,7.7,0,,919.77
CUST13288,2021-12-01,Basic,9.99,Monthly,West,Paid Ads,Standard Support,37,9.9,0,6.3,0,,369.63
CUST13289,2023-03-03,Standard,19.99,Annual,Central,Referral,Self-Service,22,12.7,3,9.7,0,,483.76
CUST13290,2024-01-06,Basic,9.99,Monthly,East,Social Media,Standard Support,12,2.7,0,6.2,0,,119.88
CUST13291,2021-02-03,Standard,19.99,Annual,East,Social Media,Self-Service,47,11.5,1,8.3,0,,1033.48
CUST13292,2022-03-28,Basic,9.99,Monthly,Central,Email Campaign,Priority Support,33,7.9,1,6.4,0,,329.67
CUST13293,2023-01-04,Premium,39.99,Monthly,North,Paid Ads,Self-Service,24,11.5,0,6.9,0,,959.76
CUST13294,2022-10-19,Standard,19.99,Monthly,South,Social Media,Self-Service,21,13.1,1,7.7,1,2024-07-10,419.79
CUST13295,2022-01-23,Standard,19.99,Monthly,Central,Paid Ads,Self-Service,35,16.4,0,4.0,0,,699.65
CUST13296,2022-10-21,Premium,39.99,Monthly,North,Organic Search,Standard Support,18,15.0,1,6.9,1,2024-04-13,719.82
CUST13297,2021-01-19,Premium,39.99,Annual,North,Referral,Priority Support,48,16.7,1,4.7,0,,2111.47
CUST13298,2022-03-17,Basic,9.99,Monthly,South,Paid Ads,Priority Support,34,10.1,0,8.2,0,,339.66
CUST13299,2022-04-06,Basic,9.99,Monthly,East,Paid Ads,Self-Service,33,3.7,1,8.1,0,,329.67
CUST13300,2022-06-29,Basic,9.99,Monthly,South,Social Media,Standard Support,30,8.2,1,8.3,0,,299.7
CUST13301,2023-11-18,Standard,19.99,Annual,West,Social Media,Self-Service,13,16.1,0,7.7,0,,285.86
CUST13302,2022-07-18,Premium,39.99,Annual,North,Referral,Priority Support,29,15.5,0,8.2,0,,1275.68
CUST13303,2024-11-26,Premium,39.99,Monthly,Central,Social Media,Standard Support,1,15.2,1,5.2,0,,39.99
CUST13304,2023-10-01,Basic,9.99,Monthly,North,Paid Ads,Priority Support,15,0.0,0,7.7,0,,149.85
CUST13305,2022-09-27,Standard,19.99,Monthly,West,Social Media,Standard Support,27,2.9,2,9.0,0,,539.73
CUST13306,2022-12-26,Premium,39.99,Monthly,West,Paid Ads,Standard Support,24,20.5,1,7.2,0,,959.76
CUST13307,2024-05-27,Premium,39.99,Monthly,West,Referral,Self-Service,7,16.8,1,8.2,0,,279.93
CUST13308,2022-06-12,Basic,9.99,Monthly,West,Email Campaign,Standard Support,31,12.5,1,6.8,0,,309.69
CUST13309,2021-11-06,Premium,39.99,Monthly,East,Organic Search,Self-Service,25,11.6,5,6.3,1,2023-11-26,999.75
CUST13310,2023-09-07,Basic,9.99,Monthly,East,Referral,Standard Support,1,11.4,3,7.2,1,2023-10-07,9.99
CUST13311,2024-02-02,Standard,19.99,Monthly,Central,Organic Search,Self-Service,11,3.0,1,8.3,0,,219.89
CUST13312,2024-10-31,Standard,19.99,Monthly,East,Paid Ads,Self-Service,2,15.7,1,5.8,1,2024-12-30,39.98
CUST13313,2021-06-07,Standard,19.99,Annual,Central,Organic Search,Priority Support,43,15.6,1,6.2,0,,945.53
CUST13314,2024-01-17,Standard,19.99,Annual,North,Paid Ads,Self-Service,11,8.0,1,10.0,1,2024-12-12,241.88
CUST13315,2023-02-21,Basic,9.99,Monthly,Central,Organic Search,Priority Support,22,7.7,0,7.4,0,,219.78
CUST13316,2024-05-01,Premium,39.99,Monthly,South,Organic Search,Self-Service,8,15.1,2,8.4,0,,319.92
CUST13317,2024-05-29,Premium,39.99,Monthly,North,Email Campaign,Standard Support,7,15.3,1,8.9,0,,279.93
CUST13318,2024-09-25,Basic,9.99,Monthly,West,Social Media,Self-Service,3,11.2,3,6.7,0,,29.97
CUST13319,2021-10-04,Premium,39.99,Annual,South,Paid Ads,Self-Service,39,24.2,1,7.5,0,,1715.57
CUST13320,2024-08-30,Basic,9.99,Annual,Central,Organic Search,Priority Support,4,8.3,0,5.7,0,,43.96
CUST13321,2024-07-05,Standard,19.99,Annual,South,Paid Ads,Self-Service,5,10.8,0,6.7,0,,109.94
CUST13322,2023-06-12,Standard,19.99,Monthly,South,Social Media,Standard Support,18,7.8,1,7.0,0,,359.82
CUST13323,2023-06-24,Basic,9.99,Monthly,South,Organic Search,Standard Support,18,7.3,1,4.6,0,,179.82
CUST13324,2023-05-06,Basic,9.99,Monthly,South,Organic Search,Standard Support,20,0.0,1,7.0,0,,199.8
CUST13325,2022-03-03,Basic,9.99,Monthly,North,Organic Search,Self-Service,34,8.1,3,6.3,0,,339.66
CUST13326,2022-07-23,Basic,9.99,Annual,Central,Paid Ads,Self-Service,29,2.0,1,7.1,0,,318.68
CUST13327,2022-12-02,Premium,39.99,Monthly,East,Email Campaign,Standard Support,25,13.8,0,6.5,0,,999.75
CUST13328,2021-03-10,Basic,9.99,Monthly,East,Organic Search,Self-Service,17,4.1,3,5.9,1,2022-08-02,169.83
CUST13329,2024-09-01,Premium,39.99,Monthly,East,Paid Ads,Standard Support,4,11.2,3,7.6,0,,159.96
CUST13330,2021-09-22,Standard,19.99,Monthly,West,Referral,Standard Support,39,18.3,0,7.4,0,,779.61
CUST13331,2021-02-10,Premium,39.99,Monthly,West,Referral,Self-Service,47,17.1,1,7.0,0,,1879.53
CUST13332,2022-09-06,Premium,39.99,Annual,West,Email Campaign,Self-Service,28,12.3,0,4.3,0,,1231.69
CUST13333,2022-05-10,Basic,9.99,Monthly,East,Paid Ads,Standard Support,32,3.8,3,5.8,0,,319.68
CUST13334,2022-10-27,Basic,9.99,Monthly,South,Referral,Self-Service,26,2.8,1,7.2,0,,259.74
CUST13335,2022-04-07,Standard,19.99,Annual,South,Paid Ads,Standard Support,33,10.5,0,7.9,1,2024-12-22,725.64
CUST13336,2021-01-08,Premium,39.99,Annual,South,Social Media,Self-Service,48,22.4,4,7.3,0,,2111.47
CUST13337,2022-12-27,Basic,9.99,Monthly,South,Organic Search,Priority Support,24,2.2,1,9.7,0,,239.76
CUST13338,2024-07-04,Standard,19.99,Monthly,East,Organic Search,Self-Service,6,11.7,0,8.1,0,,119.94
CUST13339,2024-02-04,Basic,9.99,Monthly,North,Social Media,Standard Support,11,1.2,1,10.0,0,,109.89
CUST13340,2023-03-09,Standard,19.99,Annual,West,Paid Ads,Standard Support,22,12.4,0,7.1,0,,483.76
CUST13341,2024-03-14,Premium,39.99,Monthly,East,Email Campaign,Standard Support,7,13.9,1,7.0,1,2024-10-10,279.93
CUST13342,2023-03-21,Basic,9.99,Annual,East,Paid Ads,Standard Support,21,11.8,1,7.9,0,,230.77
CUST13343,2022-10-15,Standard,19.99,Monthly,West,Referral,Priority Support,20,3.7,1,7.6,1,2024-06-06,399.8
CUST13344,2021-10-12,Standard,19.99,Annual,East,Organic Search,Self-Service,39,12.2,0,4.7,0,,857.57
CUST13345,2021-07-10,Standard,19.99,Annual,Central,Paid Ads,Priority Support,42,8.7,0,6.9,0,,923.54
CUST13346,2021-02-23,Basic,9.99,Monthly,South,Organic Search,Standard Support,46,0.8,2,7.3,0,,459.54
CUST13347,2021-02-25,Basic,9.99,Monthly,East,Email Campaign,Self-Service,37,8.9,3,5.3,1,2024-03-11,369.63
CUST13348,2022-06-07,Standard,19.99,Annual,East,Organic Search,Self-Service,31,2.9,2,6.5,0,,681.66
CUST13349,2022-01-01,Basic,9.99,Monthly,South,Social Media,Self-Service,12,5.6,3,7.8,1,2022-12-27,119.88
CUST13350,2024-07-01,Premium,39.99,Annual,North,Organic Search,Standard Support,6,13.6,1,7.7,0,,263.93
CUST13351,2024-11-23,Basic,9.99,Monthly,West,Paid Ads,Self-Service,1,7.0,4,6.1,1,2024-12-23,9.99
CUST13352,2021-12-24,Basic,9.99,Monthly,North,Email Campaign,Self-Service,36,7.2,0,7.1,0,,359.64
CUST13353,2022-02-12,Premium,39.99,Monthly,South,Social Media,Priority Support,35,15.7,0,5.6,0,,1399.65
CUST13354,2021-05-02,Basic,9.99,Annual,South,Referral,Self-Service,44,9.3,0,6.5,0,,483.52
CUST13355,2023-06-01,Basic,9.99,Monthly,Central,Paid Ads,Self-Service,19,9.4,1,2.7,0,,189.81
CUST13356,2023-04-04,Premium,39.99,Monthly,North,Email Campaign,Self-Service,20,17.4,0,4.9,1,2024-11-24,799.8
CUST13357,2021-09-13,Premium,39.99,Annual,West,Paid Ads,Standard Support,40,12.4,0,6.3,0,,1759.56
CUST13358,2022-10-27,Standard,19.99,Monthly,Central,Organic Search,Standard Support,26,14.5,0,7.0,0,,519.74
CUST13359,2024-04-19,Standard,19.99,Monthly,Central,Email Campaign,Priority Support,6,12.5,1,8.8,1,2024-10-16,119.94
CUST13360,2024-05-09,Standard,19.99,Monthly,East,Social Media,Self-Service,7,0.6,3,8.2,0,,139.93
CUST13361,2023-01-06,Basic,9.99,Annual,Central,Social Media,Standard Support,24,4.2,1,9.5,0,,263.74
CUST13362,2024-09-12,Premium,39.99,Monthly,West,Organic Search,Self-Service,2,16.6,1,5.2,1,2024-11-11,79.98
CUST13363,2023-08-31,Basic,9.99,Monthly,Central,Email Campaign,Standard Support,16,7.2,0,8.6,0,,159.84
CUST13364,2024-08-13,Standard,19.99,Monthly,West,Email Campaign,Standard Support,4,15.5,3,7.4,0,,79.96
CUST13365,2022-08-21,Standard,19.99,Monthly,South,Referral,Self-Service,15,11.1,3,7.8,1,2023-11-14,299.85
CUST13366,2023-09-06,Basic,9.99,Monthly,East,Organic Search,Standard Support,16,0.0,0,9.7,0,,159.84
CUST13367,2022-04-03,Basic,9.99,Monthly,South,Referral,Standard Support,33,6.6,1,7.3,0,,329.67
CUST13368,2021-03-31,Basic,9.99,Monthly,North,Email Campaign,Self-Service,45,3.5,0,5.8,0,,449.55
CUST13369,2024-07-29,Basic,9.99,Monthly,North,Organic Search,Standard Support,5,9.0,1,7.3,0,,49.95
CUST13370,2024-05-02,Standard,19.99,Monthly,Central,Paid Ads,Priority Support,8,7.8,0,8.6,0,,159.92
CUST13371,2024-06-08,Premium,39.99,Monthly,South,Referral,Priority Support,6,18.0,2,7.8,0,,239.94
CUST13372,2023-04-20,Standard,19.99,Monthly,South,Organic Search,Priority Support,20,6.4,2,7.7,0,,399.8
CUST13373,2021-04-07,Standard,19.99,Monthly,South,Social Media,Standard Support,45,8.7,0,8.6,0,,899.55
CUST13374,2024-07-20,Premium,39.99,Annual,East,Paid Ads,Standard Support,5,18.2,1,9.0,0,,219.95
CUST13375,2022-10-02,Basic,9.99,Monthly,North,Organic Search,Self-Service,27,8.3,1,6.2,0,,269.73
CUST13376,2023-09-04,Basic,9.99,Monthly,North,Paid Ads,Self-Service,3,13.3,1,5.4,1,2023-12-03,29.97
CUST13377,2021-05-24,Basic,9.99,Monthly,East,Email Campaign,Standard Support,43,8.5,2,5.8,0,,429.57
CUST13378,2024-03-15,Basic,9.99,Monthly,South,Referral,Self-Service,6,7.3,2,4.2,1,2024-09-11,59.94
CUST13379,2021-12-28,Standard,19.99,Annual,Central,Organic Search,Standard Support,36,8.5,2,7.4,0,,791.6
CUST13380,2021-08-13,Standard,19.99,Monthly,South,Organic Search,Standard Support,41,6.9,3,7.2,0,,819.59
CUST13381,2023-04-18,Standard,19.99,Monthly,East,Paid Ads,Priority Support,20,14.9,0,8.8,0,,399.8
CUST13382,2022-03-11,Standard,19.99,Monthly,Central,Social Media,Self-Service,34,9.8,1,4.8,0,,679.66
CUST13383,2023-08-31,Basic,9.99,Monthly,South,Organic Search,Self-Service,3,4.3,1,7.6,1,2023-11-29,29.97
CUST13384,2022-09-19,Premium,39.99,Annual,East,Social Media,Priority Support,27,15.4,2,8.5,0,,1187.7
CUST13385,2021-01-03,Standard,19.99,Monthly,Central,Organic Search,Standard Support,48,12.3,0,7.1,0,,959.52
CUST13386,2022-04-20,Basic,9.99,Monthly,East,Paid Ads,Standard Support,11,0.0,1,5.5,1,2023-03-16,109.89
CUST13387,2022-01-12,Basic,9.99,Monthly,North,Referral,Self-Service,36,1.0,1,6.3,0,,359.64
CUST13388,2023-02-07,Standard,19.99,Monthly,West,Paid Ads,Self-Service,23,9.8,1,7.4,0,,459.77
CUST13389,2021-03-26,Premium,39.99,Annual,West,Paid Ads,Standard Support,45,8.7,0,9.1,0,,1979.51
CUST13390,2022-06-06,Standard,19.99,Monthly,South,Social Media,Standard Support,21,5.2,1,6.7,1,2024-02-26,419.79
CUST13391,2022-09-19,Basic,9.99,Annual,West,Paid Ads,Standard Support,27,11.6,0,6.4,0,,296.7
CUST13392,2023-07-21,Basic,9.99,Annual,East,Social Media,Standard Support,17,3.4,1,8.6,0,,186.81
CUST13393,2024-11-01,Basic,9.99,Monthly,South,Paid Ads,Self-Service,2,6.7,0,6.4,1,2024-12-31,19.98
CUST13394,2021-01-18,Premium,39.99,Monthly,Central,Paid Ads,Self-Service,9,16.0,2,6.8,1,2021-10-15,359.91
CUST13395,2023-01-07,Standard,19.99,Annual,North,Referral,Self-Service,24,9.0,3,5.9,0,,527.74
CUST13396,2022-02-02,Standard,19.99,Annual,South,Organic Search,Standard Support,35,5.6,0,8.2,0,,769.62
CUST13397,2023-02-05,Premium,39.99,Monthly,Central,Social Media,Self-Service,23,10.1,3,7.7,0,,919.77
CUST13398,2024-11-15,Basic,9.99,Annual,Central,Email Campaign,Self-Service,1,11.1,0,5.5,0,,10.99
CUST13399,2021-02-20,Standard,19.99,Annual,East,Organic Search,Standard Support,47,6.6,1,5.0,0,,1033.48
CUST13400,2023-10-09,Basic,9.99,Annual,East,Organic Search,Self-Service,14,11.4,3,7.8,0,,153.85
CUST13401,2023-09-06,Basic,9.99,Monthly,East,Paid Ads,Self-Service,16,6.8,2,6.9,0,,159.84
CUST13402,2024-06-09,Standard,19.99,Monthly,East,Paid Ads,Standard Support,6,9.6,0,6.9,1,2024-12-06,119.94
CUST13403,2022-02-05,Premium,39.99,Monthly,Central,Referral,Priority Support,35,16.3,1,6.2,0,,1399.65
CUST13404,2024-04-23,Basic,9.99,Monthly,South,Social Media,Self-Service,8,0.8,2,6.9,0,,79.92
CUST13405,2023-07-13,Basic,9.99,Annual,East,Referral,Standard Support,17,9.3,0,8.5,0,,186.81
CUST13406,2024-12-18,Basic,9.99,Monthly,South,Paid Ads,Self-Service,1,13.3,3,5.2,1,2024-12-31,9.99
CUST13407,2024-04-11,Premium,39.99,Annual,Central,Referral,Standard Support,8,14.9,1,5.7,0,,351.91
CUST13408,2023-12-29,Basic,9.99,Monthly,South,Email Campaign,Priority Support,12,5.7,0,7.5,0,,119.88
CUST13409,2022-12-15,Basic,9.99,Monthly,South,Referral,Standard Support,24,0.2,0,7.7,0,,239.76
CUST13410,2021-03-06,Standard,19.99,Monthly,North,Paid Ads,Self-Service,46,6.5,1,5.0,0,,919.54
CUST13411,2022-03-02,Basic,9.99,Monthly,Central,Email Campaign,Self-Service,34,3.9,2,8.0,0,,339.66
CUST13412,2024-04-20,Standard,19.99,Monthly,East,Paid Ads,Self-Service,8,1.3,0,7.0,0,,159.92
CUST13413,2024-10-08,Standard,19.99,Monthly,West,Referral,Self-Service,2,10.3,3,5.7,1,2024-12-07,39.98
CUST13414,2023-09-01,Premium,39.99,Annual,North,Social Media,Priority Support,16,17.1,0,7.7,0,,703.82
CUST13415,2021-11-17,Basic,9.99,Monthly,West,Organic Search,Priority Support,15,8.5,0,5.9,1,2023-02-10,149.85
CUST13416,2021-02-10,Basic,9.99,Monthly,North,Social Media,Self-Service,47,12.6,5,7.2,0,,469.53
CUST13417,2024-10-15,Basic,9.99,Monthly,West,Social Media,Self-Service,2,6.6,0,3.5,0,,19.98
CUST13418,2024-09-11,Basic,9.99,Monthly,East,Referral,Self-Service,3,10.2,2,5.2,0,,29.97
CUST13419,2022-02-10,Basic,9.99,Annual,East,Referral,Standard Support,35,6.8,0,8.5,0,,384.62
CUST13420,2023-11-21,Premium,39.99,Annual,North,Referral,Standard Support,13,19.2,2,4.0,0,,571.86
CUST13421,2023-06-17,Standard,19.99,Monthly,East,Social Media,Priority Support,18,8.0,1,5.6,1,2024-12-08,359.82
CUST13422,2022-09-27,Basic,9.99,Monthly,North,Organic Search,Standard Support,27,7.1,0,9.3,0,,269.73
CUST13423,2021-10-18,Standard,19.99,Monthly,North,Paid Ads,Priority Support,39,12.3,0,6.1,0,,779.61
CUST13424,2021-07-15,Basic,9.99,Annual,South,Social Media,Self-Service,42,2.8,3,8.0,0,,461.54
CUST13425,2021-02-26,Basic,9.99,Monthly,West,Organic Search,Standard Support,10,9.4,1,6.2,1,2021-12-23,99.9
CUST13426,2022-03-13,Standard,19.99,Annual,South,Email Campaign,Self-Service,34,10.9,0,6.5,0,,747.63
CUST13427,2021-07-14,Basic,9.99,Monthly,North,Social Media,Standard Support,42,9.4,1,7.1,0,,419.58
CUST13428,2022-10-27,Basic,9.99,Annual,Central,Email Campaign,Priority Support,26,5.9,0,7.4,0,,285.71
CUST13429,2023-09-09,Standard,19.99,Monthly,East,Organic Search,Priority Support,15,10.0,0,5.8,0,,299.85
CUST13430,2024-08-20,Basic,9.99,Monthly,South,Referral,Standard Support,4,0.3,1,8.5,0,,39.96
CUST13431,2022-03-29,Premium,39.99,Monthly,Central,Organic Search,Standard Support,16,15.5,1,9.4,1,2023-07-22,639.84
CUST13432,2021-10-05,Basic,9.99,Monthly,North,Email Campaign,Priority Support,39,4.5,0,5.8,0,,389.61
CUST13433,2021-01-17,Standard,19.99,Annual,North,Referral,Standard Support,48,8.3,0,7.3,0,,1055.47
CUST13434,2023-07-17,Basic,9.99,Monthly,South,Referral,Self-Service,17,4.8,0,5.8,0,,169.83
CUST13435,2023-09-17,Standard,19.99,Monthly,West,Paid Ads,Self-Service,15,10.2,0,6.5,0,,299.85
CUST13436,2021-09-01,Standard,19.99,Monthly,East,Social Media,Self-Service,40,7.3,4,5.4,0,,799.6
CUST13437,2024-09-27,Basic,9.99,Monthly,Central,Organic Search,Self-Service,1,6.7,1,6.1,1,2024-10-27,9.99
CUST13438,2023-05-08,Basic,9.99,Monthly,North,Organic Search,Self-Service,7,6.5,2,6.9,1,2023-12-04,69.93
CUST13439,2024-04-23,Standard,19.99,Monthly,Central,Referral,Self-Service,8,14.1,1,7.6,0,,159.92
CUST13440,2021-10-31,Basic,9.99,Monthly,North,Referral,Self-Service,8,12.3,1,7.4,1,2022-06-28,79.92
CUST13441,2024-12-29,Premium,39.99,Monthly,West,Email Campaign,Self-Service,1,25.0,3,6.5,1,2024-12-31,39.99
CUST13442,2022-10-17,Basic,9.99,Monthly,West,Organic Search,Self-Service,26,6.7,0,5.0,0,,259.74
CUST13443,2022-03-17,Basic,9.99,Annual,North,Paid Ads,Standard Support,34,6.3,1,5.3,0,,373.63
CUST13444,2024-07-23,Standard,19.99,Monthly,North,Paid Ads,Priority Support,5,12.0,0,9.2,0,,99.95
CUST13445,2024-04-25,Standard,19.99,Monthly,East,Organic Search,Standard Support,8,3.4,1,7.0,0,,159.92
CUST13446,2023-02-21,Basic,9.99,Monthly,East,Paid Ads,Self-Service,22,0.8,0,6.2,0,,219.78
CUST13447,2023-01-17,Standard,19.99,Monthly,East,Paid Ads,Self-Service,23,18.1,2,9.6,0,,459.77
CUST13448,2023-11-26,Basic,9.99,Monthly,South,Organic Search,Standard Support,13,0.0,0,9.0,0,,129.87
CUST13449,2023-05-03,Premium,39.99,Monthly,South,Referral,Standard Support,20,18.2,0,6.3,0,,799.8
CUST13450,2021-04-01,Standard,19.99,Monthly,East,Paid Ads,Self-Service,45,11.2,1,5.0,0,,899.55
CUST13451,2021-09-11,Premium,39.99,Monthly,West,Social Media,Standard Support,40,17.5,1,9.5,0,,1599.6
CUST13452,2023-09-20,Basic,9.99,Annual,North,Organic Search,Self-Service,15,6.8,2,7.2,0,,164.84
CUST13453,2022-06-29,Standard,19.99,Monthly,South,Organic Search,Self-Service,10,6.9,2,7.9,1,2023-04-25,199.9
CUST13454,2023-10-30,Basic,9.99,Annual,South,Organic Search,Self-Service,2,9.3,1,6.0,1,2023-12-29,21.98
CUST13455,2024-12-28,Basic,9.99,Monthly,North,Organic Search,Standard Support,1,0.3,1,8.2,0,,9.99
CUST13456,2022-04-14,Premium,39.99,Monthly,Central,Organic Search,Self-Service,33,7.6,2,4.9,0,,1319.67
CUST13457,2024-03-14,Premium,39.99,Monthly,East,Paid Ads,Self-Service,9,19.2,0,9.1,0,,359.91
CUST13458,2024-10-09,Basic,9.99,Monthly,North,Paid Ads,Standard Support,2,4.4,0,9.1,0,,19.98
CUST13459,2022-01-18,Premium,39.99,Monthly,Central,Referral,Self-Service,35,2.6,1,8.4,0,,1399.65
CUST13460,2023-07-15,Premium,39.99,Monthly,East,Email Campaign,Self-Service,7,16.4,1,7.4,1,2024-02-10,279.93
CUST13461,2024-08-27,Basic,9.99,Annual,Central,Social Media,Priority Support,4,3.2,0,8.6,0,,43.96
CUST13462,2021-12-10,Standard,19.99,Annual,West,Referral,Self-Service,37,5.8,1,4.8,0,,813.59
CUST13463,2024-12-13,Basic,9.99,Annual,West,Paid Ads,Self-Service,1,8.6,0,6.2,0,,10.99
CUST13464,2023-05-19,Basic,9.99,Monthly,South,Organic Search,Self-Service,19,8.1,1,3.9,0,,189.81
CUST13465,2024-05-24,Standard,19.99,Monthly,East,Organic Search,Self-Service,6,10.0,1,5.3,1,2024-11-20,119.94
CUST13466,2021-09-11,Premium,39.99,Monthly,East,Paid Ads,Standard Support,38,13.1,2,7.1,1,2024-10-25,1519.62
CUST13467,2021-10-08,Premium,39.99,Monthly,Central,Paid Ads,Self-Service,39,14.8,3,7.3,0,,1559.61
CUST13468,2024-01-05,Premium,39.99,Monthly,North,Paid Ads,Priority Support,12,17.0,0,7.0,0,,479.88
CUST13469,2023-06-25,Standard,19.99,Annual,East,Organic Search,Standard Support,10,13.0,1,7.5,1,2024-04-20,219.89
CUST13470,2022-04-10,Standard,19.99,Annual,Central,Email Campaign,Standard Support,33,0.1,0,6.5,0,,725.64
CUST13471,2022-10-03,Standard,19.99,Monthly,North,Paid Ads,Self-Service,27,8.0,3,10.0,0,,539.73
CUST13472,2024-06-29,Standard,19.99,Annual,Central,Email Campaign,Self-Service,6,2.9,3,6.0,0,,131.93
CUST13473,2023-03-12,Standard,19.99,Annual,East,Email Campaign,Self-Service,22,13.5,2,6.9,0,,483.76
CUST13474,2023-09-19,Basic,9.99,Annual,North,Paid Ads,Standard Support,15,2.5,1,8.8,0,,164.84
CUST13475,2022-07-26,Basic,9.99,Monthly,West,Paid Ads,Priority Support,3,4.8,2,10.0,1,2022-10-24,29.97
CUST13476,2022-09-12,Basic,9.99,Monthly,South,Organic Search,Self-Service,11,2.4,2,4.8,1,2023-08-08,109.89
CUST13477,2022-02-19,Basic,9.99,Monthly,South,Organic Search,Self-Service,11,7.7,2,6.3,1,2023-01-15,109.89
CUST13478,2021-03-10,Standard,19.99,Monthly,South,Social Media,Priority Support,46,2.9,1,7.4,0,,919.54
CUST13479,2022-11-21,Standard,19.99,Monthly,North,Email Campaign,Standard Support,8,5.0,0,7.2,1,2023-07-19,159.92
CUST13480,2024-10-16,Basic,9.99,Monthly,South,Paid Ads,Standard Support,2,13.1,0,7.2,0,,19.98
CUST13481,2023-01-17,Basic,9.99,Monthly,East,Organic Search,Priority Support,8,8.7,3,7.5,1,2023-09-14,79.92
CUST13482,2024-03-24,Standard,19.99,Annual,South,Paid Ads,Standard Support,9,12.4,1,7.2,0,,197.9
CUST13483,2024-01-12,Standard,19.99,Annual,East,Referral,Standard Support,11,9.2,1,5.2,0,,241.88
CUST13484,2023-11-12,Standard,19.99,Annual,North,Organic Search,Self-Service,13,12.8,1,6.5,0,,285.86
CUST13485,2023-02-10,Basic,9.99,Annual,North,Email Campaign,Priority Support,23,6.7,0,8.4,0,,252.75
CUST13486,2021-08-29,Basic,9.99,Monthly,North,Referral,Self-Service,40,0.0,1,5.6,0,,399.6
CUST13487,2021-05-21,Standard,19.99,Monthly,Central,Organic Search,Standard Support,44,15.7,2,7.2,0,,879.56
CUST13488,2022-01-12,Basic,9.99,Monthly,West,Organic Search,Standard Support,36,1.1,0,5.9,0,,359.64
CUST13489,2022-12-23,Premium,39.99,Monthly,East,Paid Ads,Standard Support,24,7.8,0,6.6,0,,959.76
CUST13490,2021-09-03,Basic,9.99,Monthly,West,Organic Search,Self-Service,19,4.6,1,7.3,1,2023-03-27,189.81
CUST13491,2022-09-23,Standard,19.99,Monthly,West,Organic Search,Standard Support,27,9.8,1,5.7,0,,539.73
CUST13492,2021-06-24,Standard,19.99,Monthly,North,Paid Ads,Standard Support,42,9.3,0,5.9,0,,839.58
CUST13493,2021-02-09,Standard,19.99,Annual,West,Social Media,Standard Support,47,13.8,0,6.4,0,,1033.48
CUST13494,2021-06-07,Basic,9.99,Monthly,West,Paid Ads,Self-Service,43,15.0,3,7.3,0,,429.57
CUST13495,2024-02-09,Premium,39.99,Monthly,Central,Paid Ads,Self-Service,10,17.3,3,7.9,0,,399.9
CUST13496,2022-05-20,Basic,9.99,Monthly,East,Social Media,Self-Service,31,9.5,1,6.8,0,,309.69
CUST13497,2023-04-26,Basic,9.99,Annual,West,Paid Ads,Priority Support,20,11.4,1,8.1,0,,219.78
CUST13498,2022-07-19,Basic,9.99,Monthly,Central,Social Media,Self-Service,29,0.7,2,6.9,0,,289.71
CUST13499,2022-11-23,Premium,39.99,Monthly,North,Paid Ads,Self-Service,25,22.3,2,7.1,0,,999.75
CUST13500,2021-12-26,Basic,9.99,Monthly,Central,Referral,Standard Support,36,0.3,1,8.8,0,,359.64
CUST13501,2024-11-13,Basic,9.99,Monthly,Central,Paid Ads,Self-Service,1,1.9,0,5.6,0,,9.99
CUST13502,2024-04-02,Premium,39.99,Monthly,Central,Social Media,Standard Support,6,17.6,3,6.9,1,2024-09-29,239.94
CUST13503,2021-06-26,Standard,19.99,Monthly,Central,Organic Search,Self-Service,7,12.2,0,5.1,1,2022-01-22,139.93
CUST13504,2021-07-04,Standard,19.99,Annual,South,Organic Search,Self-Service,42,14.5,3,4.7,0,,923.54
CUST13505,2023-11-04,Premium,39.99,Annual,North,Organic Search,Self-Service,14,8.3,3,6.2,0,,615.85
CUST13506,2022-05-20,Standard,19.99,Monthly,North,Email Campaign,Self-Service,31,6.4,1,6.6,0,,619.69
CUST13507,2024-01-16,Basic,9.99,Monthly,North,Referral,Self-Service,3,6.1,2,7.8,1,2024-04-15,29.97
CUST13508,2022-08-27,Basic,9.99,Monthly,North,Paid Ads,Self-Service,28,4.1,1,6.8,0,,279.72
CUST13509,2022-10-17,Basic,9.99,Monthly,East,Organic Search,Standard Support,26,8.2,0,6.8,0,,259.74
CUST13510,2023-01-03,Basic,9.99,Monthly,West,Organic Search,Self-Service,24,4.1,0,2.7,0,,239.76
CUST13511,2021-03-28,Premium,39.99,Monthly,South,Organic Search,Standard Support,45,24.0,0,8.0,0,,1799.55
CUST13512,2023-10-10,Basic,9.99,Monthly,West,Organic Search,Standard Support,14,10.5,0,5.8,0,,139.86
CUST13513,2023-12-12,Standard,19.99,Annual,North,Organic Search,Self-Service,12,15.5,2,7.4,0,,263.87
CUST13514,2021-01-02,Standard,19.99,Monthly,North,Organic Search,Self-Service,48,12.4,0,5.4,0,,959.52
CUST13515,2023-09-03,Basic,9.99,Annual,East,Email Campaign,Priority Support,16,5.4,0,9.3,0,,175.82
CUST13516,2021-05-05,Basic,9.99,Monthly,Central,Email Campaign,Standard Support,44,8.7,1,10.0,0,,439.56
CUST13517,2024-04-22,Standard,19.99,Monthly,North,Organic Search,Self-Service,8,8.9,1,9.4,0,,159.92
CUST13518,2023-04-19,Basic,9.99,Monthly,South,Email Campaign,Standard Support,20,5.4,1,6.9,0,,199.8
CUST13519,2022-07-12,Basic,9.99,Monthly,Central,Social Media,Self-Service,7,7.7,4,7.2,1,2023-02-07,69.93
CUST13520,2024-04-23,Basic,9.99,Annual,Central,Social Media,Self-Service,4,1.7,2,7.3,1,2024-08-21,43.96
CUST13521,2022-05-31,Standard,19.99,Annual,Central,Paid Ads,Priority Support,31,8.7,0,7.5,0,,681.66
CUST13522,2023-02-28,Basic,9.99,Monthly,Central,Organic Search,Priority Support,22,9.6,0,7.4,0,,219.78
CUST13523,2023-04-07,Basic,9.99,Monthly,North,Social Media,Self-Service,18,11.9,2,4.6,1,2024-09-28,179.82
CUST13524,2022-09-19,Basic,9.99,Annual,East,Organic Search,Standard Support,27,0.1,0,6.4,0,,296.7
CUST13525,2021-04-24,Premium,39.99,Monthly,East,Email Campaign,Self-Service,44,13.9,2,8.3,0,,1759.56
CUST13526,2022-09-10,Basic,9.99,Annual,Central,Social Media,Self-Service,26,4.6,1,8.0,1,2024-10-29,285.71
CUST13527,2022-04-03,Basic,9.99,Monthly,North,Social Media,Standard Support,15,1.4,1,8.8,1,2023-06-27,149.85
CUST13528,2024-12-03,Standard,19.99,Annual,North,Organic Search,Standard Support,1,10.4,1,6.9,0,,21.99
CUST13529,2023-10-24,Basic,9.99,Monthly,North,Paid Ads,Priority Support,7,4.4,0,5.8,1,2024-05-21,69.93
CUST13530,2024-06-13,Basic,9.99,Monthly,West,Organic Search,Standard Support,6,3.6,1,6.3,0,,59.94
CUST13531,2024-09-03,Basic,9.99,Monthly,Central,Referral,Standard Support,3,1.9,0,8.8,1,2024-12-02,29.97
CUST13532,2021-11-22,Basic,9.99,Annual,West,Organic Search,Standard Support,37,10.7,0,6.0,0,,406.59
CUST13533,2022-12-12,Premium,39.99,Monthly,North,Paid Ads,Self-Service,21,7.6,1,7.3,1,2024-09-02,839.79
CUST13534,2024-11-01,Standard,19.99,Monthly,South,Organic Search,Self-Service,1,0.0,0,6.8,1,2024-12-01,19.99
CUST13535,2023-11-13,Premium,39.99,Monthly,North,Referral,Self-Service,13,16.4,1,8.8,0,,519.87
CUST13536,2021-03-12,Standard,19.99,Annual,North,Paid Ads,Standard Support,46,5.7,0,10.0,0,,1011.49
CUST13537,2024-10-06,Standard,19.99,Monthly,North,Paid Ads,Standard Support,2,14.7,0,6.5,0,,39.98
CUST13538,2021-12-27,Basic,9.99,Monthly,Central,Paid Ads,Self-Service,36,10.5,1,8.3,0,,359.64
CUST13539,2021-11-20,Basic,9.99,Annual,West,Paid Ads,Self-Service,13,4.9,2,6.3,1,2022-12-15,142.86
CUST13540,2024-08-17,Standard,19.99,Monthly,West,Social Media,Self-Service,4,13.8,1,6.3,0,,79.96
CUST13541,2021-10-05,Basic,9.99,Monthly,South,Email Campaign,Priority Support,9,7.0,1,7.8,1,2022-07-02,89.91
CUST13542,2024-01-18,Standard,19.99,Monthly,South,Social Media,Self-Service,11,5.6,0,7.7,0,,219.89
CUST13543,2023-10-24,Basic,9.99,Annual,West,Paid Ads,Standard Support,2,7.2,0,5.5,1,2023-12-23,21.98
CUST13544,2023-05-30,Basic,9.99,Monthly,Central,Paid Ads,Self-Service,19,9.5,2,5.3,0,,189.81
CUST13545,2023-06-05,Basic,9.99,Monthly,North,Referral,Self-Service,5,1.8,4,8.3,1,2023-11-02,49.95
CUST13546,2022-07-16,Premium,39.99,Monthly,West,Paid Ads,Self-Service,29,14.4,0,5.2,0,,1159.71
CUST13547,2022-10-01,Standard,19.99,Monthly,East,Paid Ads,Standard Support,27,9.2,1,8.2,1,2024-12-19,539.73
CUST13548,2024-08-30,Premium,39.99,Annual,West,Organic Search,Self-Service,4,13.2,2,5.8,0,,175.96
CUST13549,2021-04-19,Standard,19.99,Annual,North,Organic Search,Standard Support,45,14.4,1,6.9,0,,989.5
CUST13550,2022-11-17,Basic,9.99,Annual,North,Organic Search,Standard Support,25,4.2,1,9.1,0,,274.73
CUST13551,2022-08-24,Basic,9.99,Annual,North,Referral,Self-Service,28,7.1,4,5.0,0,,307.69
CUST13552,2024-07-03,Basic,9.99,Monthly,South,Paid Ads,Priority Support,6,1.3,0,8.6,0,,59.94
CUST13553,2023-08-07,Standard,19.99,Monthly,East,Referral,Standard Support,17,7.0,1,5.8,0,,339.83
CUST13554,2024-05-24,Premium,39.99,Annual,Central,Social Media,Self-Service,7,20.8,0,5.4,0,,307.92
CUST13555,2021-09-04,Basic,9.99,Annual,North,Organic Search,Standard Support,40,5.7,0,7.6,0,,439.56
CUST13556,2021-06-16,Basic,9.99,Annual,West,Organic Search,Self-Service,43,4.5,1,5.5,0,,472.53
CUST13557,2022-07-21,Standard,19.99,Monthly,East,Social Media,Self-Service,29,11.1,1,5.3,0,,579.71
CUST13558,2022-12-20,Premium,39.99,Monthly,South,Paid Ads,Priority Support,11,20.9,0,9.6,1,2023-11-15,439.89
CUST13559,2022-12-30,Basic,9.99,Monthly,South,Referral,Self-Service,24,4.0,3,3.7,0,,239.76
CUST13560,2022-11-02,Basic,9.99,Annual,North,Paid Ads,Self-Service,26,1.6,0,7.3,0,,285.71
CUST13561,2021-12-08,Basic,9.99,Annual,West,Referral,Standard Support,18,6.0,2,7.7,1,2023-06-01,197.8
CUST13562,2022-06-30,Basic,9.99,Annual,South,Paid Ads,Standard Support,30,5.0,0,7.7,0,,329.67
CUST13563,2023-09-26,Basic,9.99,Monthly,West,Social Media,Self-Service,15,7.2,1,6.5,0,,149.85
CUST13564,2021-04-27,Premium,39.99,Annual,North,Referral,Standard Support,44,5.4,0,9.1,0,,1935.52
CUST13565,2021-11-26,Basic,9.99,Monthly,North,Paid Ads,Self-Service,37,6.3,2,6.8,0,,369.63
CUST13566,2024-10-16,Basic,9.99,Annual,East,Paid Ads,Self-Service,2,13.1,1,9.3,0,,21.98
CUST13567,2022-03-18,Basic,9.99,Monthly,East,Social Media,Standard Support,33,13.1,1,6.9,0,,329.67
CUST13568,2023-08-06,Standard,19.99,Monthly,North,Paid Ads,Standard Support,17,18.2,0,8.1,0,,339.83
CUST13569,2021-03-30,Standard,19.99,Annual,South,Organic Search,Standard Support,45,4.3,1,7.5,0,,989.5
CUST13570,2024-11-20,Basic,9.99,Monthly,East,Organic Search,Self-Service,1,10.2,2,5.3,1,2024-12-20,9.99
CUST13571,2023-08-17,Basic,9.99,Monthly,North,Paid Ads,Priority Support,16,4.5,0,5.3,0,,159.84
CUST13572,2023-11-09,Basic,9.99,Annual,North,Referral,Standard Support,13,3.9,2,6.6,0,,142.86
CUST13573,2023-11-17,Basic,9.99,Monthly,North,Email Campaign,Self-Service,13,3.5,0,7.1,0,,129.87
CUST13574,2024-07-08,Standard,19.99,Monthly,Central,Organic Search,Standard Support,1,7.8,2,8.0,1,2024-08-07,19.99
CUST13575,2023-07-19,Premium,39.99,Annual,West,Email Campaign,Standard Support,17,17.6,1,8.3,0,,747.81
CUST13576,2021-03-23,Basic,9.99,Annual,West,Paid Ads,Standard Support,45,4.8,2,8.5,0,,494.51
CUST13577,2022-06-22,Standard,19.99,Monthly,North,Paid Ads,Standard Support,30,9.7,1,8.4,0,,599.7
CUST13578,2022-07-28,Basic,9.99,Annual,South,Organic Search,Self-Service,26,3.8,1,6.9,1,2024-09-15,285.71
CUST13579,2021-03-25,Premium,39.99,Monthly,South,Referral,Self-Service,45,20.3,1,8.8,0,,1799.55
CUST13580,2022-10-15,Basic,9.99,Monthly,East,Referral,Self-Service,26,8.2,1,6.9,0,,259.74
CUST13581,2021-03-13,Standard,19.99,Monthly,South,Organic Search,Priority Support,46,16.8,0,6.8,0,,919.54
CUST13582,2024-01-25,Standard,19.99,Monthly,West,Organic Search,Standard Support,3,9.8,0,10.0,1,2024-04-24,59.97
CUST13583,2022-11-13,Basic,9.99,Annual,Central,Referral,Self-Service,25,5.8,1,9.5,0,,274.73
CUST13584,2024-09-03,Basic,9.99,Annual,North,Organic Search,Standard Support,3,6.7,1,7.0,0,,32.97
CUST13585,2023-06-25,Basic,9.99,Annual,South,Organic Search,Self-Service,18,1.7,0,6.4,0,,197.8
CUST13586,2024-07-23,Standard,19.99,Monthly,Central,Organic Search,Priority Support,5,11.0,0,8.1,0,,99.95
CUST13587,2023-05-28,Basic,9.99,Monthly,South,Email Campaign,Self-Service,19,7.6,2,5.2,0,,189.81
CUST13588,2023-09-03,Standard,19.99,Monthly,South,Paid Ads,Standard Support,16,7.3,1,5.5,0,,319.84
CUST13589,2024-11-08,Premium,39.99,Monthly,East,Paid Ads,Priority Support,1,13.0,0,10.0,0,,39.99
CUST13590,2021-10-29,Basic,9.99,Monthly,South,Social Media,Self-Service,38,5.8,1,6.7,0,,379.62
CUST13591,2021-07-04,Basic,9.99,Monthly,Central,Referral,Priority Support,42,3.7,1,6.0,0,,419.58
CUST13592,2022-08-22,Basic,9.99,Monthly,North,Paid Ads,Priority Support,28,6.2,1,7.6,0,,279.72
CUST13593,2022-10-17,Basic,9.99,Monthly,North,Paid Ads,Standard Support,26,10.6,1,9.3,0,,259.74
CUST13594,2021-08-02,Basic,9.99,Monthly,West,Paid Ads,Self-Service,39,0.0,1,5.5,1,2024-10-15,389.61
CUST13595,2022-09-18,Standard,19.99,Monthly,Central,Paid Ads,Standard Support,7,3.6,1,6.7,1,2023-04-16,139.93
CUST13596,2024-03-29,Premium,39.99,Monthly,North,Social Media,Self-Service,9,12.5,1,6.3,0,,359.91
CUST13597,2021-11-10,Standard,19.99,Annual,South,Paid Ads,Self-Service,38,12.5,1,7.5,0,,835.58
CUST13598,2024-08-03,Premium,39.99,Annual,North,Email Campaign,Self-Service,1,21.7,1,4.1,1,2024-09-02,43.99
CUST13599,2022-05-08,Basic,9.99,Monthly,North,Paid Ads,Priority Support,32,5.3,0,7.9,0,,319.68
CUST13600,2023-07-30,Basic,9.99,Annual,West,Paid Ads,Self-Service,17,10.3,7,7.5,0,,186.81
CUST13601,2021-12-13,Basic,9.99,Monthly,East,Organic Search,Self-Service,37,5.8,2,5.0,0,,369.63
CUST13602,2021-09-15,Premium,39.99,Monthly,West,Social Media,Standard Support,40,20.7,1,8.8,0,,1599.6
CUST13603,2022-12-11,Standard,19.99,Annual,East,Organic Search,Self-Service,25,20.3,4,8.5,0,,549.73
CUST13604,2022-08-01,Basic,9.99,Monthly,Central,Organic Search,Standard Support,29,6.5,2,7.8,0,,289.71
CUST13605,2021-02-27,Standard,19.99,Monthly,North,Social Media,Standard Support,46,11.9,1,6.3,0,,919.54
CUST13606,2024-04-22,Basic,9.99,Monthly,West,Paid Ads,Priority Support,8,16.2,0,7.3,0,,79.92
CUST13607,2022-02-14,Basic,9.99,Monthly,Central,Paid Ads,Standard Support,35,12.6,2,7.5,0,,349.65
CUST13608,2024-11-12,Basic,9.99,Monthly,East,Organic Search,Priority Support,1,6.6,0,4.7,0,,9.99
CUST13609,2021-11-02,Standard,19.99,Monthly,West,Organic Search,Self-Service,38,12.6,4,6.9,0,,759.62
CUST13610,2022-02-24,Standard,19.99,Monthly,North,Referral,Priority Support,34,1.1,0,8.5,0,,679.66
CUST13611,2024-11-30,Basic,9.99,Monthly,South,Social Media,Self-Service,1,8.7,2,6.2,1,2024-12-30,9.99
CUST13612,2022-02-12,Standard,19.99,Monthly,West,Referral,Priority Support,35,8.1,0,6.5,0,,699.65
CUST13613,2023-12-15,Basic,9.99,Monthly,East,Organic Search,Self-Service,10,2.9,2,7.7,1,2024-10-10,99.9
CUST13614,2024-11-21,Basic,9.99,Monthly,North,Email Campaign,Self-Service,1,8.0,1,3.9,0,,9.99
CUST13615,2024-02-05,Basic,9.99,Monthly,East,Referral,Standard Support,11,8.8,2,10.0,0,,109.89
CUST13616,2023-08-23,Standard,19.99,Monthly,West,Organic Search,Self-Service,4,10.8,4,6.0,1,2023-12-21,79.96
CUST13617,2024-12-30,Basic,9.99,Annual,East,Social Media,Self-Service,1,4.3,2,4.6,0,,10.99
CUST13618,2021-08-09,Premium,39.99,Monthly,West,Paid Ads,Standard Support,41,15.3,0,6.8,0,,1639.59
CUST13619,2024-01-26,Basic,9.99,Monthly,South,Referral,Self-Service,11,6.4,3,7.6,0,,109.89
CUST13620,2024-09-16,Standard,19.99,Monthly,South,Organic Search,Self-Service,2,12.2,1,6.3,1,2024-11-15,39.98
CUST13621,2021-03-21,Basic,9.99,Monthly,Central,Organic Search,Self-Service,46,10.7,4,3.4,0,,459.54
CUST13622,2021-05-14,Standard,19.99,Monthly,East,Email Campaign,Standard Support,44,3.2,2,8.9,0,,879.56
CUST13623,2024-08-24,Basic,9.99,Annual,South,Email Campaign,Priority Support,4,9.7,0,6.6,0,,43.96
CUST13624,2022-07-08,Standard,19.99,Annual,North,Organic Search,Standard Support,3,2.3,0,10.0,1,2022-10-06,65.97
CUST13625,2023-09-13,Basic,9.99,Annual,East,Email Campaign,Standard Support,2,0.0,1,7.1,1,2023-11-12,21.98
CUST13626,2021-11-07,Standard,19.99,Monthly,Central,Email Campaign,Self-Service,38,5.9,2,8.5,0,,759.62
CUST13627,2023-11-26,Standard,19.99,Monthly,East,Social Media,Self-Service,6,7.5,1,6.1,1,2024-05-24,119.94
CUST13628,2022-07-04,Basic,9.99,Monthly,South,Social Media,Standard Support,23,0.0,3,5.7,1,2024-05-24,229.77
CUST13629,2024-09-10,Standard,19.99,Annual,Central,Organic Search,Standard Support,3,15.8,2,2.7,0,,65.97
CUST13630,2023-05-18,Basic,9.99,Monthly,West,Organic Search,Self-Service,19,5.2,0,7.8,0,,189.81
CUST13631,2022-06-26,Premium,39.99,Annual,West,Paid Ads,Standard Support,30,21.2,1,6.2,0,,1319.67
CUST13632,2024-03-20,Standard,19.99,Monthly,East,Paid Ads,Self-Service,7,9.6,0,4.2,1,2024-10-16,139.93
CUST13633,2022-08-15,Premium,39.99,Monthly,North,Email Campaign,Self-Service,16,14.4,2,4.5,1,2023-12-08,639.84
CUST13634,2023-02-03,Standard,19.99,Annual,West,Referral,Self-Service,23,7.2,3,7.8,0,,505.75
CUST13635,2022-07-17,Basic,9.99,Monthly,West,Social Media,Self-Service,29,4.2,2,6.9,0,,289.71
CUST13636,2022-12-14,Basic,9.99,Monthly,West,Organic Search,Standard Support,18,11.0,2,8.3,1,2024-06-06,179.82
CUST13637,2023-06-19,Premium,39.99,Monthly,South,Social Media,Self-Service,15,13.4,2,6.6,1,2024-09-11,599.85
CUST13638,2021-03-19,Standard,19.99,Monthly,North,Organic Search,Standard Support,46,10.7,0,9.0,0,,919.54
CUST13639,2023-12-31,Basic,9.99,Monthly,North,Organic Search,Self-Service,12,14.2,0,5.2,0,,119.88
CUST13640,2021-12-13,Basic,9.99,Monthly,West,Referral,Standard Support,37,5.9,0,7.6,0,,369.63
CUST13641,2024-07-16,Basic,9.99,Monthly,West,Paid Ads,Self-Service,1,5.3,3,5.2,1,2024-08-15,9.99
CUST13642,2021-07-28,Basic,9.99,Monthly,East,Referral,Priority Support,41,2.8,0,9.4,0,,409.59
CUST13643,2021-01-06,Premium,39.99,Monthly,West,Paid Ads,Priority Support,48,12.9,0,8.2,0,,1919.52
CUST13644,2021-12-20,Standard,19.99,Annual,North,Social Media,Priority Support,36,10.5,0,6.8,0,,791.6
CUST13645,2022-07-12,Basic,9.99,Annual,Central,Social Media,Self-Service,30,5.5,1,6.6,0,,329.67
CUST13646,2022-03-21,Standard,19.99,Monthly,East,Social Media,Standard Support,33,12.4,0,9.1,0,,659.67
CUST13647,2023-08-01,Basic,9.99,Annual,North,Email Campaign,Priority Support,5,1.0,1,7.3,1,2023-12-29,54.95
CUST13648,2021-03-28,Standard,19.99,Monthly,East,Social Media,Standard Support,45,7.4,1,8.3,0,,899.55
CUST13649,2024-07-04,Premium,39.99,Annual,North,Paid Ads,Standard Support,6,16.4,1,6.6,0,,263.93
CUST13650,2023-11-04,Standard,19.99,Annual,Central,Organic Search,Self-Service,14,9.7,2,7.3,0,,307.85
CUST13651,2023-01-10,Basic,9.99,Annual,West,Paid Ads,Self-Service,24,7.1,0,9.5,0,,263.74
CUST13652,2022-10-03,Premium,39.99,Monthly,South,Organic Search,Standard Support,27,13.4,2,10.0,0,,1079.73
CUST13653,2021-03-18,Basic,9.99,Annual,South,Paid Ads,Self-Service,46,1.6,0,6.1,0,,505.49
CUST13654,2021-12-16,Standard,19.99,Annual,North,Email Campaign,Self-Service,20,11.5,1,4.9,1,2023-08-08,439.78
CUST13655,2023-10-22,Premium,39.99,Annual,North,Organic Search,Self-Service,14,18.6,4,7.5,0,,615.85
CUST13656,2023-05-19,Standard,19.99,Monthly,Central,Organic Search,Self-Service,1,11.3,1,7.1,1,2023-06-18,19.99
CUST13657,2022-02-08,Premium,39.99,Monthly,North,Email Campaign,Self-Service,35,10.0,3,6.7,0,,1399.65
CUST13658,2023-06-30,Basic,9.99,Annual,Central,Organic Search,Self-Service,18,8.1,2,8.2,0,,197.8
CUST13659,2022-08-23,Standard,19.99,Monthly,West,Referral,Self-Service,28,10.5,1,8.6,1,2024-12-10,559.72
CUST13660,2024-08-18,Basic,9.99,Monthly,South,Email Campaign,Self-Service,4,17.4,2,6.7,0,,39.96
CUST13661,2024-11-21,Basic,9.99,Annual,North,Organic Search,Self-Service,1,5.7,0,7.3,0,,10.99
CUST13662,2024-12-16,Standard,19.99,Monthly,East,Referral,Standard Support,1,7.2,2,6.4,1,2024-12-31,19.99
CUST13663,2024-12-13,Standard,19.99,Monthly,South,Paid Ads,Standard Support,1,7.3,2,6.6,0,,19.99
CUST13664,2024-09-16,Premium,39.99,Monthly,West,Social Media,Standard Support,2,13.5,0,8.3,1,2024-11-15,79.98
CUST13665,2023-08-08,Standard,19.99,Annual,Central,Email Campaign,Self-Service,6,18.5,2,3.2,1,2024-02-04,131.93
CUST13666,2022-09-11,Premium,39.99,Annual,Central,Referral,Standard Support,11,14.3,1,10.0,1,2023-08-07,483.88
CUST13667,2022-12-21,Basic,9.99,Annual,North,Social Media,Self-Service,24,8.3,2,6.7,0,,263.74
CUST13668,2023-11-16,Standard,19.99,Monthly,West,Paid Ads,Standard Support,12,5.8,2,6.5,1,2024-11-10,239.88
CUST13669,2024-02-21,Basic,9.99,Monthly,South,Social Media,Self-Service,10,12.2,4,2.4,0,,99.9
CUST13670,2024-04-20,Basic,9.99,Annual,South,Paid Ads,Standard Support,8,0.0,0,8.5,0,,87.91
CUST13671,2021-05-18,Premium,39.99,Annual,South,Paid Ads,Self-Service,34,19.3,2,4.7,1,2024-03-03,1495.63
CUST13672,2022-08-27,Standard,19.99,Monthly,Central,Social Media,Standard Support,28,8.3,0,9.2,0,,559.72
CUST13673,2021-04-05,Basic,9.99,Annual,Central,Organic Search,Standard Support,45,6.1,1,8.6,0,,494.51
CUST13674,2021-12-06,Standard,19.99,Annual,East,Organic Search,Self-Service,3,8.1,1,6.6,1,2022-03-06,65.97
CUST13675,2022-11-05,Standard,19.99,Monthly,North,Paid Ads,Standard Support,26,15.6,0,7.4,0,,519.74
CUST13676,2021-09-20,Basic,9.99,Monthly,South,Referral,Standard Support,39,6.3,1,8.5,0,,389.61
CUST13677,2021-01-23,Standard,19.99,Monthly,South,Social Media,Self-Service,47,13.3,1,5.6,0,,939.53
CUST13678,2021-07-31,Basic,9.99,Monthly,South,Paid Ads,Self-Service,31,10.4,1,4.2,1,2024-02-16,309.69
CUST13679,2023-08-30,Standard,19.99,Monthly,East,Paid Ads,Priority Support,16,8.6,0,5.4,0,,319.84
CUST13680,2022-03-05,Premium,39.99,Monthly,North,Paid Ads,Priority Support,34,20.3,0,6.5,0,,1359.66
CUST13681,2021-09-12,Premium,39.99,Annual,East,Email Campaign,Standard Support,40,17.9,1,6.8,0,,1759.56
CUST13682,2022-10-18,Basic,9.99,Monthly,East,Social Media,Self-Service,25,1.3,2,7.4,1,2024-11-06,249.75
CUST13683,2022-01-05,Basic,9.99,Monthly,West,Paid Ads,Self-Service,6,5.4,2,4.3,1,2022-07-04,59.94
CUST13684,2023-09-08,Basic,9.99,Monthly,East,Paid Ads,Standard Support,16,0.0,1,7.9,0,,159.84
CUST13685,2021-01-19,Premium,39.99,Monthly,East,Referral,Standard Support,48,4.0,1,6.6,0,,1919.52
CUST13686,2023-08-29,Premium,39.99,Annual,North,Paid Ads,Self-Service,2,21.2,2,5.1,1,2023-10-28,87.98
CUST13687,2021-10-21,Premium,39.99,Monthly,South,Social Media,Standard Support,38,17.3,0,8.8,0,,1519.62
CUST13688,2021-03-28,Basic,9.99,Monthly,North,Social Media,Standard Support,45,6.5,1,6.9,0,,449.55
CUST13689,2021-12-22,Basic,9.99,Monthly,West,Paid Ads,Self-Service,36,14.6,2,4.3,0,,359.64
CUST13690,2023-09-06,Basic,9.99,Monthly,West,Organic Search,Self-Service,16,4.4,0,6.5,0,,159.84
CUST13691,2022-05-06,Basic,9.99,Annual,East,Organic Search,Priority Support,32,7.0,1,7.8,0,,351.65
CUST13692,2021-01-26,Basic,9.99,Monthly,West,Email Campaign,Self-Service,47,9.2,1,8.6,0,,469.53
CUST13693,2021-04-11,Basic,9.99,Monthly,East,Social Media,Self-Service,45,3.7,1,5.2,0,,449.55
CUST13694,2022-08-12,Basic,9.99,Monthly,West,Email Campaign,Standard Support,11,4.5,1,7.2,1,2023-07-08,109.89
CUST13695,2024-10-20,Standard,19.99,Annual,North,Social Media,Standard Support,2,10.3,1,9.0,0,,43.98
CUST13696,2021-11-15,Premium,39.99,Monthly,Central,Referral,Standard Support,30,21.7,1,6.0,1,2024-05-03,1199.7
CUST13697,2022-07-12,Premium,39.99,Monthly,NORTH,Social Media,Self-Service,10,17.4,0,7.8,1,2023-05-08,399.9
CUST13698,2024-04-03,Standard,19.99,Monthly,South,Paid Ads,Standard Support,9,14.1,0,5.6,0,,179.91
CUST13699,2022-06-07,Standard,19.99,Annual,South,Social Media,Standard Support,31,9.7,0,8.3,0,,681.66
CUST13700,2023-12-09,Premium,39.99,Monthly,South,Organic Search,Self-Service,12,14.4,0,5.6,0,,479.88
CUST13701,2023-02-01,Standard,19.99,Monthly,Central,Social Media,Self-Service,23,6.6,2,6.0,0,,459.77
CUST13702,2023-11-24,Premium,39.99,Monthly,South,Referral,Self-Service,11,13.9,3,4.7,1,2024-10-19,439.89
CUST13703,2021-01-31,Premium,39.99,Monthly,South,Organic Search,Standard Support,47,9.4,0,6.5,0,,1879.53
CUST13704,2021-05-25,Basic,9.99,Monthly,Central,Paid Ads,Priority Support,43,9.8,0,8.9,0,,429.57
CUST13705,2024-07-31,Premium,39.99,Annual,South,Referral,Standard Support,5,15.1,1,6.1,0,,219.95
CUST13706,2024-10-31,Premium,39.99,Annual,South,Organic Search,Self-Service,2,17.7,2,4.0,0,,87.98
CUST13707,2021-05-16,Premium,39.99,Annual,North,Social Media,Self-Service,44,23.3,2,5.7,0,,1935.52
CUST13708,2023-07-01,Premium,39.99,Monthly,West,Email Campaign,Self-Service,18,18.8,2,5.0,0,,719.82
CUST13709,2023-05-02,Standard,19.99,Monthly,West,Paid Ads,Self-Service,18,12.6,2,8.7,1,2024-10-23,359.82
CUST13710,2022-07-21,Basic,9.99,Monthly,East,Social Media,Self-Service,24,3.5,1,7.8,1,2024-07-10,239.76
CUST13711,2022-12-29,Basic,9.99,Monthly,Central,Paid Ads,Self-Service,4,0.8,1,5.4,1,2023-04-28,39.96
CUST13712,2024-03-27,Premium,39.99,Monthly,Central,Social Media,Self-Service,9,7.4,0,6.8,0,,359.91
CUST13713,2023-09-25,Basic,9.99,Annual,North,Organic Search,Self-Service,15,0.2,4,5.9,1,2024-12-18,164.84
CUST13714,2023-08-19,Basic,9.99,Annual,East,Organic Search,Standard Support,16,7.7,1,9.7,0,,175.82
CUST13715,2022-11-22,Basic,9.99,Monthly,North,Paid Ads,Self-Service,25,7.3,2,7.1,0,,249.75
CUST13716,2024-02-12,Basic,9.99,Monthly,West,Social Media,Self-Service,4,6.2,4,4.9,1,2024-06-11,39.96
CUST13717,2021-10-27,Basic,9.99,Monthly,South,Paid Ads,Self-Service,29,10.3,3,6.1,1,2024-03-15,289.71
CUST13718,2021-09-11,Basic,9.99,Annual,East,Organic Search,Self-Service,21,7.9,1,4.8,1,2023-06-03,230.77
CUST13719,2023-09-25,Basic,9.99,Monthly,South,Paid Ads,Priority Support,7,5.5,0,8.0,1,2024-04-22,69.93
CUST13720,2022-03-05,Standard,19.99,Monthly,Central,Organic Search,Standard Support,34,15.9,1,9.2,0,,679.66
CUST13721,2023-04-21,Basic,9.99,Monthly,North,Organic Search,Self-Service,20,10.9,0,7.0,0,,199.8
CUST13722,2022-01-16,Standard,19.99,Monthly,Central,Referral,Standard Support,17,7.3,2,10.0,1,2023-06-10,339.83
CUST13723,2021-12-13,Standard,19.99,Annual,West,Paid Ads,Priority Support,37,6.0,0,8.7,0,,813.59
CUST13724,2023-04-27,Standard,19.99,Monthly,South,Organic Search,Standard Support,20,6.6,0,8.2,0,,399.8
CUST13725,2022-07-03,Standard,19.99,Monthly,Central,Social Media,Priority Support,30,16.2,0,5.8,0,,599.7
CUST13726,2022-03-30,Basic,9.99,Monthly,North,Social Media,Priority Support,33,10.0,0,9.5,0,,329.67
CUST13727,2021-03-21,Basic,9.99,Monthly,Central,Organic Search,Self-Service,46,1.4,1,5.2,0,,459.54
CUST13728,2024-12-13,Standard,19.99,Monthly,South,Organic Search,Self-Service,1,16.9,0,7.9,0,,19.99
CUST13729,2023-11-03,Standard,19.99,Annual,North,Organic Search,Standard Support,14,11.7,1,8.9,0,,307.85
CUST13730,2022-02-27,Basic,9.99,Monthly,South,Social Media,Self-Service,24,5.3,2,9.0,1,2024-02-17,239.76
CUST13731,2021-10-11,Basic,9.99,Monthly,South,Paid Ads,Self-Service,39,8.6,1,7.3,0,,389.61
CUST13732,2022-03-26,Basic,9.99,Monthly,West,Social Media,Priority Support,33,1.2,1,9.3,0,,329.67
CUST13733,2024-07-09,Standard,19.99,Annual,South,Social Media,Self-Service,5,12.0,0,7.6,0,,109.94
CUST13734,2023-04-17,Basic,9.99,Monthly,East,Referral,Standard Support,6,0.0,2,10.0,1,2023-10-14,59.94
CUST13735,2021-01-10,Basic,9.99,Annual,South,Organic Search,Standard Support,48,9.4,0,9.4,0,,527.47
CUST13736,2022-12-09,Basic,9.99,Annual,West,Organic Search,Self-Service,10,11.8,1,8.0,1,2023-10-05,109.89
CUST13737,2024-09-03,Basic,9.99,Monthly,West,Paid Ads,Standard Support,3,5.0,1,6.5,0,,29.97
CUST13738,2021-12-10,Standard,19.99,Monthly,South,Paid Ads,Self-Service,37,7.6,1,9.4,0,,739.63
CUST13739,2022-06-19,Basic,9.99,Monthly,Central,Social Media,Self-Service,24,1.2,2,7.8,1,2024-06-08,239.76
CUST13740,2023-02-09,Standard,19.99,Monthly,East,Paid Ads,Self-Service,23,9.2,3,8.1,0,,459.77
CUST13741,2021-02-07,Standard,19.99,Monthly,Central,Organic Search,Priority Support,47,11.6,0,2.8,0,,939.53
CUST13742,2024-07-11,Standard,19.99,Annual,East,Organic Search,Standard Support,5,11.0,1,9.4,0,,109.94
CUST13743,2021-08-09,Standard,19.99,Monthly,Central,Paid Ads,Self-Service,41,1.2,5,7.3,0,,819.59
CUST13744,2021-03-16,Premium,39.99,Monthly,South,Referral,Self-Service,46,22.8,0,6.8,0,,1839.54
CUST13745,2023-08-07,Basic,9.99,Monthly,North,Social Media,Self-Service,17,4.0,2,8.7,0,,169.83
CUST13746,2024-06-11,Basic,9.99,Monthly,Central,Social Media,Standard Support,6,7.2,2,8.6,0,,59.94
CUST13747,2021-02-14,Standard,19.99,Monthly,North,Paid Ads,Standard Support,47,15.7,1,9.1,0,,939.53
CUST13748,2021-11-05,Basic,9.99,Annual,East,Referral,Self-Service,38,11.0,0,7.9,0,,417.58
CUST13749,2024-05-13,Standard,19.99,Monthly,West,Organic Search,Priority Support,7,7.4,0,5.1,0,,139.93
CUST13750,2023-04-02,Basic,9.99,Annual,South,Organic Search,Standard Support,21,8.1,2,10.0,0,,230.77
CUST13751,2024-09-05,Basic,9.99,Annual,South,Paid Ads,Standard Support,3,4.9,0,7.1,0,,32.97
CUST13752,2023-02-15,Premium,39.99,Annual,East,Paid Ads,Standard Support,22,19.3,1,9.2,0,,967.76
CUST13753,2022-08-07,Basic,9.99,Monthly,West,Paid Ads,Self-Service,29,6.5,0,6.7,0,,289.71
CUST13754,2021-11-05,Standard,19.99,Monthly,South,Organic Search,Standard Support,38,9.2,0,8.1,0,,759.62
CUST13755,2021-10-02,Premium,39.99,Annual,Central,Email Campaign,Self-Service,39,14.7,2,7.2,0,,1715.57
CUST13756,2022-03-05,Standard,19.99,Annual,South,Paid Ads,Standard Support,34,13.4,0,7.7,0,,747.63
CUST13757,2022-10-12,Basic,9.99,Annual,North,Referral,Self-Service,27,5.5,2,4.5,0,,296.7
CUST13758,2023-11-22,Basic,9.99,Annual,West,Social Media,Priority Support,13,5.5,1,7.6,0,,142.86
CUST13759,2021-11-15,Basic,9.99,Monthly,West,Referral,Self-Service,24,3.7,1,5.2,1,2023-11-05,239.76
CUST13760,2024-09-07,Premium,39.99,Monthly,South,Organic Search,Standard Support,3,13.4,1,7.6,0,,119.97
CUST13761,2021-07-12,Premium,39.99,Monthly,Central,Social Media,Priority Support,42,21.3,0,6.7,0,,1679.58
CUST13762,2022-02-16,Basic,9.99,Monthly,West,Organic Search,Standard Support,34,1.7,1,8.5,0,,339.66
CUST13763,2022-02-19,Standard,19.99,Monthly,West,Email Campaign,Priority Support,34,7.5,0,7.9,0,,679.66
CUST13764,2023-07-27,Basic,9.99,Annual,Central,Referral,Self-Service,17,2.5,1,8.5,0,,186.81
CUST13765,2021-03-03,Standard,19.99,Monthly,East,Paid Ads,Priority Support,46,8.8,0,7.8,0,,919.54
CUST13766,2023-12-01,Basic,9.99,Annual,West,Referral,Self-Service,13,4.5,2,6.7,0,,142.86
CUST13767,2024-12-24,Basic,9.99,Monthly,East,Organic Search,Priority Support,1,0.0,0,7.4,0,,9.99
CUST13768,2021-05-24,Basic,9.99,Annual,West,Paid Ads,Priority Support,43,9.1,0,7.1,0,,472.53
CUST13769,2024-09-09,Basic,9.99,Monthly,East,Social Media,Priority Support,3,12.2,1,6.9,0,,29.97
CUST13770,2023-06-05,Basic,9.99,Monthly,East,Organic Search,Standard Support,19,8.3,3,9.0,0,,189.81
CUST13771,2023-05-18,Premium,39.99,Monthly,North,Social Media,Self-Service,11,22.1,0,6.1,1,2024-04-12,439.89
CUST13772,2023-10-27,Standard,19.99,Monthly,North,Organic Search,Priority Support,14,11.2,0,4.0,0,,279.86
CUST13773,2021-05-30,Standard,19.99,Monthly,South,Paid Ads,Standard Support,43,14.1,1,8.0,0,,859.57
CUST13774,2023-12-29,Basic,9.99,Monthly,South,Paid Ads,Self-Service,12,9.2,2,3.1,1,2024-12-23,119.88
CUST13775,2023-05-19,Standard,19.99,Monthly,West,Referral,Self-Service,5,10.1,1,6.2,1,2023-10-16,99.95
CUST13776,2023-12-12,Standard,19.99,Monthly,South,Social Media,Priority Support,12,17.4,0,7.3,0,,239.88
CUST13777,2023-10-12,Standard,19.99,Annual,South,Email Campaign,Priority Support,14,5.9,0,5.1,0,,307.85
CUST13778,2021-09-06,Basic,9.99,Monthly,East,Paid Ads,Self-Service,18,0.3,1,6.1,1,2023-02-28,179.82
CUST13779,2023-10-16,Standard,19.99,Monthly,North,Paid Ads,Standard Support,14,4.6,0,8.1,0,,279.86
CUST13780,2021-10-18,Standard,19.99,Monthly,South,Organic Search,Self-Service,28,14.5,2,3.1,1,2024-02-05,559.72
CUST13781,2023-05-27,Standard,19.99,Monthly,West,Referral,Standard Support,14,13.3,1,4.7,1,2024-07-20,279.86
CUST13782,2024-07-20,Basic,9.99,Monthly,Central,Organic Search,Self-Service,5,4.2,3,6.7,0,,49.95
CUST13783,2022-03-13,Standard,19.99,Annual,East,Social Media,Self-Service,34,5.7,2,7.3,0,,747.63
CUST13784,2024-10-25,Standard,19.99,Monthly,Central,Email Campaign,Self-Service,2,6.2,2,7.1,0,,39.98
CUST13785,2021-11-17,Basic,9.99,Monthly,East,Email Campaign,Self-Service,2,6.4,4,5.6,1,2022-01-16,19.98
CUST13786,2024-03-01,Premium,39.99,Annual,South,Referral,Priority Support,10,17.0,0,8.5,0,,439.89
CUST13787,2024-11-26,Standard,19.99,Monthly,Central,Social Media,Self-Service,1,11.3,3,5.8,0,,19.99
CUST13788,2024-07-16,Standard,19.99,Annual,West,Referral,Self-Service,5,7.4,1,8.2,0,,109.94
CUST13789,2023-02-22,Basic,9.99,Monthly,South,Paid Ads,Priority Support,22,7.2,0,8.9,0,,219.78
CUST13790,2021-07-30,Basic,9.99,Annual,East,Social Media,Standard Support,41,2.2,0,6.2,0,,450.55
CUST13791,2022-07-22,Basic,9.99,Monthly,North,Referral,Priority Support,29,0.6,0,6.5,0,,289.71
CUST13792,2022-11-05,Standard,19.99,Monthly,South,Paid Ads,Priority Support,26,11.7,1,9.0,0,,519.74
CUST13793,2023-01-12,Premium,39.99,Annual,East,Paid Ads,Self-Service,23,18.1,1,8.2,0,,1011.75
CUST13794,2022-03-17,Premium,39.99,Annual,Central,Email Campaign,Self-Service,34,18.6,1,8.5,0,,1495.63
CUST13795,2022-04-21,Standard,19.99,Annual,East,Paid Ads,Standard Support,32,16.9,0,5.7,0,,703.65
CUST13796,2023-12-30,Standard,19.99,Monthly,East,Organic Search,Priority Support,12,9.0,0,6.5,0,,239.88
CUST13797,2021-12-14,Standard,19.99,Annual,Central,Referral,Self-Service,37,10.8,1,6.5,0,,813.59
CUST13798,2022-08-23,Basic,9.99,Monthly,North,Social Media,Priority Support,26,11.6,0,6.2,1,2024-10-11,259.74
CUST13799,2023-01-04,Basic,9.99,Annual,West,Email Campaign,Self-Service,24,7.3,3,5.1,0,,263.74
CUST13800,2021-12-10,Standard,19.99,Annual,Central,Social Media,Standard Support,37,9.3,0,4.7,0,,813.59
CUST13801,2022-01-11,Premium,39.99,Monthly,Central,Organic Search,Priority Support,36,22.7,0,6.6,0,,1439.64
CUST13802,2022-08-18,Standard,19.99,Monthly,Central,Paid Ads,Self-Service,28,11.1,1,6.9,0,,559.72
CUST13803,2021-11-11,Standard,19.99,Annual,Central,Social Media,Standard Support,38,17.1,0,7.9,0,,835.58
CUST13804,2024-04-04,Basic,9.99,Monthly,North,Paid Ads,Standard Support,9,6.1,0,10.0,0,,89.91
CUST13805,2021-02-10,Standard,19.99,Monthly,North,Organic Search,Self-Service,47,8.9,1,6.1,0,,939.53
CUST13806,2021-11-12,Basic,9.99,Monthly,East,Referral,Standard Support,38,11.6,1,5.5,0,,379.62
CUST13807,2024-01-01,Premium,39.99,Monthly,Central,Paid Ads,Priority Support,12,17.9,1,8.1,0,,479.88
CUST13808,2023-06-19,Basic,9.99,Monthly,North,Social Media,Priority Support,18,6.6,0,9.0,0,,179.82
CUST13809,2022-03-17,Premium,39.99,Monthly,East,Paid Ads,Standard Support,34,24.0,0,9.1,0,,1359.66
CUST13810,2021-03-18,Basic,9.99,Monthly,North,Paid Ads,Self-Service,46,4.6,0,3.5,0,,459.54
CUST13811,2024-10-28,Standard,19.99,Monthly,East,Organic Search,Self-Service,2,12.0,1,6.5,0,,39.98
CUST13812,2021-09-28,Basic,9.99,Monthly,South,Paid Ads,Standard Support,39,8.9,0,4.5,0,,389.61
CUST13813,2022-09-01,Standard,19.99,Monthly,South,Referral,Standard Support,28,7.1,1,6.6,0,,559.72
CUST13814,2024-05-20,Standard,19.99,Monthly,West,Organic Search,Self-Service,7,10.2,3,6.4,0,,139.93
CUST13815,2022-04-23,Basic,9.99,Monthly,North,Paid Ads,Self-Service,30,14.3,3,8.0,1,2024-10-09,299.7
CUST13816,2023-07-31,Standard,19.99,Annual,East,Paid Ads,Self-Service,3,16.2,4,1.8,1,2023-10-29,65.97
CUST13817,2022-10-22,Basic,9.99,Monthly,West,Referral,Self-Service,26,9.2,4,5.1,0,,259.74
CUST13818,2021-05-10,Standard,19.99,Annual,East,Organic Search,Priority Support,44,4.5,0,6.0,0,,967.52
CUST13819,2024-11-28,Basic,9.99,Monthly,East,Referral,Standard Support,1,11.9,0,7.4,1,2024-12-28,9.99
CUST13820,2024-12-30,Premium,39.99,Monthly,South,Paid Ads,Self-Service,1,18.7,1,6.1,1,2024-12-31,39.99
CUST13821,2021-01-11,Premium,39.99,Annual,West,Email Campaign,Self-Service,48,19.4,0,8.4,0,,2111.47
CUST13822,2023-01-16,Premium,39.99,Monthly,North,Referral,Self-Service,23,17.9,0,5.3,0,,919.77
CUST13823,2024-06-07,Basic,9.99,Monthly,North,Referral,Standard Support,1,2.7,2,7.1,1,2024-07-07,9.99
CUST13824,2024-07-23,Basic,9.99,Monthly,West,Social Media,Self-Service,1,5.5,2,6.1,1,2024-08-22,9.99
CUST13825,2022-08-23,Premium,39.99,Annual,North,Social Media,Standard Support,27,7.3,3,6.6,1,2024-11-10,1187.7
CUST13826,2023-05-07,Premium,39.99,Monthly,North,Organic Search,Self-Service,20,19.4,3,6.2,0,,799.8
CUST13827,2022-12-20,Standard,19.99,Monthly,North,Email Campaign,Self-Service,24,13.7,0,5.2,0,,479.76
CUST13828,2023-10-09,Basic,9.99,Monthly,East,Organic Search,Self-Service,10,5.7,1,8.2,1,2024-08-04,99.9
CUST13829,2021-08-27,Basic,9.99,Monthly,East,Organic Search,Standard Support,21,9.5,1,6.8,1,2023-05-19,209.79
CUST13830,2023-12-14,Standard,19.99,Monthly,North,Social Media,Priority Support,12,3.3,3,8.5,0,,239.88
CUST13831,2021-07-19,Standard,19.99,Monthly,Central,Organic Search,Self-Service,42,10.6,0,7.8,0,,839.58
CUST13832,2022-03-17,Standard,19.99,Annual,South,Referral,Priority Support,34,5.5,0,7.7,0,,747.63
CUST13833,2021-07-06,Basic,9.99,Monthly,Central,Referral,Self-Service,41,7.2,2,3.5,1,2024-11-17,409.59
CUST13834,2023-03-03,Premium,39.99,Monthly,West,Paid Ads,Standard Support,22,16.8,2,8.2,0,,879.78
CUST13835,2021-04-23,Standard,19.99,Monthly,Central,Paid Ads,Priority Support,16,16.2,0,7.4,1,2022-08-16,319.84
CUST13836,2021-01-22,Basic,9.99,Monthly,North,Organic Search,Standard Support,9,2.0,1,6.7,1,2021-10-19,89.91
CUST13837,2022-10-05,Premium,39.99,Monthly,North,Email Campaign,Self-Service,25,10.0,4,6.6,1,2024-10-24,999.75
CUST13838,2023-08-07,Basic,9.99,Annual,North,Paid Ads,Self-Service,17,2.1,1,6.6,0,,186.81
CUST13839,2022-06-13,Basic,9.99,Monthly,Central,Social Media,Self-Service,31,10.3,0,6.5,0,,309.69
CUST13840,2024-09-24,Standard,19.99,Monthly,East,Organic Search,Self-Service,3,10.6,2,6.0,0,,59.97
CUST13841,2021-05-13,Premium,39.99,Monthly,North,Social Media,Standard Support,44,14.9,0,7.1,0,,1759.56
CUST13842,2022-10-31,Premium,39.99,Monthly,South,Organic Search,Self-Service,3,11.7,1,5.5,1,2023-01-29,119.97
CUST13843,2022-03-30,Premium,39.99,Monthly,South,Email Campaign,Priority Support,33,26.0,0,6.2,0,,1319.67
CUST13844,2023-01-30,Basic,9.99,Annual,Central,Social Media,Self-Service,23,7.3,1,8.4,0,,252.75
CUST13845,2022-01-13,Standard,19.99,Annual,South,Social Media,Priority Support,36,17.8,0,8.9,0,,791.6
CUST13846,2021-10-21,Basic,9.99,Monthly,Central,Social Media,Standard Support,33,0.0,1,8.7,1,2024-07-07,329.67
CUST13847,2022-08-23,Standard,19.99,Monthly,South,Paid Ads,Standard Support,28,7.2,0,7.2,0,,559.72
CUST13848,2021-03-11,Standard,19.99,Monthly,North,Referral,Priority Support,46,14.4,0,6.0,0,,919.54
CUST13849,2024-11-01,Standard,19.99,Monthly,Central,Paid Ads,Priority Support,2,2.0,1,6.0,0,,39.98
CUST13850,2022-06-14,Standard,19.99,Monthly,West,Referral,Self-Service,31,14.1,2,4.6,0,,619.69
CUST13851,2023-06-03,Premium,39.99,Monthly,South,Email Campaign,Self-Service,19,11.8,1,5.8,0,,759.81
CUST13852,2021-08-02,Standard,19.99,Monthly,West,Paid Ads,Self-Service,39,7.7,0,6.7,1,2024-10-15,779.61
CUST13853,2023-09-17,Premium,39.99,Annual,South,Referral,Self-Service,7,14.1,0,4.7,1,2024-04-14,307.92
CUST13854,2024-08-06,Basic,9.99,Monthly,Central,Referral,Priority Support,2,3.9,1,10.0,1,2024-10-05,19.98
CUST13855,2023-09-12,Basic,9.99,Annual,Central,Email Campaign,Priority Support,15,8.7,1,9.5,0,,164.84
CUST13856,2022-11-16,Standard,19.99,Monthly,North,Social Media,Self-Service,15,13.0,1,8.6,1,2024-02-09,299.85
CUST13857,2024-05-17,Basic,9.99,Monthly,South,Paid Ads,Standard Support,7,13.9,1,7.2,0,,69.93
CUST13858,2024-01-27,Basic,9.99,Monthly,East,Social Media,Standard Support,2,2.8,2,6.9,1,2024-03-27,19.98
CUST13859,2024-06-16,Standard,19.99,Monthly,South,Email Campaign,Self-Service,3,10.9,1,5.2,1,2024-09-14,59.97
CUST13860,2024-01-06,Basic,9.99,Monthly,Central,Paid Ads,Priority Support,4,4.9,0,6.7,1,2024-05-05,39.96
CUST13861,2021-05-13,Basic,9.99,Monthly,West,Email Campaign,Self-Service,44,9.0,0,5.0,0,,439.56
CUST13862,2021-04-12,Basic,9.99,Annual,North,Social Media,Priority Support,45,5.8,0,9.3,0,,494.51
CUST13863,2021-01-19,Premium,39.99,Monthly,West,Organic Search,Self-Service,7,17.3,3,7.2,1,2021-08-17,279.93
CUST13864,2021-10-25,Standard,19.99,Monthly,North,Social Media,Self-Service,38,20.6,2,5.0,0,,759.62
CUST13865,2021-04-28,Basic,9.99,Monthly,Central,Referral,Self-Service,22,10.0,4,5.0,1,2023-02-17,219.78
CUST13866,2022-10-08,Premium,39.99,Annual,East,Paid Ads,Self-Service,27,20.2,2,8.8,0,,1187.7
CUST13867,2023-09-01,Basic,9.99,Monthly,Central,Paid Ads,Standard Support,16,3.6,0,6.0,0,,159.84
CUST13868,2023-02-24,Standard,19.99,Monthly,South,Email Campaign,Standard Support,22,15.3,0,8.2,0,,439.78
CUST13869,2022-03-13,Basic,9.99,Monthly,West,Email Campaign,Self-Service,34,5.5,1,6.0,0,,339.66
CUST13870,2022-11-05,Basic,9.99,Annual,North,Organic Search,Self-Service,6,0.0,2,5.1,1,2023-05-04,65.93
CUST13871,2021-12-25,Basic,9.99,Monthly,South,Paid Ads,Standard Support,36,7.0,1,6.3,0,,359.64
CUST13872,2022-12-12,Basic,9.99,Annual,Central,Social Media,Self-Service,25,10.6,2,8.2,0,,274.73
CUST13873,2023-03-21,Standard,19.99,Monthly,South,Organic Search,Standard Support,21,7.4,1,8.9,0,,419.79
CUST13874,2022-05-15,Standard,19.99,Monthly,Central,Email Campaign,Standard Support,32,12.5,1,8.0,0,,639.68
CUST13875,2022-09-19,Premium,39.99,Annual,South,Email Campaign,Standard Support,27,11.3,1,5.6,0,,1187.7
CUST13876,2023-06-28,Standard,19.99,Monthly,South,Email Campaign,Self-Service,18,11.9,1,5.2,0,,359.82
CUST13877,2024-03-16,Standard,19.99,Monthly,North,Social Media,Self-Service,9,5.0,4,5.5,0,,179.91
CUST13878,2024-07-14,Basic,9.99,Monthly,Central,Paid Ads,Self-Service,5,9.5,0,7.9,0,,49.95
CUST13879,2021-12-13,Premium,39.99,Annual,Central,Paid Ads,Self-Service,7,24.5,4,3.7,1,2022-07-11,307.92
CUST13880,2023-09-28,Basic,9.99,Annual,East,Social Media,Self-Service,15,10.8,1,6.8,0,,164.84
CUST13881,2021-08-25,Basic,9.99,Monthly,East,Email Campaign,Standard Support,40,10.9,0,7.4,0,,399.6
CUST13882,2024-09-30,Premium,39.99,Monthly,North,Organic Search,Self-Service,3,20.7,0,8.1,0,,119.97
CUST13883,2021-12-25,Basic,9.99,Monthly,North,Organic Search,Standard Support,36,3.2,1,9.1,0,,359.64
CUST13884,2023-09-04,Premium,39.99,Monthly,East,Referral,Self-Service,16,13.8,1,7.2,0,,639.84
CUST13885,2021-12-31,Basic,9.99,Monthly,East,Referral,Standard Support,36,3.5,0,7.8,0,,359.64
CUST13886,2023-06-21,Basic,9.99,Monthly,East,Referral,Priority Support,18,10.6,0,4.6,0,,179.82
CUST13887,2023-06-16,Standard,19.99,Monthly,North,Social Media,Priority Support,18,11.4,0,10.0,0,,359.82
CUST13888,2022-10-22,Basic,9.99,Annual,South,Email Campaign,Standard Support,26,10.9,0,7.5,0,,285.71
CUST13889,2021-05-21,Basic,9.99,Monthly,East,Referral,Priority Support,44,12.0,0,9.6,0,,439.56
CUST13890,2023-01-11,Standard,19.99,Monthly,Central,Organic Search,Self-Service,9,6.4,2,6.5,1,2023-10-08,179.91
CUST13891,2021-03-31,Basic,9.99,Annual,West,Social Media,Self-Service,22,7.7,2,5.1,1,2023-01-20,241.76
CUST13892,2021-05-09,Premium,39.99,Annual,North,Paid Ads,Priority Support,44,13.6,0,6.1,0,,1935.52
CUST13893,2023-07-04,Standard,19.99,Monthly,West,Social Media,Self-Service,12,13.6,2,8.0,1,2024-06-28,239.88
CUST13894,2021-08-01,Basic,9.99,Monthly,East,Organic Search,Priority Support,41,8.5,0,8.3,0,,409.59
CUST13895,2024-02-28,Standard,19.99,Monthly,North,Social Media,Self-Service,10,14.7,0,6.0,0,,199.9
CUST13896,2022-04-28,Standard,19.99,Monthly,West,Paid Ads,Self-Service,32,9.5,0,7.6,0,,639.68
CUST13897,2024-04-26,Basic,9.99,Monthly,North,Organic Search,Priority Support,8,12.3,1,10.0,0,,79.92
CUST13898,2023-03-29,Basic,9.99,Monthly,South,Paid Ads,Standard Support,21,7.7,0,8.5,0,,209.79
CUST13899,2022-06-24,Standard,19.99,Monthly,Central,Referral,Standard Support,17,9.8,4,9.4,1,2023-11-16,339.83
CUST13900,2023-12-07,Basic,9.99,Monthly,South,Social Media,Self-Service,13,9.5,2,6.7,0,,129.87
CUST13901,2021-07-28,Basic,9.99,Monthly,North,Organic Search,Self-Service,15,5.2,1,5.7,1,2022-10-21,149.85
CUST13902,2021-07-18,Premium,39.99,Annual,West,Email Campaign,Self-Service,14,22.1,3,6.4,1,2022-09-11,615.85
CUST13903,2024-01-29,Basic,9.99,Monthly,East,Email Campaign,Standard Support,11,5.8,0,4.6,1,2024-12-24,109.89
CUST13904,2021-06-19,Standard,19.99,Annual,West,Referral,Priority Support,43,9.7,3,8.0,0,,945.53
CUST13905,2022-01-16,Standard,19.99,Annual,East,Organic Search,Self-Service,36,12.1,4,8.4,0,,791.6
CUST13906,2024-03-05,Basic,9.99,Monthly,South,Organic Search,Self-Service,10,17.7,1,8.5,0,,99.9
CUST13907,2021-11-04,Standard,19.99,Monthly,Central,Social Media,Standard Support,38,6.9,2,9.7,0,,759.62
CUST13908,2024-01-07,Basic,9.99,Monthly,South,Social Media,Self-Service,11,5.2,1,6.2,0,,109.89
CUST13909,2024-01-28,Premium,39.99,Monthly,North,Email Campaign,Standard Support,11,13.2,1,8.2,0,,439.89
CUST13910,2023-09-14,Basic,9.99,Annual,Central,Social Media,Self-Service,15,7.3,1,7.0,0,,164.84
CUST13911,2024-01-10,Basic,9.99,Annual,East,Paid Ads,Self-Service,11,9.5,1,7.8,0,,120.88
CUST13912,2021-01-27,Basic,9.99,Monthly,North,Referral,Standard Support,47,2.0,1,7.5,0,,469.53
CUST13913,2022-04-10,Basic,9.99,Annual,South,Social Media,Standard Support,33,7.9,1,9.4,0,,362.64
CUST13914,2023-07-25,Basic,9.99,Annual,West,Paid Ads,Self-Service,17,5.2,0,8.2,0,,186.81
CUST13915,2021-02-19,Premium,39.99,Annual,Central,Email Campaign,Self-Service,47,9.8,0,6.8,0,,2067.48
CUST13916,2021-05-14,Basic,9.99,Monthly,Central,Paid Ads,Self-Service,44,4.1,1,6.9,0,,439.56
CUST13917,2024-07-25,Premium,39.99,Annual,North,Social Media,Self-Service,5,12.3,3,8.9,0,,219.95
CUST13918,2024-04-03,Basic,9.99,Monthly,South,Paid Ads,Self-Service,9,9.8,3,5.5,0,,89.91
CUST13919,2022-05-29,Basic,9.99,Monthly,South,Email Campaign,Priority Support,31,0.0,0,7.4,0,,309.69
CUST13920,2022-02-21,Basic,9.99,Monthly,Central,Referral,Self-Service,34,1.9,1,9.4,0,,339.66
CUST13921,2022-10-04,Premium,39.99,Monthly,South,Organic Search,Standard Support,27,14.3,1,8.1,0,,1079.73
CUST13922,2022-12-28,Standard,19.99,Monthly,West,Paid Ads,Self-Service,24,15.1,1,7.9,0,,479.76
CUST13923,2023-04-07,Standard,19.99,Monthly,Central,Referral,Standard Support,21,10.2,1,6.1,0,,419.79
CUST13924,2021-01-17,Basic,9.99,Monthly,South,Social Media,Self-Service,48,8.3,0,7.3,0,,479.52
CUST13925,2022-01-26,Basic,9.99,Monthly,West,Referral,Priority Support,14,4.1,0,5.2,1,2023-03-22,139.86
CUST13926,2023-01-28,Premium,39.99,Monthly,East,Referral,Standard Support,23,9.5,0,6.2,0,,919.77
CUST13927,2022-06-23,Standard,19.99,Monthly,West,Organic Search,Self-Service,28,6.9,1,6.7,1,2024-10-10,559.72
CUST13928,2024-01-18,Standard,19.99,Annual,Central,Referral,Self-Service,11,16.5,1,8.8,0,,241.88
CUST13929,2022-07-12,Basic,9.99,Monthly,North,Email Campaign,Standard Support,15,5.0,1,6.6,1,2023-10-05,149.85
CUST13930,2024-06-24,Premium,39.99,Monthly,South,Organic Search,Standard Support,6,9.9,0,9.5,0,,239.94
CUST13931,2024-12-16,Standard,19.99,Annual,North,Referral,Self-Service,1,7.5,0,4.7,0,,21.99
CUST13932,2023-05-05,Basic,9.99,Monthly,East,Social Media,Self-Service,20,6.0,1,3.9,0,,199.8
CUST13933,2022-06-17,Basic,9.99,Annual,West,Organic Search,Self-Service,30,3.2,3,8.8,0,,329.67
CUST13934,2024-09-05,Basic,9.99,Monthly,East,Paid Ads,Standard Support,3,5.1,0,9.0,0,,29.97
CUST13935,2021-11-02,Standard,19.99,Monthly,West,Organic Search,Standard Support,38,13.1,0,6.0,0,,759.62
CUST13936,2024-11-14,Basic,9.99,Monthly,West,Social Media,Priority Support,1,13.6,0,8.8,1,2024-12-14,9.99
CUST13937,2023-07-11,Basic,9.99,Annual,East,Referral,Priority Support,17,4.9,0,6.9,0,,186.81
CUST13938,2023-05-25,Standard,19.99,Monthly,South,Paid Ads,Standard Support,19,2.6,0,8.1,0,,379.81
CUST13939,2022-07-30,Standard,19.99,Monthly,West,Paid Ads,Self-Service,29,8.5,0,5.8,0,,579.71
CUST13940,2022-08-01,Premium,39.99,Monthly,Central,Paid Ads,Standard Support,29,19.5,1,7.9,0,,1159.71
CUST13941,2023-08-21,Basic,9.99,Monthly,West,Paid Ads,Standard Support,16,0.0,1,7.1,0,,159.84
CUST13942,2021-12-17,Standard,19.99,Monthly,South,Email Campaign,Priority Support,37,6.5,0,10.0,0,,739.63
CUST13943,2022-08-27,Premium,39.99,Annual,East,Organic Search,Priority Support,28,19.9,0,5.6,0,,1231.69
CUST13944,2023-10-01,Standard,19.99,Annual,North,Social Media,Self-Service,15,13.7,1,7.5,0,,329.83
CUST13945,2023-09-24,Basic,9.99,Monthly,West,Organic Search,Self-Service,15,9.9,1,8.4,0,,149.85
CUST13946,2022-10-08,Premium,39.99,Monthly,North,Organic Search,Priority Support,16,8.9,0,6.1,1,2024-01-31,639.84
CUST13947,2022-12-29,Standard,19.99,Monthly,North,Social Media,Priority Support,24,7.3,1,6.7,0,,479.76
CUST13948,2022-12-13,Basic,9.99,Monthly,North,Referral,Self-Service,5,5.0,3,8.3,1,2023-05-12,49.95
CUST13949,2021-10-08,Standard,19.99,Monthly,East,Paid Ads,Self-Service,39,14.0,1,5.0,0,,779.61
CUST13950,2021-07-26,Basic,9.99,Monthly,Central,Organic Search,Self-Service,41,6.2,0,7.0,0,,409.59
CUST13951,2023-08-24,Premium,39.99,Annual,West,Paid Ads,Standard Support,16,17.1,3,9.4,0,,703.82
CUST13952,2022-01-03,Standard,19.99,Monthly,West,Organic Search,Self-Service,6,16.0,2,8.3,1,2022-07-02,119.94
CUST13953,2023-09-10,Basic,9.99,Annual,West,Organic Search,Self-Service,14,2.6,3,6.6,1,2024-11-03,153.85
CUST13954,2024-08-06,Basic,9.99,Monthly,East,Organic Search,Self-Service,4,7.9,2,6.1,1,2024-12-04,39.96
CUST13955,2024-07-03,Basic,9.99,Monthly,West,Email Campaign,Standard Support,6,2.9,2,6.5,0,,59.94
CUST13956,2024-07-25,Premium,39.99,Annual,North,Paid Ads,Standard Support,5,19.4,0,6.3,0,,219.95
CUST13957,2021-07-29,Basic,9.99,Monthly,South,Paid Ads,Self-Service,41,5.7,3,9.0,0,,409.59
CUST13958,2022-07-19,Basic,9.99,Monthly,North,Social Media,Self-Service,12,8.7,0,6.7,1,2023-07-14,119.88
CUST13959,2023-04-03,Basic,9.99,Monthly,South,Email Campaign,Self-Service,16,5.7,3,6.0,1,2024-07-26,159.84
CUST13960,2022-09-28,Basic,9.99,Monthly,Central,Social Media,Priority Support,21,8.7,1,7.3,1,2024-06-19,209.79
CUST13961,2021-05-15,Basic,9.99,Monthly,Central,Organic Search,Standard Support,34,7.9,1,9.4,1,2024-02-29,339.66
CUST13962,2023-04-08,Basic,9.99,Monthly,North,Organic Search,Standard Support,20,0.0,1,5.7,1,2024-11-28,199.8
CUST13963,2021-05-02,Basic,9.99,Annual,Central,Social Media,Self-Service,44,8.1,2,4.8,0,,483.52
CUST13964,2021-04-12,Basic,9.99,Monthly,North,Referral,Self-Service,45,10.7,2,8.7,0,,449.55
CUST13965,2022-10-24,Premium,39.99,Monthly,Central,Organic Search,Priority Support,26,14.8,0,7.0,0,,1039.74
CUST13966,2023-11-26,Premium,39.99,Annual,North,Organic Search,Standard Support,2,13.1,1,3.8,1,2024-01-25,87.98
CUST13967,2023-08-29,Standard,19.99,Monthly,West,Referral,Self-Service,16,8.2,0,8.5,0,,319.84
CUST13968,2023-11-23,Premium,39.99,Annual,South,Social Media,Standard Support,13,16.3,1,8.8,0,,571.86
CUST13969,2021-09-19,Standard,19.99,Annual,West,Referral,Priority Support,39,12.0,0,6.3,0,,857.57
CUST13970,2022-03-09,Premium,39.99,Monthly,West,Paid Ads,Priority Support,34,19.3,1,7.2,0,,1359.66
CUST13971,2022-11-03,Premium,39.99,Annual,North,Organic Search,Self-Service,26,19.4,1,7.3,0,,1143.71
CUST13972,2023-08-20,Standard,19.99,Monthly,South,Organic Search,Standard Support,16,9.0,0,4.7,0,,319.84
CUST13973,2023-06-15,Standard,19.99,Annual,South,Email Campaign,Standard Support,18,2.4,0,9.3,0,,395.8
CUST13974,2023-12-05,Standard,19.99,Monthly,North,Email Campaign,Self-Service,13,18.8,2,6.9,0,,259.87
CUST13975,2022-12-22,Basic,9.99,Annual,East,Social Media,Self-Service,24,2.0,2,7.0,0,,263.74
CUST13976,2023-04-26,Standard,19.99,Annual,Central,Email Campaign,Standard Support,20,8.5,1,8.6,0,,439.78
CUST13977,2024-09-23,Basic,9.99,Monthly,South,Social Media,Self-Service,1,4.5,2,6.1,1,2024-10-23,9.99
CUST13978,2023-04-02,Premium,39.99,Annual,Central,Organic Search,Self-Service,4,25.0,3,6.3,1,2023-07-31,175.96
CUST13979,2022-08-24,Basic,9.99,Monthly,East,Referral,Standard Support,28,7.5,1,7.1,0,,279.72
CUST13980,2021-06-23,Premium,39.99,Annual,West,Paid Ads,Standard Support,42,12.7,1,8.2,0,,1847.54
CUST13981,2023-01-18,Standard,19.99,Monthly,West,Email Campaign,Self-Service,11,7.1,1,8.2,1,2023-12-14,219.89
CUST13982,2021-09-19,Basic,9.99,Annual,Central,Paid Ads,Self-Service,39,6.3,1,5.1,0,,428.57
CUST13983,2024-04-07,Standard,19.99,Monthly,North,Social Media,Priority Support,8,11.4,1,5.5,0,,159.92
CUST13984,2022-11-02,Standard,19.99,Monthly,West,Referral,Self-Service,26,7.0,0,5.1,0,,519.74
CUST13985,2021-12-03,Basic,9.99,Annual,North,Referral,Self-Service,37,1.2,1,7.4,0,,406.59
CUST13986,2023-12-09,Basic,9.99,Monthly,South,Organic Search,Priority Support,9,9.1,0,6.6,1,2024-09-04,89.91
CUST13987,2022-05-09,Basic,9.99,Monthly,South,Organic Search,Standard Support,1,9.7,1,5.8,1,2022-06-08,9.99
CUST13988,2022-01-21,Basic,9.99,Monthly,South,Paid Ads,Self-Service,35,6.0,2,4.5,0,,349.65
CUST13989,2021-12-02,Standard,19.99,Annual,South,Paid Ads,Standard Support,37,6.6,0,7.9,0,,813.59
CUST13990,2021-12-21,Standard,19.99,Annual,North,Email Campaign,Self-Service,36,10.0,2,5.3,0,,791.6
CUST13991,2023-04-25,Standard,19.99,Monthly,North,Referral,Priority Support,11,7.2,1,7.3,1,2024-03-20,219.89
CUST13992,2021-06-13,Basic,9.99,Monthly,East,Referral,Priority Support,43,0.0,0,10.0,0,,429.57
CUST13993,2023-07-11,Premium,39.99,Annual,North,Paid Ads,Standard Support,17,20.3,1,8.6,0,,747.81
CUST13994,2023-12-06,Standard,19.99,Annual,North,Paid Ads,Self-Service,13,15.7,0,6.8,0,,285.86
CUST13995,2024-08-31,Basic,9.99,Monthly,West,Paid Ads,Standard Support,4,3.5,0,7.6,0,,39.96
CUST13996,2024-08-07,Standard,19.99,Monthly,North,Paid Ads,Self-Service,3,9.1,1,3.9,1,2024-11-05,59.97
CUST13997,2021-08-02,Basic,9.99,Annual,West,Referral,Standard Support,41,6.1,2,6.5,0,,450.55
CUST13998,2024-08-26,Basic,9.99,Monthly,Central,Social Media,Self-Service,4,3.4,0,7.0,1,2024-12-24,39.96
CUST13999,2021-12-28,Basic,9.99,Monthly,South,Paid Ads,Standard Support,36,6.9,1,7.0,0,,359.64
CUST13846,2021-10-21,Basic,9.99,Monthly,Central,Social Media,Standard Support,33,0.0,1,8.7,1,2024-07-07,329.67
CUST10848,2024-10-25,Basic,9.99,Monthly,South,Referral,Self-Service,2,2.1,1,4.7,0,,19.98
CUST11658,2022-10-03,Standard,19.99,Annual,South,Organic Search,Standard Support,27,12.2,0,8.4,0,,593.7
CUST13415,2021-11-17,Basic,9.99,Monthly,West,Organic Search,Priority Support,15,8.5,0,5.9,1,2023-02-10,149.85
CUST13678,2021-07-31,Basic,9.99,Monthly,South,Paid Ads,Self-Service,31,10.4,1,4.2,1,2024-02-16,309.69
CUST13088,2024-08-28,Standard,19.99,Monthly,East,Organic Search,Self-Service,2,10.6,2,4.7,1,2024-10-27,39.98
CUST10218,2021-04-08,Premium,39.99,Annual,East,Paid Ads,Self-Service,1,16.6,1,8.7,1,2021-05-08,43.99
CUST12311,2023-04-13,Standard,19.99,Monthly,East,Paid Ads,Self-Service,6,7.4,2,8.9,1,2023-10-10,119.94
